1	200	headers=0	body=0	url=https://aweme.snssdk.com/hwm/v1/wm_img?klink_egdi=AAL6F2JRRmTyRcmhfWO8fpeIax20xWdbnFyoOkbHLTA1hgY6i5yr6vS9&iid=3313280560987770&device_id=4087336283154583&ac=wifi&channel=vivo_1128_64&aid=1128&app_name=aweme&version_code=350100&version_name=35.1.0&device_platform=android&os=android&ssmix=a&device_type=Pixel+6&device_brand=google&language=zh&os_api=35&os_version=15&manifest_version_code=350101&resolution=1080*2209&dpi=420&update_version_code=35109900&_rticket=1788275962029&package=com.ss.android.ugc.aweme&mcc_mnc=46000&first_launch_timestamp=1788265682&last_deeplink_update_version_code=0&cpu_support64=true&host_abi=arm64-v8a&is_guest_mode=0&app_type=normal&minor_status=0&appTheme=light&is_preinstall=0&need_personal_recommend=1&is_android_pad=0&is_android_fold=0&ts=1788275962&cdid=3c8e225d-27e2-4294-8873-9009960e7908
2	200	headers=0	body=0	url=https://aweme.snssdk.com/hwm/v1/wm_img?klink_egdi=AAL6F2JRRmTyRcmhfWO8fpeIax20xWdbnFyoOkbHLTA1hgY6i5yr6vS9&iid=3313280560987770&device_id=4087336283154583&ac=wifi&channel=vivo_1128_64&aid=1128&app_name=aweme&version_code=350100&version_name=35.1.0&device_platform=android&os=android&ssmix=a&device_type=Pixel+6&device_brand=google&language=zh&os_api=35&os_version=15&manifest_version_code=350101&resolution=1080*2209&dpi=420&update_version_code=35109900&_rticket=1788275962029&package=com.ss.android.ugc.aweme&mcc_mnc=46000&first_launch_timestamp=1788265682&last_deeplink_update_version_code=0&cpu_support64=true&host_abi=arm64-v8a&is_guest_mode=0&app_type=normal&minor_status=0&appTheme=light&is_preinstall=0&need_personal_recommend=1&is_android_pad=0&is_android_fold=0&ts=1788275962&cdid=3c8e225d-27e2-4294-8873-9009960e7908
3	200	headers=0	body=0	url=https://aweme.snssdk.com/hwm/v1/wm_img?klink_egdi=AAL6F2JRRmTyRcmhfWO8fpeIax20xWdbnFyoOkbHLTA1hgY6i5yr6vS9&iid=3313280560987770&device_id=4087336283154583&ac=wifi&channel=vivo_1128_64&aid=1128&app_name=aweme&version_code=350100&version_name=35.1.0&device_platform=android&os=android&ssmix=a&device_type=Pixel+6&device_brand=google&language=zh&os_api=35&os_version=15&manifest_version_code=350101&resolution=1080*2209&dpi=420&update_version_code=35109900&_rticket=1788275962029&package=com.ss.android.ugc.aweme&mcc_mnc=46000&first_launch_timestamp=1788265682&last_deeplink_update_version_code=0&cpu_support64=true&host_abi=arm64-v8a&is_guest_mode=0&app_type=normal&minor_status=0&appTheme=light&is_preinstall=0&need_personal_recommend=1&is_android_pad=0&is_android_fold=0&ts=1788275962&cdid=3c8e225d-27e2-4294-8873-9009960e7908
4	200	headers=0	body=0	url=https://aweme.snssdk.com/aweme/v1/im/conversation/floating_bar/configs?klink_egdi=AAL6F2JRRmTyRcmhfWO8fpeIax20xWdbnFyoOkbHLTA1hgY6i5yr6vS9&iid=3313280560987770&device_id=4087336283154583&ac=wifi&channel=vivo_1128_64&aid=1128&app_name=aweme&version_code=350100&version_name=35.1.0&device_platform=android&os=android&ssmix=a&device_type=Pixel+6&device_brand=google&language=zh&os_api=35&os_version=15&manifest_version_code=350101&resolution=1080*2209&dpi=420&update_version_code=35109900&_rticket=1788275962003&package=com.ss.android.ugc.aweme&mcc_mnc=46000&first_launch_timestamp=1788265682&last_deeplink_update_version_code=0&cpu_support64=true&host_abi=arm64-v8a&is_guest_mode=0&app_type=normal&minor_status=0&appTheme=light&is_preinstall=0&need_personal_recommend=1&is_android_pad=0&is_android_fold=0&ts=1788275962&cdid=3c8e225d-27e2-4294-8873-9009960e7908
5	200	headers=0	body=0	url=https://aweme.snssdk.com/aweme/v1/im/conversation/floating_bar/configs?klink_egdi=AAL6F2JRRmTyRcmhfWO8fpeIax20xWdbnFyoOkbHLTA1hgY6i5yr6vS9&iid=3313280560987770&device_id=4087336283154583&ac=wifi&channel=vivo_1128_64&aid=1128&app_name=aweme&version_code=350100&version_name=35.1.0&device_platform=android&os=android&ssmix=a&device_type=Pixel+6&device_brand=google&language=zh&os_api=35&os_version=15&manifest_version_code=350101&resolution=1080*2209&dpi=420&update_version_code=35109900&_rticket=1788275962003&package=com.ss.android.ugc.aweme&mcc_mnc=46000&first_launch_timestamp=1788265682&last_deeplink_update_version_code=0&cpu_support64=true&host_abi=arm64-v8a&is_guest_mode=0&app_type=normal&minor_status=0&appTheme=light&is_preinstall=0&need_personal_recommend=1&is_android_pad=0&is_android_fold=0&ts=1788275962&cdid=3c8e225d-27e2-4294-8873-9009960e7908
6	200	headers=0	body=0	url=https://aweme.snssdk.com/aweme/v1/im/conversation/floating_bar/configs?klink_egdi=AAL6F2JRRmTyRcmhfWO8fpeIax20xWdbnFyoOkbHLTA1hgY6i5yr6vS9&iid=3313280560987770&device_id=4087336283154583&ac=wifi&channel=vivo_1128_64&aid=1128&app_name=aweme&version_code=350100&version_name=35.1.0&device_platform=android&os=android&ssmix=a&device_type=Pixel+6&device_brand=google&language=zh&os_api=35&os_version=15&manifest_version_code=350101&resolution=1080*2209&dpi=420&update_version_code=35109900&_rticket=1788275962003&package=com.ss.android.ugc.aweme&mcc_mnc=46000&first_launch_timestamp=1788265682&last_deeplink_update_version_code=0&cpu_support64=true&host_abi=arm64-v8a&is_guest_mode=0&app_type=normal&minor_status=0&appTheme=light&is_preinstall=0&need_personal_recommend=1&is_android_pad=0&is_android_fold=0&ts=1788275962&cdid=3c8e225d-27e2-4294-8873-9009960e7908
7	200	headers=11	body=1414	url=https://aweme.snssdk.com/service/2/app_log/?version_code=350100&device_platform=android&device_id=4087336283154583&aid=1128&iid=3313280560987770&tt_data=a
8	200	headers=9	body=2102	url=https://aweme.snssdk.com/service/2/app_log/?version_code=350100&device_platform=android&device_id=4087336283154583&aid=1128&iid=3313280560987770&tt_data=a
9	200	headers=2	body=0	url=https://lf6-font-sign.bytehwm.com/eesecsvc/v5p/1.2/1/ab34fef4da9d414c85da2e5aeafeb8c8.png?algorithm=v5p&app_id=333&tenant_id&version=1.2&x-expires=1788844898&x-signature=76SOqSTdF6AwWZadwXqT2%2B2nJso%3D
10	200	headers=0	body=0	url=https://lf6-font-sign.bytehwm.com/eesecsvc/v5p/1.2/1/ab34fef4da9d414c85da2e5aeafeb8c8.png?algorithm=v5p&app_id=333&tenant_id&version=1.2&x-expires=1788844898&x-signature=76SOqSTdF6AwWZadwXqT2%2B2nJso%3D
11	200	headers=8	body=0	url=https://aweme.snssdk.com/service/settings/v3/?klink_egdi=AAL6F2JRRmTyRcmhfWO8fpeIax20xWdbnFyoOkbHLTA1hgY6i5yr6vS9&iid=3313280560987770&device_id=4087336283154583&ac=wifi&channel=vivo_1128_64&aid=1128&app_name=aweme&version_code=350100&version_name=35.1.0&device_platform=android&os=android&ssmix=a&device_type=Pixel+6&device_brand=google&language=zh&os_api=35&os_version=15&manifest_version_code=350101&resolution=1080*2209&dpi=420&update_version_code=35109900&_rticket=1788275962399&package=com.ss.android.ugc.aweme&mcc_mnc=46000&first_launch_timestamp=1788265682&last_deeplink_update_version_code=0&cpu_support64=true&host_abi=arm64-v8a&is_guest_mode=0&app_type=normal&minor_status=0&appTheme=light&is_preinstall=0&need_personal_recommend=1&is_android_pad=0&is_android_fold=0&ts=1788275962&cdid=3c8e225d-27e2-4294-8873-9009960e7908&caller_name=bytedance_ad_sdk&settings_time=1788275667
12	200	headers=0	body=0	url=https://aweme.snssdk.com/service/settings/v3/?klink_egdi=AAL6F2JRRmTyRcmhfWO8fpeIax20xWdbnFyoOkbHLTA1hgY6i5yr6vS9&iid=3313280560987770&device_id=4087336283154583&ac=wifi&channel=vivo_1128_64&aid=1128&app_name=aweme&version_code=350100&version_name=35.1.0&device_platform=android&os=android&ssmix=a&device_type=Pixel+6&device_brand=google&language=zh&os_api=35&os_version=15&manifest_version_code=350101&resolution=1080*2209&dpi=420&update_version_code=35109900&_rticket=1788275962399&package=com.ss.android.ugc.aweme&mcc_mnc=46000&first_launch_timestamp=1788265682&last_deeplink_update_version_code=0&cpu_support64=true&host_abi=arm64-v8a&is_guest_mode=0&app_type=normal&minor_status=0&appTheme=light&is_preinstall=0&need_personal_recommend=1&is_android_pad=0&is_android_fold=0&ts=1788275962&cdid=3c8e225d-27e2-4294-8873-9009960e7908&caller_name=bytedance_ad_sdk&settings_time=1788275667
13	200	headers=0	body=0	url=https://aweme.snssdk.com/service/settings/v3/?klink_egdi=AAL6F2JRRmTyRcmhfWO8fpeIax20xWdbnFyoOkbHLTA1hgY6i5yr6vS9&iid=3313280560987770&device_id=4087336283154583&ac=wifi&channel=vivo_1128_64&aid=1128&app_name=aweme&version_code=350100&version_name=35.1.0&device_platform=android&os=android&ssmix=a&device_type=Pixel+6&device_brand=google&language=zh&os_api=35&os_version=15&manifest_version_code=350101&resolution=1080*2209&dpi=420&update_version_code=35109900&_rticket=1788275962399&package=com.ss.android.ugc.aweme&mcc_mnc=46000&first_launch_timestamp=1788265682&last_deeplink_update_version_code=0&cpu_support64=true&host_abi=arm64-v8a&is_guest_mode=0&app_type=normal&minor_status=0&appTheme=light&is_preinstall=0&need_personal_recommend=1&is_android_pad=0&is_android_fold=0&ts=1788275962&cdid=3c8e225d-27e2-4294-8873-9009960e7908&caller_name=bytedance_ad_sdk&settings_time=1788275667
14	200	headers=2	body=0	url=https://p26-sign.huoshanimg.com/tos-cn-v-2774c002/ce3e6471845d42dbbdc699587a36fb22~tplv-dy-resize-walign-adapt-aq:720:q75.heic?biz_tag=aweme_music&lk3s=08d74b56&s=PackSourceEnum_SEARCH&sc=cover&x-expires=1788297459&x-signature=w9BmLHap20W5vOt6teRnglGnjrM%3D
15	200	headers=0	body=0	url=https://p26-sign.huoshanimg.com/tos-cn-v-2774c002/ce3e6471845d42dbbdc699587a36fb22~tplv-dy-resize-walign-adapt-aq:720:q75.heic?biz_tag=aweme_music&lk3s=08d74b56&s=PackSourceEnum_SEARCH&sc=cover&x-expires=1788297459&x-signature=w9BmLHap20W5vOt6teRnglGnjrM%3D
16	200	headers=2	body=0	url=https://dig.bdurl.net/q?host=v5-music.douyinstatic.com&source=vod&aid=1128
17	200	headers=0	body=0	url=https://dig.bdurl.net/q?host=v5-music.douyinstatic.com&source=vod&aid=1128
18	200	headers=0	body=0	url=https://dig.bdurl.net/q?host=v5-music.douyinstatic.com&source=vod&aid=1128
19	200	headers=2	body=0	url=https://dig.bdurl.net/q?host=tf11trpa9f1111119a71ge6tdzhj6ckm.v1d.pkoplink.com&source=vod&aid=1128
20	200	headers=0	body=0	url=https://dig.bdurl.net/q?host=tf11trpa9f1111119a71ge6tdzhj6ckm.v1d.pkoplink.com&source=vod&aid=1128
21	200	headers=0	body=0	url=https://dig.bdurl.net/q?host=tf11trpa9f1111119a71ge6tdzhj6ckm.v1d.pkoplink.com&source=vod&aid=1128
22	200	headers=13	body=1148	url=https://aweme.snssdk.com/tfe/api/request_combine/v1/?klink_egdi=AAL6F2JRRmTyRcmhfWO8fpeIax20xWdbnFyoOkbHLTA1hgY6i5yr6vS9&iid=3313280560987770&device_id=4087336283154583&ac=wifi&channel=vivo_1128_64&aid=1128&app_name=aweme&version_code=350100&version_name=35.1.0&device_platform=android&os=android&ssmix=a&device_type=Pixel+6&device_brand=google&language=zh&os_api=35&os_version=15&manifest_version_code=350101&resolution=1080*2209&dpi=420&update_version_code=35109900&_rticket=1788275963891&package=com.ss.android.ugc.aweme&mcc_mnc=46000&first_launch_timestamp=1788265682&last_deeplink_update_version_code=0&cpu_support64=true&host_abi=arm64-v8a&is_guest_mode=0&app_type=normal&minor_status=0&appTheme=light&is_preinstall=0&need_personal_recommend=1&is_android_pad=0&is_android_fold=0&ts=1788275962&cdid=3c8e225d-27e2-4294-8873-9009960e7908&ug_ab_params=%7B%7D&ug_custom_key=%7B%22widget_install_status%22%3A%220%22%7D
23	200	headers=0	body=0	url=https://ma.zijieapi.com/api/apps/xconfig_meta?tma_version_code=15090101&tma_xconfig_version=12502&mg_list&mp_list&klink_egdi=AAL6F2JRRmTyRcmhfWO8fpeIax20xWdbnFyoOkbHLTA1hgY6i5yr6vS9&iid=3313280560987770&device_id=4087336283154583&ac=wifi&channel=vivo_1128_64&aid=1128&app_name=aweme&version_code=350100&version_name=35.1.0&device_platform=android&os=android&ssmix=a&device_type=Pixel+6&device_brand=google&language=zh&os_api=35&os_version=15&manifest_version_code=350101&resolution=1080*2209&dpi=420&update_version_code=35109900&_rticket=1788275964769&package=com.ss.android.ugc.aweme&mcc_mnc=46000&first_launch_timestamp=1788265682&last_deeplink_update_version_code=0&cpu_support64=true&host_abi=arm64-v8a&is_guest_mode=0&app_type=normal&minor_status=0&appTheme=light&is_preinstall=0&need_personal_recommend=1&is_android_pad=0&is_android_fold=0&ts=1788275963&cdid=3c8e225d-27e2-4294-8873-9009960e7908
24	200	headers=0	body=0	url=https://ma.zijieapi.com/api/apps/xconfig_meta?tma_version_code=15090101&tma_xconfig_version=12502&mg_list&mp_list&klink_egdi=AAL6F2JRRmTyRcmhfWO8fpeIax20xWdbnFyoOkbHLTA1hgY6i5yr6vS9&iid=3313280560987770&device_id=4087336283154583&ac=wifi&channel=vivo_1128_64&aid=1128&app_name=aweme&version_code=350100&version_name=35.1.0&device_platform=android&os=android&ssmix=a&device_type=Pixel+6&device_brand=google&language=zh&os_api=35&os_version=15&manifest_version_code=350101&resolution=1080*2209&dpi=420&update_version_code=35109900&_rticket=1788275964769&package=com.ss.android.ugc.aweme&mcc_mnc=46000&first_launch_timestamp=1788265682&last_deeplink_update_version_code=0&cpu_support64=true&host_abi=arm64-v8a&is_guest_mode=0&app_type=normal&minor_status=0&appTheme=light&is_preinstall=0&need_personal_recommend=1&is_android_pad=0&is_android_fold=0&ts=1788275963&cdid=3c8e225d-27e2-4294-8873-9009960e7908
25	200	headers=0	body=0	url=https://ma.zijieapi.com/api/apps/xconfig_meta?tma_version_code=15090101&tma_xconfig_version=12502&mg_list&mp_list&klink_egdi=AAL6F2JRRmTyRcmhfWO8fpeIax20xWdbnFyoOkbHLTA1hgY6i5yr6vS9&iid=3313280560987770&device_id=4087336283154583&ac=wifi&channel=vivo_1128_64&aid=1128&app_name=aweme&version_code=350100&version_name=35.1.0&device_platform=android&os=android&ssmix=a&device_type=Pixel+6&device_brand=google&language=zh&os_api=35&os_version=15&manifest_version_code=350101&resolution=1080*2209&dpi=420&update_version_code=35109900&_rticket=1788275964769&package=com.ss.android.ugc.aweme&mcc_mnc=46000&first_launch_timestamp=1788265682&last_deeplink_update_version_code=0&cpu_support64=true&host_abi=arm64-v8a&is_guest_mode=0&app_type=normal&minor_status=0&appTheme=light&is_preinstall=0&need_personal_recommend=1&is_android_pad=0&is_android_fold=0&ts=1788275963&cdid=3c8e225d-27e2-4294-8873-9009960e7908
26	200	headers=0	body=0	url=https://aweme.snssdk.com/service/settings/v3/?plugin_version=35109020&device_id=4087336283154583&tma_full_version=15.9.1.1&os_version=15&version_code=350100&channel=vivo_1128_64&device_type=Pixel+6&call_name=iron_man&ctx_infos=eyJlIjoiT1R0RHFmNlZ0T2thTWhqSTNReXBLZz09IiwidiI6OTA3NDc4Nn0%3D&update_version_code=35109900&app_name=aweme&caller_name=iron_man&version_name=35.1.0&os_api=35&settings_time=1788275929&device_brand=google&bdp_version_code=15090101&tma_version=15.9.1&device_platform=android&app_id=1128&klink_egdi=AAL6F2JRRmTyRcmhfWO8fpeIax20xWdbnFyoOkbHLTA1hgY6i5yr6vS9&iid=3313280560987770&ac=wifi&aid=1128&os=android&ssmix=a&language=zh&manifest_version_code=350101&resolution=1080*2209&dpi=420&_rticket=1788275964772&package=com.ss.android.ugc.aweme&mcc_mnc=46000&first_launch_timestamp=1788265682&last_deeplink_update_version_code=0&cpu_support64=true&host_abi=arm64-v8a&is_guest_mode=0&app_type=normal&minor_status=0&appTheme=light&is_preinstall=0&need_personal_recommend=1&is_android_pad=0&is_android_fold=0&ts=1788275963&cdid=3c8e225d-27e2-4294-8873-9009960e7908
27	200	headers=0	body=0	url=https://aweme.snssdk.com/service/settings/v3/?plugin_version=35109020&device_id=4087336283154583&tma_full_version=15.9.1.1&os_version=15&version_code=350100&channel=vivo_1128_64&device_type=Pixel+6&call_name=iron_man&ctx_infos=eyJlIjoiT1R0RHFmNlZ0T2thTWhqSTNReXBLZz09IiwidiI6OTA3NDc4Nn0%3D&update_version_code=35109900&app_name=aweme&caller_name=iron_man&version_name=35.1.0&os_api=35&settings_time=1788275929&device_brand=google&bdp_version_code=15090101&tma_version=15.9.1&device_platform=android&app_id=1128&klink_egdi=AAL6F2JRRmTyRcmhfWO8fpeIax20xWdbnFyoOkbHLTA1hgY6i5yr6vS9&iid=3313280560987770&ac=wifi&aid=1128&os=android&ssmix=a&language=zh&manifest_version_code=350101&resolution=1080*2209&dpi=420&_rticket=1788275964772&package=com.ss.android.ugc.aweme&mcc_mnc=46000&first_launch_timestamp=1788265682&last_deeplink_update_version_code=0&cpu_support64=true&host_abi=arm64-v8a&is_guest_mode=0&app_type=normal&minor_status=0&appTheme=light&is_preinstall=0&need_personal_recommend=1&is_android_pad=0&is_android_fold=0&ts=1788275963&cdid=3c8e225d-27e2-4294-8873-9009960e7908
28	200	headers=0	body=0	url=https://aweme.snssdk.com/service/settings/v3/?plugin_version=35109020&device_id=4087336283154583&tma_full_version=15.9.1.1&os_version=15&version_code=350100&channel=vivo_1128_64&device_type=Pixel+6&call_name=iron_man&ctx_infos=eyJlIjoiT1R0RHFmNlZ0T2thTWhqSTNReXBLZz09IiwidiI6OTA3NDc4Nn0%3D&update_version_code=35109900&app_name=aweme&caller_name=iron_man&version_name=35.1.0&os_api=35&settings_time=1788275929&device_brand=google&bdp_version_code=15090101&tma_version=15.9.1&device_platform=android&app_id=1128&klink_egdi=AAL6F2JRRmTyRcmhfWO8fpeIax20xWdbnFyoOkbHLTA1hgY6i5yr6vS9&iid=3313280560987770&ac=wifi&aid=1128&os=android&ssmix=a&language=zh&manifest_version_code=350101&resolution=1080*2209&dpi=420&_rticket=1788275964772&package=com.ss.android.ugc.aweme&mcc_mnc=46000&first_launch_timestamp=1788265682&last_deeplink_update_version_code=0&cpu_support64=true&host_abi=arm64-v8a&is_guest_mode=0&app_type=normal&minor_status=0&appTheme=light&is_preinstall=0&need_personal_recommend=1&is_android_pad=0&is_android_fold=0&ts=1788275963&cdid=3c8e225d-27e2-4294-8873-9009960e7908
29	200	headers=8	body=0	url=https://abtest-ch.snssdk.com/common?ecomterm_sdk_version=39200&klink_egdi=AAL6F2JRRmTyRcmhfWO8fpeIax20xWdbnFyoOkbHLTA1hgY6i5yr6vS9&iid=3313280560987770&device_id=4087336283154583&ac=wifi&channel=vivo_1128_64&aid=1128&app_name=aweme&version_code=350100&version_name=35.1.0&device_platform=android&os=android&ssmix=a&device_type=Pixel+6&device_brand=google&language=zh&os_api=35&os_version=15&manifest_version_code=350101&resolution=1080*2209&dpi=420&update_version_code=35109900&_rticket=1788275964934&package=com.ss.android.ugc.aweme&mcc_mnc=46000&first_launch_timestamp=1788265682&last_deeplink_update_version_code=0&cpu_support64=true&host_abi=arm64-v8a&is_guest_mode=0&app_type=normal&minor_status=0&appTheme=light&is_preinstall=0&need_personal_recommend=1&is_android_pad=0&is_android_fold=0&ts=1788275963&cdid=3c8e225d-27e2-4294-8873-9009960e7908
30	200	headers=0	body=0	url=https://abtest-ch.snssdk.com/common?ecomterm_sdk_version=39200&klink_egdi=AAL6F2JRRmTyRcmhfWO8fpeIax20xWdbnFyoOkbHLTA1hgY6i5yr6vS9&iid=3313280560987770&device_id=4087336283154583&ac=wifi&channel=vivo_1128_64&aid=1128&app_name=aweme&version_code=350100&version_name=35.1.0&device_platform=android&os=android&ssmix=a&device_type=Pixel+6&device_brand=google&language=zh&os_api=35&os_version=15&manifest_version_code=350101&resolution=1080*2209&dpi=420&update_version_code=35109900&_rticket=1788275964934&package=com.ss.android.ugc.aweme&mcc_mnc=46000&first_launch_timestamp=1788265682&last_deeplink_update_version_code=0&cpu_support64=true&host_abi=arm64-v8a&is_guest_mode=0&app_type=normal&minor_status=0&appTheme=light&is_preinstall=0&need_personal_recommend=1&is_android_pad=0&is_android_fold=0&ts=1788275963&cdid=3c8e225d-27e2-4294-8873-9009960e7908
31	200	headers=0	body=0	url=https://abtest-ch.snssdk.com/common?ecomterm_sdk_version=39200&klink_egdi=AAL6F2JRRmTyRcmhfWO8fpeIax20xWdbnFyoOkbHLTA1hgY6i5yr6vS9&iid=3313280560987770&device_id=4087336283154583&ac=wifi&channel=vivo_1128_64&aid=1128&app_name=aweme&version_code=350100&version_name=35.1.0&device_platform=android&os=android&ssmix=a&device_type=Pixel+6&device_brand=google&language=zh&os_api=35&os_version=15&manifest_version_code=350101&resolution=1080*2209&dpi=420&update_version_code=35109900&_rticket=1788275964934&package=com.ss.android.ugc.aweme&mcc_mnc=46000&first_launch_timestamp=1788265682&last_deeplink_update_version_code=0&cpu_support64=true&host_abi=arm64-v8a&is_guest_mode=0&app_type=normal&minor_status=0&appTheme=light&is_preinstall=0&need_personal_recommend=1&is_android_pad=0&is_android_fold=0&ts=1788275963&cdid=3c8e225d-27e2-4294-8873-9009960e7908
32	200	headers=12	body=1228	url=https://security.snssdk.com/api/plugin/config/v2/?soc_platform=oriole&klink_egdi=AAL6F2JRRmTyRcmhfWO8fpeIax20xWdbnFyoOkbHLTA1hgY6i5yr6vS9&iid=3313280560987770&device_id=4087336283154583&ac=wifi&channel=vivo_1128_64&aid=1128&app_name=aweme&version_code=350100&version_name=35.1.0&device_platform=android&os=android&ssmix=a&device_type=Pixel+6&device_brand=google&language=zh&os_api=35&os_version=15&manifest_version_code=350101&resolution=1080*2209&dpi=420&update_version_code=35109900&_rticket=1788275965321&package=com.ss.android.ugc.aweme&mcc_mnc=46000&first_launch_timestamp=1788265682&last_deeplink_update_version_code=0&cpu_support64=true&host_abi=arm64-v8a&is_guest_mode=0&app_type=normal&minor_status=0&appTheme=light&is_preinstall=0&need_personal_recommend=1&is_android_pad=0&is_android_fold=0&ts=1788275964&cdid=3c8e225d-27e2-4294-8873-9009960e7908
33	200	headers=2	body=0	url=https://dig.bdurl.net/q?host=yslrf1v6dcdn.qnqcdn.net&source=vod&aid=1128
34	200	headers=0	body=0	url=https://dig.bdurl.net/q?host=yslrf1v6dcdn.qnqcdn.net&source=vod&aid=1128
35	200	headers=0	body=0	url=https://dig.bdurl.net/q?host=yslrf1v6dcdn.qnqcdn.net&source=vod&aid=1128
36	200	headers=4	body=0	url=https://api.amemv.com/service/settings/v2/?app=1&caller_name=tt_webview&sdk_version_code=0621140020&sdk_upto_so_versioncode=0620010001&sdk_load_so_versioncode=0620010001&os_type=android&os_api=35&target_api=34&host_abi=64&settings_time=1788275671&device_platform=Pixel+6&device_manufacturer=Google&os_version=15&package_name=com.ss.android.ugc.aweme&deviceid=4087336283154583&device_id=4087336283154583&channel=vivo_1128_64&aid=1128&app_version_code=35109900&update_version_code=35109900&sdk_scc_version=24&kernel_scc_version=-2&request_time=1788275966798
37	200	headers=0	body=0	url=https://api.amemv.com/service/settings/v2/?app=1&caller_name=tt_webview&sdk_version_code=0621140020&sdk_upto_so_versioncode=0620010001&sdk_load_so_versioncode=0620010001&os_type=android&os_api=35&target_api=34&host_abi=64&settings_time=1788275671&device_platform=Pixel+6&device_manufacturer=Google&os_version=15&package_name=com.ss.android.ugc.aweme&deviceid=4087336283154583&device_id=4087336283154583&channel=vivo_1128_64&aid=1128&app_version_code=35109900&update_version_code=35109900&sdk_scc_version=24&kernel_scc_version=-2&request_time=1788275966798
38	200	headers=0	body=0	url=https://api.amemv.com/service/settings/v2/?app=1&caller_name=tt_webview&sdk_version_code=0621140020&sdk_upto_so_versioncode=0620010001&sdk_load_so_versioncode=0620010001&os_type=android&os_api=35&target_api=34&host_abi=64&settings_time=1788275671&device_platform=Pixel+6&device_manufacturer=Google&os_version=15&package_name=com.ss.android.ugc.aweme&deviceid=4087336283154583&device_id=4087336283154583&channel=vivo_1128_64&aid=1128&app_version_code=35109900&update_version_code=35109900&sdk_scc_version=24&kernel_scc_version=-2&request_time=1788275966798
39	200	headers=4	body=165	url=https://jsb.snssdk.com/src/server/v2/package
40	200	headers=11	body=488	url=https://gecko.zijieapi.com/gkx/api/settings/v3?klink_egdi=AAL6F2JRRmTyRcmhfWO8fpeIax20xWdbnFyoOkbHLTA1hgY6i5yr6vS9&iid=3313280560987770&device_id=4087336283154583&ac=wifi&channel=vivo_1128_64&aid=1128&app_name=aweme&version_code=350100&version_name=35.1.0&device_platform=android&os=android&ssmix=a&device_type=Pixel+6&device_brand=google&language=zh&os_api=35&os_version=15&manifest_version_code=350101&resolution=1080*2209&dpi=420&update_version_code=35109900&_rticket=1788275969993&package=com.ss.android.ugc.aweme&mcc_mnc=46000&first_launch_timestamp=1788265682&last_deeplink_update_version_code=0&cpu_support64=true&host_abi=arm64-v8a&is_guest_mode=0&app_type=normal&minor_status=0&appTheme=light&is_preinstall=0&need_personal_recommend=1&is_android_pad=0&is_android_fold=0&ts=1788275968&cdid=3c8e225d-27e2-4294-8873-9009960e7908
41	200	headers=11	body=2023	url=https://gecko.zijieapi.com/gkx/api/resource/v7/coldstart?klink_egdi=AAL6F2JRRmTyRcmhfWO8fpeIax20xWdbnFyoOkbHLTA1hgY6i5yr6vS9&iid=3313280560987770&device_id=4087336283154583&ac=wifi&channel=vivo_1128_64&aid=1128&app_name=aweme&version_code=350100&version_name=35.1.0&device_platform=android&os=android&ssmix=a&device_type=Pixel+6&device_brand=google&language=zh&os_api=35&os_version=15&manifest_version_code=350101&resolution=1080*2209&dpi=420&update_version_code=35109900&_rticket=1788275970200&package=com.ss.android.ugc.aweme&mcc_mnc=46000&first_launch_timestamp=1788265682&last_deeplink_update_version_code=0&cpu_support64=true&host_abi=arm64-v8a&is_guest_mode=0&app_type=normal&minor_status=0&appTheme=light&is_preinstall=0&need_personal_recommend=1&is_android_pad=0&is_android_fold=0&ts=1788275969&cdid=3c8e225d-27e2-4294-8873-9009960e7908
42	200	headers=8	body=0	url=https://abtest-ch.snssdk.com/common?ecomterm_sdk_version=39200&klink_egdi=AAL6F2JRRmTyRcmhfWO8fpeIax20xWdbnFyoOkbHLTA1hgY6i5yr6vS9&iid=3313280560987770&device_id=4087336283154583&ac=wifi&channel=vivo_1128_64&aid=1128&app_name=aweme&version_code=350100&version_name=35.1.0&device_platform=android&os=android&ssmix=a&device_type=Pixel+6&device_brand=google&language=zh&os_api=35&os_version=15&manifest_version_code=350101&resolution=1080*2209&dpi=420&update_version_code=35109900&_rticket=1788275972033&package=com.ss.android.ugc.aweme&mcc_mnc=46000&first_launch_timestamp=1788265682&last_deeplink_update_version_code=0&cpu_support64=true&host_abi=arm64-v8a&is_guest_mode=0&app_type=normal&minor_status=0&appTheme=light&is_preinstall=0&need_personal_recommend=1&is_android_pad=0&is_android_fold=0&ts=1788275970&cdid=3c8e225d-27e2-4294-8873-9009960e7908
43	200	headers=0	body=0	url=https://abtest-ch.snssdk.com/common?ecomterm_sdk_version=39200&klink_egdi=AAL6F2JRRmTyRcmhfWO8fpeIax20xWdbnFyoOkbHLTA1hgY6i5yr6vS9&iid=3313280560987770&device_id=4087336283154583&ac=wifi&channel=vivo_1128_64&aid=1128&app_name=aweme&version_code=350100&version_name=35.1.0&device_platform=android&os=android&ssmix=a&device_type=Pixel+6&device_brand=google&language=zh&os_api=35&os_version=15&manifest_version_code=350101&resolution=1080*2209&dpi=420&update_version_code=35109900&_rticket=1788275972033&package=com.ss.android.ugc.aweme&mcc_mnc=46000&first_launch_timestamp=1788265682&last_deeplink_update_version_code=0&cpu_support64=true&host_abi=arm64-v8a&is_guest_mode=0&app_type=normal&minor_status=0&appTheme=light&is_preinstall=0&need_personal_recommend=1&is_android_pad=0&is_android_fold=0&ts=1788275970&cdid=3c8e225d-27e2-4294-8873-9009960e7908
44	200	headers=0	body=0	url=https://abtest-ch.snssdk.com/common?ecomterm_sdk_version=39200&klink_egdi=AAL6F2JRRmTyRcmhfWO8fpeIax20xWdbnFyoOkbHLTA1hgY6i5yr6vS9&iid=3313280560987770&device_id=4087336283154583&ac=wifi&channel=vivo_1128_64&aid=1128&app_name=aweme&version_code=350100&version_name=35.1.0&device_platform=android&os=android&ssmix=a&device_type=Pixel+6&device_brand=google&language=zh&os_api=35&os_version=15&manifest_version_code=350101&resolution=1080*2209&dpi=420&update_version_code=35109900&_rticket=1788275972033&package=com.ss.android.ugc.aweme&mcc_mnc=46000&first_launch_timestamp=1788265682&last_deeplink_update_version_code=0&cpu_support64=true&host_abi=arm64-v8a&is_guest_mode=0&app_type=normal&minor_status=0&appTheme=light&is_preinstall=0&need_personal_recommend=1&is_android_pad=0&is_android_fold=0&ts=1788275970&cdid=3c8e225d-27e2-4294-8873-9009960e7908
45	200	headers=9	body=115	url=https://mssdk.bytedance.com/pilvinen/v1/sseelfk/haku?lc_id=1588093228&aid=1128&app_id=1128&sdk_id&sub_aid&sdk_version=v04.09.05-ml-android&sdk_ver_code=67699968&app_version=35.1.0&os_platform=android&cpu_width=64&iid=3313280560987770&did=4087336283154583&bd_did&secdid&log_id=59023&version=1&sdk_type=2&client_type=inhouse&region_type=ml&mode=2&deploy_ids&pid=19857&full_update_version_code=35109900
46	200	headers=10	body=2	url=https://mon.zijieapi.com/monitor/collect/c/cloudcontrol/get?sdk_version=400&is_guest_mode=0&manifest_version_code=350101&_rticket=1788275962342&app_type=normal&is_preinstall=0&iid=3313280560987770&channel=vivo_1128_64&is_android_pad=0&device_type=Pixel+6&language=zh&cpu_support64=true&host_abi=arm64-v8a&resolution=1080*2209&update_version_code=35109900&cdid=3c8e225d-27e2-4294-8873-9009960e7908&minor_status=0&appTheme=light&os_api=35&klink_egdi=AAL6F2JRRmTyRcmhfWO8fpeIax20xWdbnFyoOkbHLTA1hgY6i5yr6vS9&is_android_fold=0&dpi=420&app_id=1128&ac=wifi&package=com.ss.android.ugc.aweme&device_id=4087336283154583&os=Android&mcc_mnc=46000&os_version=15&version_code=350100&last_deeplink_update_version_code=0&overall_score=8.4364&app_name=aweme&version_name=35.1.0&device_brand=google&need_personal_recommend=1&ssmix=a&device_platform=android&first_launch_timestamp=1788265682&aid=1128&ts=1788275962
47	200	headers=11	body=40950	url=https://aweme.snssdk.com/service/2/app_log/?version_code=350100&device_platform=android&device_id=4087336283154583&aid=1128&iid=3313280560987770&tt_data=a
48	200	headers=2	body=0	url=https://dig.bdurl.net/q?host=v5-music.douyinstatic.com&source=vod&aid=1128
49	200	headers=0	body=0	url=https://dig.bdurl.net/q?host=v5-music.douyinstatic.com&source=vod&aid=1128
50	200	headers=0	body=0	url=https://dig.bdurl.net/q?host=v5-music.douyinstatic.com&source=vod&aid=1128
51	200	headers=11	body=449	url=https://polaris.zijieapi.com/luckycat/activity/refresh_act_id/?need_token_params=1&klink_egdi=AAL6F2JRRmTyRcmhfWO8fpeIax20xWdbnFyoOkbHLTA1hgY6i5yr6vS9&iid=3313280560987770&device_id=4087336283154583&ac=wifi&channel=vivo_1128_64&aid=1128&app_name=aweme&version_code=350100&version_name=35.1.0&device_platform=android&os=android&ssmix=a&device_type=Pixel+6&device_brand=google&language=zh&os_api=35&os_version=15&manifest_version_code=350101&resolution=1080*2209&dpi=420&update_version_code=35109900&_rticket=1788275978056&package=com.ss.android.ugc.aweme&mcc_mnc=46000&first_launch_timestamp=1788265682&last_deeplink_update_version_code=0&cpu_support64=true&host_abi=arm64-v8a&is_guest_mode=0&app_type=normal&minor_status=0&appTheme=light&is_preinstall=0&need_personal_recommend=1&is_android_pad=0&is_android_fold=0&ts=1788275976&cdid=3c8e225d-27e2-4294-8873-9009960e7908&rom=GOOGLE&has_alipay=0&p_switch=1&rom_version=unknown&luckydog_api_verison=8.87.0-rc.1&luckydog_sdk_verison&luckydog_sdk_verison&is_teen_mode=0&status_bar_height=48&lucky_is_32=0&lucky_device_score=8.4364&lucky_device_type=Pixel+6&luckydog_base=ZWkSTskzn9-4_3mhabJfkkR2YvxwBoxiW_rj9VMoqp8uV8Dnf0f6dK7FSZbP_-AydNGWOQD7rvaKeoOAQiH0yX53LPEKSCcT3H7wiR2TaYCUAPcqpsE2JkDGG0-C8LiLPOPbVM3RPQF8jswe2cacoMSNQRsHNuuAWp1VRGjbkUg&luckydog_token=wXnov5t9s9cQ0rPwC9vlX1fC8noemPhjug21LcHCB9_Rp1n5ZVN1FhQwoc1xkfRx&luckydog_data=vMVxwNDHRsvj9mg9HHkvrA
52	200	headers=8	body=0	url=https://aweme.snssdk.com/service/settings/v2/?has_local_cache=true&app=1&default=1&settings_time=1788275930&klink_egdi=AAL6F2JRRmTyRcmhfWO8fpeIax20xWdbnFyoOkbHLTA1hgY6i5yr6vS9&iid=3313280560987770&device_id=4087336283154583&ac=wifi&channel=vivo_1128_64&aid=1128&app_name=aweme&version_code=350100&version_name=35.1.0&device_platform=android&os=android&ssmix=a&device_type=Pixel+6&device_brand=google&language=zh&os_api=35&os_version=15&manifest_version_code=350101&resolution=1080*2209&dpi=420&update_version_code=35109900&_rticket=1788275977588&package=com.ss.android.ugc.aweme&mcc_mnc=46000&first_launch_timestamp=1788265682&last_deeplink_update_version_code=0&cpu_support64=true&host_abi=arm64-v8a&is_guest_mode=0&app_type=normal&minor_status=0&appTheme=light&is_preinstall=0&need_personal_recommend=1&is_android_pad=0&is_android_fold=0&ts=1788275976&cdid=3c8e225d-27e2-4294-8873-9009960e7908
53	200	headers=0	body=0	url=https://aweme.snssdk.com/service/settings/v2/?has_local_cache=true&app=1&default=1&settings_time=1788275930&klink_egdi=AAL6F2JRRmTyRcmhfWO8fpeIax20xWdbnFyoOkbHLTA1hgY6i5yr6vS9&iid=3313280560987770&device_id=4087336283154583&ac=wifi&channel=vivo_1128_64&aid=1128&app_name=aweme&version_code=350100&version_name=35.1.0&device_platform=android&os=android&ssmix=a&device_type=Pixel+6&device_brand=google&language=zh&os_api=35&os_version=15&manifest_version_code=350101&resolution=1080*2209&dpi=420&update_version_code=35109900&_rticket=1788275977588&package=com.ss.android.ugc.aweme&mcc_mnc=46000&first_launch_timestamp=1788265682&last_deeplink_update_version_code=0&cpu_support64=true&host_abi=arm64-v8a&is_guest_mode=0&app_type=normal&minor_status=0&appTheme=light&is_preinstall=0&need_personal_recommend=1&is_android_pad=0&is_android_fold=0&ts=1788275976&cdid=3c8e225d-27e2-4294-8873-9009960e7908
54	200	headers=0	body=0	url=https://aweme.snssdk.com/service/settings/v2/?has_local_cache=true&app=1&default=1&settings_time=1788275930&klink_egdi=AAL6F2JRRmTyRcmhfWO8fpeIax20xWdbnFyoOkbHLTA1hgY6i5yr6vS9&iid=3313280560987770&device_id=4087336283154583&ac=wifi&channel=vivo_1128_64&aid=1128&app_name=aweme&version_code=350100&version_name=35.1.0&device_platform=android&os=android&ssmix=a&device_type=Pixel+6&device_brand=google&language=zh&os_api=35&os_version=15&manifest_version_code=350101&resolution=1080*2209&dpi=420&update_version_code=35109900&_rticket=1788275977588&package=com.ss.android.ugc.aweme&mcc_mnc=46000&first_launch_timestamp=1788265682&last_deeplink_update_version_code=0&cpu_support64=true&host_abi=arm64-v8a&is_guest_mode=0&app_type=normal&minor_status=0&appTheme=light&is_preinstall=0&need_personal_recommend=1&is_android_pad=0&is_android_fold=0&ts=1788275976&cdid=3c8e225d-27e2-4294-8873-9009960e7908
55	200	headers=11	body=493	url=https://gecko.zijieapi.com/gkx/api/settings/v3?klink_egdi=AAL6F2JRRmTyRcmhfWO8fpeIax20xWdbnFyoOkbHLTA1hgY6i5yr6vS9&iid=3313280560987770&device_id=4087336283154583&ac=wifi&channel=vivo_1128_64&aid=1128&app_name=aweme&version_code=350100&version_name=35.1.0&device_platform=android&os=android&ssmix=a&device_type=Pixel+6&device_brand=google&language=zh&os_api=35&os_version=15&manifest_version_code=350101&resolution=1080*2209&dpi=420&update_version_code=35109900&_rticket=1788275978860&package=com.ss.android.ugc.aweme&mcc_mnc=46000&first_launch_timestamp=1788265682&last_deeplink_update_version_code=0&cpu_support64=true&host_abi=arm64-v8a&is_guest_mode=0&app_type=normal&minor_status=0&appTheme=light&is_preinstall=0&need_personal_recommend=1&is_android_pad=0&is_android_fold=0&ts=1788275977&cdid=3c8e225d-27e2-4294-8873-9009960e7908
56	200	headers=12	body=392	url=https://polaris.zijieapi.com/luckycat/activity/settings/get_static_settings/?luckydog_base=ZWkSTskzn9-4_3mhabJfkkR2YvxwBoxiW_rj9VMoqp8uV8Dnf0f6dK7FSZbP_-AydNGWOQD7rvaKeoOAQiH0yX53LPEKSCcT3H7wiR2TaYCUAPcqpsE2JkDGG0-C8LiLPOPbVM3RPQF8jswe2cacoMSNQRsHNuuAWp1VRGjbkUg&luckydog_token=wXnov5t9s9cQ0rPwC9vlX1fC8noemPhjug21LcHCB9_Rp1n5ZVN1FhQwoc1xkfRx&luckydog_data=vMVxwNDHRsvj9mg9HHkvrA&device_platform=android&klink_egdi=AAL6F2JRRmTyRcmhfWO8fpeIax20xWdbnFyoOkbHLTA1hgY6i5yr6vS9&iid=3313280560987770&device_id=4087336283154583&ac=wifi&channel=vivo_1128_64&aid=1128&app_name=aweme&version_code=350100&version_name=35.1.0&os=android&ssmix=a&device_type=Pixel+6&device_brand=google&language=zh&os_api=35&os_version=15&manifest_version_code=350101&resolution=1080*2209&dpi=420&update_version_code=35109900&_rticket=1788275979128&package=com.ss.android.ugc.aweme&mcc_mnc=46000&first_launch_timestamp=1788265682&last_deeplink_update_version_code=0&cpu_support64=true&host_abi=arm64-v8a&is_guest_mode=0&app_type=normal&minor_status=0&appTheme=light&is_preinstall=0&need_personal_recommend=1&is_android_pad=0&is_android_fold=0&ts=1788275977&cdid=3c8e225d-27e2-4294-8873-9009960e7908&rom=GOOGLE&has_alipay=0&p_switch=1&rom_version=unknown&luckydog_api_verison=8.87.0-rc.1&luckydog_sdk_verison=8.87.0-rc.1&is_teen_mode=0&status_bar_height=48&lucky_is_32=0&lucky_device_score=8.4364&lucky_device_type=Pixel+6
57	200	headers=11	body=460	url=https://polaris.zijieapi.com/luckycat/crossover/v:version/ack_install/?klink_egdi=AAL6F2JRRmTyRcmhfWO8fpeIax20xWdbnFyoOkbHLTA1hgY6i5yr6vS9&iid=3313280560987770&device_id=4087336283154583&ac=wifi&channel=vivo_1128_64&aid=1128&app_name=aweme&version_code=350100&version_name=35.1.0&device_platform=android&os=android&ssmix=a&device_type=Pixel+6&device_brand=google&language=zh&os_api=35&os_version=15&manifest_version_code=350101&resolution=1080*2209&dpi=420&update_version_code=35109900&_rticket=1788275979325&package=com.ss.android.ugc.aweme&mcc_mnc=46000&first_launch_timestamp=1788265682&last_deeplink_update_version_code=0&cpu_support64=true&host_abi=arm64-v8a&is_guest_mode=0&app_type=normal&minor_status=0&appTheme=light&is_preinstall=0&need_personal_recommend=1&is_android_pad=0&is_android_fold=0&ts=1788275978&cdid=3c8e225d-27e2-4294-8873-9009960e7908&rom=GOOGLE&has_alipay=0&p_switch=1&rom_version=unknown&luckydog_api_verison=8.87.0-rc.1&luckydog_sdk_verison=8.87.0-rc.1&is_teen_mode=0&status_bar_height=48&lucky_is_32=0&lucky_device_score=8.4364&lucky_device_type=Pixel+6&luckydog_base=ZWkSTskzn9-4_3mhabJfkkR2YvxwBoxiW_rj9VMoqp8uV8Dnf0f6dK7FSZbP_-AydNGWOQD7rvaKeoOAQiH0yX53LPEKSCcT3H7wiR2TaYCUAPcqpsE2JkDGG0-C8LiLPOPbVM3RPQF8jswe2cacoMSNQRsHNuuAWp1VRGjbkUg&luckydog_token=wXnov5t9s9cQ0rPwC9vlX1fC8noemPhjug21LcHCB9_Rp1n5ZVN1FhQwoc1xkfRx&luckydog_data=vMVxwNDHRsvj9mg9HHkvrA
58	200	headers=11	body=460	url=https://polaris.zijieapi.com/luckycat/crossover/v:version/general_get_time_token/?klink_egdi=AAL6F2JRRmTyRcmhfWO8fpeIax20xWdbnFyoOkbHLTA1hgY6i5yr6vS9&iid=3313280560987770&device_id=4087336283154583&ac=wifi&channel=vivo_1128_64&aid=1128&app_name=aweme&version_code=350100&version_name=35.1.0&device_platform=android&os=android&ssmix=a&device_type=Pixel+6&device_brand=google&language=zh&os_api=35&os_version=15&manifest_version_code=350101&resolution=1080*2209&dpi=420&update_version_code=35109900&_rticket=1788275979439&package=com.ss.android.ugc.aweme&mcc_mnc=46000&first_launch_timestamp=1788265682&last_deeplink_update_version_code=0&cpu_support64=true&host_abi=arm64-v8a&is_guest_mode=0&app_type=normal&minor_status=0&appTheme=light&is_preinstall=0&need_personal_recommend=1&is_android_pad=0&is_android_fold=0&ts=1788275978&cdid=3c8e225d-27e2-4294-8873-9009960e7908&rom=GOOGLE&has_alipay=0&p_switch=1&rom_version=unknown&luckydog_api_verison=8.87.0-rc.1&luckydog_sdk_verison=8.87.0-rc.1&is_teen_mode=0&status_bar_height=48&lucky_is_32=0&lucky_device_score=8.4364&lucky_device_type=Pixel+6&luckydog_base=ZWkSTskzn9-4_3mhabJfkkR2YvxwBoxiW_rj9VMoqp8uV8Dnf0f6dK7FSZbP_-AydNGWOQD7rvaKeoOAQiH0yX53LPEKSCcT3H7wiR2TaYCUAPcqpsE2JkDGG0-C8LiLPOPbVM3RPQF8jswe2cacoMSNQRsHNuuAWp1VRGjbkUg&luckydog_token=wXnov5t9s9cQ0rPwC9vlX1fC8noemPhjug21LcHCB9_Rp1n5ZVN1FhQwoc1xkfRx&luckydog_data=vMVxwNDHRsvj9mg9HHkvrA
59	200	headers=12	body=516	url=https://aweme.snssdk.com/aweme/v1/aweme/stats/?klink_egdi=AAL6F2JRRmTyRcmhfWO8fpeIax20xWdbnFyoOkbHLTA1hgY6i5yr6vS9&iid=3313280560987770&device_id=4087336283154583&ac=wifi&channel=vivo_1128_64&aid=1128&app_name=aweme&version_code=350100&version_name=35.1.0&device_platform=android&os=android&ssmix=a&device_type=Pixel+6&device_brand=google&language=zh&os_api=35&os_version=15&manifest_version_code=350101&resolution=1080*2209&dpi=420&update_version_code=35109900&_rticket=1788275979647&package=com.ss.android.ugc.aweme&mcc_mnc=46000&first_launch_timestamp=1788265682&last_deeplink_update_version_code=0&cpu_support64=true&host_abi=arm64-v8a&is_guest_mode=0&app_type=normal&minor_status=0&appTheme=light&is_preinstall=0&need_personal_recommend=1&is_android_pad=0&is_android_fold=0&ts=1788275978&cdid=3c8e225d-27e2-4294-8873-9009960e7908
60	200	headers=11	body=460	url=https://polaris.zijieapi.com/luckycat/crossover/v:version/ack_install/?klink_egdi=AAL6F2JRRmTyRcmhfWO8fpeIax20xWdbnFyoOkbHLTA1hgY6i5yr6vS9&iid=3313280560987770&device_id=4087336283154583&ac=wifi&channel=vivo_1128_64&aid=1128&app_name=aweme&version_code=350100&version_name=35.1.0&device_platform=android&os=android&ssmix=a&device_type=Pixel+6&device_brand=google&language=zh&os_api=35&os_version=15&manifest_version_code=350101&resolution=1080*2209&dpi=420&update_version_code=35109900&_rticket=1788275980439&package=com.ss.android.ugc.aweme&mcc_mnc=46000&first_launch_timestamp=1788265682&last_deeplink_update_version_code=0&cpu_support64=true&host_abi=arm64-v8a&is_guest_mode=0&app_type=normal&minor_status=0&appTheme=light&is_preinstall=0&need_personal_recommend=1&is_android_pad=0&is_android_fold=0&ts=1788275979&cdid=3c8e225d-27e2-4294-8873-9009960e7908&rom=GOOGLE&has_alipay=0&p_switch=1&rom_version=unknown&luckydog_api_verison=8.87.0-rc.1&luckydog_sdk_verison=8.87.0-rc.1&is_teen_mode=0&status_bar_height=48&lucky_is_32=0&lucky_device_score=8.4364&lucky_device_type=Pixel+6&luckydog_base=ZWkSTskzn9-4_3mhabJfkkR2YvxwBoxiW_rj9VMoqp8uV8Dnf0f6dK7FSZbP_-AydNGWOQD7rvaKeoOAQiH0yX53LPEKSCcT3H7wiR2TaYCUAPcqpsE2JkDGG0-C8LiLPOPbVM3RPQF8jswe2cacoMSNQRsHNuuAWp1VRGjbkUg&luckydog_token=wXnov5t9s9cQ0rPwC9vlX1fC8noemPhjug21LcHCB9_Rp1n5ZVN1FhQwoc1xkfRx&luckydog_data=vMVxwNDHRsvj9mg9HHkvrA
61	200	headers=8	body=0	url=https://aweme.snssdk.com/aweme/ug/general/cold_start?klink_egdi=AAL6F2JRRmTyRcmhfWO8fpeIax20xWdbnFyoOkbHLTA1hgY6i5yr6vS9&iid=3313280560987770&device_id=4087336283154583&ac=wifi&channel=vivo_1128_64&aid=1128&app_name=aweme&version_code=350100&version_name=35.1.0&device_platform=android&os=android&ssmix=a&device_type=Pixel+6&device_brand=google&language=zh&os_api=35&os_version=15&manifest_version_code=350101&resolution=1080*2209&dpi=420&update_version_code=35109900&_rticket=1788275980917&package=com.ss.android.ugc.aweme&mcc_mnc=46000&first_launch_timestamp=1788265682&last_deeplink_update_version_code=0&cpu_support64=true&host_abi=arm64-v8a&is_guest_mode=0&app_type=normal&minor_status=0&appTheme=light&is_preinstall=0&need_personal_recommend=1&is_android_pad=0&is_android_fold=0&ts=1788275980&cdid=3c8e225d-27e2-4294-8873-9009960e7908&luckydog_base=ZWkSTskzn9-4_3mhabJfkkR2YvxwBoxiW_rj9VMoqp8uV8Dnf0f6dK7FSZbP_-AydNGWOQD7rvaKeoOAQiH0yX53LPEKSCcT3H7wiR2TaYCUAPcqpsE2JkDGG0-C8LiLPOPbVM3RPQF8jswe2cacoMSNQRsHNuuAWp1VRGjbkUg&luckydog_token=wXnov5t9s9cQ0rPwC9vlX1fC8noemPhjug21LcHCB9_Rp1n5ZVN1FhQwoc1xkfRx&luckydog_data=vMVxwNDHRsvj9mg9HHkvrA
62	200	headers=0	body=0	url=https://aweme.snssdk.com/aweme/ug/general/cold_start?klink_egdi=AAL6F2JRRmTyRcmhfWO8fpeIax20xWdbnFyoOkbHLTA1hgY6i5yr6vS9&iid=3313280560987770&device_id=4087336283154583&ac=wifi&channel=vivo_1128_64&aid=1128&app_name=aweme&version_code=350100&version_name=35.1.0&device_platform=android&os=android&ssmix=a&device_type=Pixel+6&device_brand=google&language=zh&os_api=35&os_version=15&manifest_version_code=350101&resolution=1080*2209&dpi=420&update_version_code=35109900&_rticket=1788275980917&package=com.ss.android.ugc.aweme&mcc_mnc=46000&first_launch_timestamp=1788265682&last_deeplink_update_version_code=0&cpu_support64=true&host_abi=arm64-v8a&is_guest_mode=0&app_type=normal&minor_status=0&appTheme=light&is_preinstall=0&need_personal_recommend=1&is_android_pad=0&is_android_fold=0&ts=1788275980&cdid=3c8e225d-27e2-4294-8873-9009960e7908&luckydog_base=ZWkSTskzn9-4_3mhabJfkkR2YvxwBoxiW_rj9VMoqp8uV8Dnf0f6dK7FSZbP_-AydNGWOQD7rvaKeoOAQiH0yX53LPEKSCcT3H7wiR2TaYCUAPcqpsE2JkDGG0-C8LiLPOPbVM3RPQF8jswe2cacoMSNQRsHNuuAWp1VRGjbkUg&luckydog_token=wXnov5t9s9cQ0rPwC9vlX1fC8noemPhjug21LcHCB9_Rp1n5ZVN1FhQwoc1xkfRx&luckydog_data=vMVxwNDHRsvj9mg9HHkvrA
63	200	headers=0	body=0	url=https://aweme.snssdk.com/aweme/ug/general/cold_start?klink_egdi=AAL6F2JRRmTyRcmhfWO8fpeIax20xWdbnFyoOkbHLTA1hgY6i5yr6vS9&iid=3313280560987770&device_id=4087336283154583&ac=wifi&channel=vivo_1128_64&aid=1128&app_name=aweme&version_code=350100&version_name=35.1.0&device_platform=android&os=android&ssmix=a&device_type=Pixel+6&device_brand=google&language=zh&os_api=35&os_version=15&manifest_version_code=350101&resolution=1080*2209&dpi=420&update_version_code=35109900&_rticket=1788275980917&package=com.ss.android.ugc.aweme&mcc_mnc=46000&first_launch_timestamp=1788265682&last_deeplink_update_version_code=0&cpu_support64=true&host_abi=arm64-v8a&is_guest_mode=0&app_type=normal&minor_status=0&appTheme=light&is_preinstall=0&need_personal_recommend=1&is_android_pad=0&is_android_fold=0&ts=1788275980&cdid=3c8e225d-27e2-4294-8873-9009960e7908&luckydog_base=ZWkSTskzn9-4_3mhabJfkkR2YvxwBoxiW_rj9VMoqp8uV8Dnf0f6dK7FSZbP_-AydNGWOQD7rvaKeoOAQiH0yX53LPEKSCcT3H7wiR2TaYCUAPcqpsE2JkDGG0-C8LiLPOPbVM3RPQF8jswe2cacoMSNQRsHNuuAWp1VRGjbkUg&luckydog_token=wXnov5t9s9cQ0rPwC9vlX1fC8noemPhjug21LcHCB9_Rp1n5ZVN1FhQwoc1xkfRx&luckydog_data=vMVxwNDHRsvj9mg9HHkvrA
64	200	headers=8	body=127	url=https://aweme.snssdk.com/api/v2/resource/asset-sdk
65	200	headers=8	body=0	url=https://aweme.snssdk.com/aweme/v2/undertaking/settings/?brand_sys_version=0&total_not_incentive_share=0&widget_info=%7B%22follow_small_widget%22%3Afalse%2C%22message_small_widget%22%3Afalse%2C%22friend_message_widget%22%3Afalse%2C%22mall_guide_widget%22%3Afalse%7D&klink_egdi=AAL6F2JRRmTyRcmhfWO8fpeIax20xWdbnFyoOkbHLTA1hgY6i5yr6vS9&iid=3313280560987770&device_id=4087336283154583&ac=wifi&channel=vivo_1128_64&aid=1128&app_name=aweme&version_code=350100&version_name=35.1.0&device_platform=android&os=android&ssmix=a&device_type=Pixel+6&device_brand=google&language=zh&os_api=35&os_version=15&manifest_version_code=350101&resolution=1080*2209&dpi=420&update_version_code=35109900&_rticket=1788275981182&package=com.ss.android.ugc.aweme&mcc_mnc=46000&first_launch_timestamp=1788265682&last_deeplink_update_version_code=0&cpu_support64=true&host_abi=arm64-v8a&is_guest_mode=0&app_type=normal&minor_status=0&appTheme=light&is_preinstall=0&need_personal_recommend=1&is_android_pad=0&is_android_fold=0&ts=1788275980&cdid=3c8e225d-27e2-4294-8873-9009960e7908
66	200	headers=0	body=0	url=https://aweme.snssdk.com/aweme/v2/undertaking/settings/?brand_sys_version=0&total_not_incentive_share=0&widget_info=%7B%22follow_small_widget%22%3Afalse%2C%22message_small_widget%22%3Afalse%2C%22friend_message_widget%22%3Afalse%2C%22mall_guide_widget%22%3Afalse%7D&klink_egdi=AAL6F2JRRmTyRcmhfWO8fpeIax20xWdbnFyoOkbHLTA1hgY6i5yr6vS9&iid=3313280560987770&device_id=4087336283154583&ac=wifi&channel=vivo_1128_64&aid=1128&app_name=aweme&version_code=350100&version_name=35.1.0&device_platform=android&os=android&ssmix=a&device_type=Pixel+6&device_brand=google&language=zh&os_api=35&os_version=15&manifest_version_code=350101&resolution=1080*2209&dpi=420&update_version_code=35109900&_rticket=1788275981182&package=com.ss.android.ugc.aweme&mcc_mnc=46000&first_launch_timestamp=1788265682&last_deeplink_update_version_code=0&cpu_support64=true&host_abi=arm64-v8a&is_guest_mode=0&app_type=normal&minor_status=0&appTheme=light&is_preinstall=0&need_personal_recommend=1&is_android_pad=0&is_android_fold=0&ts=1788275980&cdid=3c8e225d-27e2-4294-8873-9009960e7908
67	200	headers=0	body=0	url=https://aweme.snssdk.com/aweme/v2/undertaking/settings/?brand_sys_version=0&total_not_incentive_share=0&widget_info=%7B%22follow_small_widget%22%3Afalse%2C%22message_small_widget%22%3Afalse%2C%22friend_message_widget%22%3Afalse%2C%22mall_guide_widget%22%3Afalse%7D&klink_egdi=AAL6F2JRRmTyRcmhfWO8fpeIax20xWdbnFyoOkbHLTA1hgY6i5yr6vS9&iid=3313280560987770&device_id=4087336283154583&ac=wifi&channel=vivo_1128_64&aid=1128&app_name=aweme&version_code=350100&version_name=35.1.0&device_platform=android&os=android&ssmix=a&device_type=Pixel+6&device_brand=google&language=zh&os_api=35&os_version=15&manifest_version_code=350101&resolution=1080*2209&dpi=420&update_version_code=35109900&_rticket=1788275981182&package=com.ss.android.ugc.aweme&mcc_mnc=46000&first_launch_timestamp=1788265682&last_deeplink_update_version_code=0&cpu_support64=true&host_abi=arm64-v8a&is_guest_mode=0&app_type=normal&minor_status=0&appTheme=light&is_preinstall=0&need_personal_recommend=1&is_android_pad=0&is_android_fold=0&ts=1788275980&cdid=3c8e225d-27e2-4294-8873-9009960e7908
68	200	headers=8	body=0	url=https://aweme.snssdk.com/aweme/homepage/component/?interface_version=v2&domain_data_hash=%7B%22homepage%22%3A%225715cdaac14dc017813156e6d4ce5604%22%2C%22feed%22%3A%22dd80676eddbc9994a78cbdd96eacf786%22%2C%22pop_view%22%3A%229631dcbbd6404968da6fd89bd2faed56%22%7D&optimize_link_enable=1&klink_egdi=AAL6F2JRRmTyRcmhfWO8fpeIax20xWdbnFyoOkbHLTA1hgY6i5yr6vS9&iid=3313280560987770&device_id=4087336283154583&ac=wifi&channel=vivo_1128_64&aid=1128&app_name=aweme&version_code=350100&version_name=35.1.0&device_platform=android&os=android&ssmix=a&device_type=Pixel+6&device_brand=google&language=zh&os_api=35&os_version=15&manifest_version_code=350101&resolution=1080*2209&dpi=420&update_version_code=35109900&_rticket=1788275981446&package=com.ss.android.ugc.aweme&mcc_mnc=46000&first_launch_timestamp=1788265682&last_deeplink_update_version_code=0&cpu_support64=true&host_abi=arm64-v8a&is_guest_mode=0&app_type=normal&minor_status=0&appTheme=light&is_preinstall=0&need_personal_recommend=1&is_android_pad=0&is_android_fold=0&ts=1788275981&cdid=3c8e225d-27e2-4294-8873-9009960e7908
69	200	headers=0	body=0	url=https://aweme.snssdk.com/aweme/homepage/component/?interface_version=v2&domain_data_hash=%7B%22homepage%22%3A%225715cdaac14dc017813156e6d4ce5604%22%2C%22feed%22%3A%22dd80676eddbc9994a78cbdd96eacf786%22%2C%22pop_view%22%3A%229631dcbbd6404968da6fd89bd2faed56%22%7D&optimize_link_enable=1&klink_egdi=AAL6F2JRRmTyRcmhfWO8fpeIax20xWdbnFyoOkbHLTA1hgY6i5yr6vS9&iid=3313280560987770&device_id=4087336283154583&ac=wifi&channel=vivo_1128_64&aid=1128&app_name=aweme&version_code=350100&version_name=35.1.0&device_platform=android&os=android&ssmix=a&device_type=Pixel+6&device_brand=google&language=zh&os_api=35&os_version=15&manifest_version_code=350101&resolution=1080*2209&dpi=420&update_version_code=35109900&_rticket=1788275981446&package=com.ss.android.ugc.aweme&mcc_mnc=46000&first_launch_timestamp=1788265682&last_deeplink_update_version_code=0&cpu_support64=true&host_abi=arm64-v8a&is_guest_mode=0&app_type=normal&minor_status=0&appTheme=light&is_preinstall=0&need_personal_recommend=1&is_android_pad=0&is_android_fold=0&ts=1788275981&cdid=3c8e225d-27e2-4294-8873-9009960e7908
70	200	headers=0	body=0	url=https://aweme.snssdk.com/aweme/homepage/component/?interface_version=v2&domain_data_hash=%7B%22homepage%22%3A%225715cdaac14dc017813156e6d4ce5604%22%2C%22feed%22%3A%22dd80676eddbc9994a78cbdd96eacf786%22%2C%22pop_view%22%3A%229631dcbbd6404968da6fd89bd2faed56%22%7D&optimize_link_enable=1&klink_egdi=AAL6F2JRRmTyRcmhfWO8fpeIax20xWdbnFyoOkbHLTA1hgY6i5yr6vS9&iid=3313280560987770&device_id=4087336283154583&ac=wifi&channel=vivo_1128_64&aid=1128&app_name=aweme&version_code=350100&version_name=35.1.0&device_platform=android&os=android&ssmix=a&device_type=Pixel+6&device_brand=google&language=zh&os_api=35&os_version=15&manifest_version_code=350101&resolution=1080*2209&dpi=420&update_version_code=35109900&_rticket=1788275981446&package=com.ss.android.ugc.aweme&mcc_mnc=46000&first_launch_timestamp=1788265682&last_deeplink_update_version_code=0&cpu_support64=true&host_abi=arm64-v8a&is_guest_mode=0&app_type=normal&minor_status=0&appTheme=light&is_preinstall=0&need_personal_recommend=1&is_android_pad=0&is_android_fold=0&ts=1788275981&cdid=3c8e225d-27e2-4294-8873-9009960e7908
71	200	headers=11	body=454	url=https://ib.snssdk.com/cloudpush/promotion/keep_alive/?alliance_sdk_version_code=30915&country=CN&push_sdk_version=30915&iid=3313280560987770&channel=vivo_1128_64&is_foreground=1&device_type=Pixel+6&language=zh&os_detail_type=android&device_manufacturer=Google&platform=phone&update_version_code=35109900&rom=13003188&os_api=35&tz_name=Asia%2FShanghai&push_sdk_version_name=3.9.15-rc.0&tz_offset=28800&alliance_sdk_version_name=3.9.15-rc.0&dpi=420&push_device_id=9ef28bf85093b31974844d7d61475f21ae88753e51557ea53aeb1e4c14125f38&ac=wifi&package=com.ss.android.ugc.aweme&device_id=4087336283154583&os=android&os_version=15&version_code=350100&proxy_support_type=3&app_name=aweme&version_name=35.1.0&device_brand=google&region=cn&aid=1128&rom_version=35&klink_egdi=AAL6F2JRRmTyRcmhfWO8fpeIax20xWdbnFyoOkbHLTA1hgY6i5yr6vS9&device_platform=android&ssmix=a&manifest_version_code=350101&resolution=1080*2209&_rticket=1788275982609&mcc_mnc=46000&first_launch_timestamp=1788265682&last_deeplink_update_version_code=0&cpu_support64=true&host_abi=arm64-v8a&is_guest_mode=0&app_type=normal&minor_status=0&appTheme=light&is_preinstall=0&need_personal_recommend=1&is_android_pad=0&is_android_fold=0&ts=1788275982&cdid=3c8e225d-27e2-4294-8873-9009960e7908
72	200	headers=0	body=0	url=https://aweme.snssdk.com/check_version/v7/?cpu_abi=arm64-v8a%2C+armeabi-v7a%2C+armeabi&md5=727ebb107c4cc6a5035869afb3e6fc9b&diff_sdk_version=1&call_type=1&klink_egdi=AAL6F2JRRmTyRcmhfWO8fpeIax20xWdbnFyoOkbHLTA1hgY6i5yr6vS9&iid=3313280560987770&device_id=4087336283154583&ac=wifi&channel=vivo_1128_64&aid=1128&app_name=aweme&version_code=350100&version_name=35.1.0&device_platform=android&os=android&ssmix=a&device_type=Pixel+6&device_brand=google&language=zh&os_api=35&os_version=15&manifest_version_code=350101&resolution=1080*2209&dpi=420&update_version_code=35109900&_rticket=1788275982568&package=com.ss.android.ugc.aweme&mcc_mnc=46000&first_launch_timestamp=1788265682&last_deeplink_update_version_code=0&cpu_support64=true&host_abi=arm64-v8a&is_guest_mode=0&app_type=normal&minor_status=0&appTheme=light&is_preinstall=0&need_personal_recommend=1&is_android_pad=0&is_android_fold=0&ts=1788275981&cdid=3c8e225d-27e2-4294-8873-9009960e7908
73	200	headers=0	body=0	url=https://aweme.snssdk.com/check_version/v7/?cpu_abi=arm64-v8a%2C+armeabi-v7a%2C+armeabi&md5=727ebb107c4cc6a5035869afb3e6fc9b&diff_sdk_version=1&call_type=1&klink_egdi=AAL6F2JRRmTyRcmhfWO8fpeIax20xWdbnFyoOkbHLTA1hgY6i5yr6vS9&iid=3313280560987770&device_id=4087336283154583&ac=wifi&channel=vivo_1128_64&aid=1128&app_name=aweme&version_code=350100&version_name=35.1.0&device_platform=android&os=android&ssmix=a&device_type=Pixel+6&device_brand=google&language=zh&os_api=35&os_version=15&manifest_version_code=350101&resolution=1080*2209&dpi=420&update_version_code=35109900&_rticket=1788275982568&package=com.ss.android.ugc.aweme&mcc_mnc=46000&first_launch_timestamp=1788265682&last_deeplink_update_version_code=0&cpu_support64=true&host_abi=arm64-v8a&is_guest_mode=0&app_type=normal&minor_status=0&appTheme=light&is_preinstall=0&need_personal_recommend=1&is_android_pad=0&is_android_fold=0&ts=1788275981&cdid=3c8e225d-27e2-4294-8873-9009960e7908
74	200	headers=0	body=0	url=https://aweme.snssdk.com/check_version/v7/?cpu_abi=arm64-v8a%2C+armeabi-v7a%2C+armeabi&md5=727ebb107c4cc6a5035869afb3e6fc9b&diff_sdk_version=1&call_type=1&klink_egdi=AAL6F2JRRmTyRcmhfWO8fpeIax20xWdbnFyoOkbHLTA1hgY6i5yr6vS9&iid=3313280560987770&device_id=4087336283154583&ac=wifi&channel=vivo_1128_64&aid=1128&app_name=aweme&version_code=350100&version_name=35.1.0&device_platform=android&os=android&ssmix=a&device_type=Pixel+6&device_brand=google&language=zh&os_api=35&os_version=15&manifest_version_code=350101&resolution=1080*2209&dpi=420&update_version_code=35109900&_rticket=1788275982568&package=com.ss.android.ugc.aweme&mcc_mnc=46000&first_launch_timestamp=1788265682&last_deeplink_update_version_code=0&cpu_support64=true&host_abi=arm64-v8a&is_guest_mode=0&app_type=normal&minor_status=0&appTheme=light&is_preinstall=0&need_personal_recommend=1&is_android_pad=0&is_android_fold=0&ts=1788275981&cdid=3c8e225d-27e2-4294-8873-9009960e7908
75	200	headers=11	body=3046	url=https://aweme.snssdk.com/service/2/app_log/?version_code=350100&device_platform=android&device_id=4087336283154583&aid=1128&iid=3313280560987770&tt_data=a
76	200	headers=1	body=1060	url=https://mssdk.bytedance.com/sdi/get_token?lc_id=1588093228&platform=android&device_platform=android&sdk_ver=v04.09.05-ml-android&sdk_ver_code=67699968&app_ver=35.1.0&version_code=350101&aid=1128&sdkid&subaid&iid=3313280560987770&did=4087336283154583&bd_did&client_type=inhouse&region_type=ml&mode=2&full_update_version_code=35109900
77	200	headers=9	body=10130	url=https://mssdk.bytedance.com/ri/report?lc_id=1588093228&platform=android&device_platform=android&sdk_ver=v04.09.05-ml-android&sdk_ver_code=67699968&app_ver=35.1.0&version_code=350101&aid=1128&sdkid&subaid&iid=3313280560987770&did=4087336283154583&bd_did&client_type=inhouse&region_type=ml&mode=3&full_update_version_code=35109900
78	200	headers=13	body=149	url=https://ecom.snssdk.com/aweme/v2/commerce/bubble/trigger?klink_egdi=AAL6F2JRRmTyRcmhfWO8fpeIax20xWdbnFyoOkbHLTA1hgY6i5yr6vS9&iid=3313280560987770&device_id=4087336283154583&ac=wifi&channel=vivo_1128_64&aid=1128&app_name=aweme&version_code=350100&version_name=35.1.0&device_platform=android&os=android&ssmix=a&device_type=Pixel+6&device_brand=google&language=zh&os_api=35&os_version=15&manifest_version_code=350101&resolution=1080*2209&dpi=420&update_version_code=35109900&_rticket=1788275986712&package=com.ss.android.ugc.aweme&mcc_mnc=46000&first_launch_timestamp=1788265682&last_deeplink_update_version_code=0&cpu_support64=true&host_abi=arm64-v8a&is_guest_mode=0&app_type=normal&minor_status=0&appTheme=light&is_preinstall=0&need_personal_recommend=1&is_android_pad=0&is_android_fold=0&ts=1788275986&cdid=3c8e225d-27e2-4294-8873-9009960e7908
79	200	headers=12	body=516	url=https://aweme.snssdk.com/aweme/v1/aweme/stats/?klink_egdi=AAL6F2JRRmTyRcmhfWO8fpeIax20xWdbnFyoOkbHLTA1hgY6i5yr6vS9&iid=3313280560987770&device_id=4087336283154583&ac=wifi&channel=vivo_1128_64&aid=1128&app_name=aweme&version_code=350100&version_name=35.1.0&device_platform=android&os=android&ssmix=a&device_type=Pixel+6&device_brand=google&language=zh&os_api=35&os_version=15&manifest_version_code=350101&resolution=1080*2209&dpi=420&update_version_code=35109900&_rticket=1788275988217&package=com.ss.android.ugc.aweme&mcc_mnc=46000&first_launch_timestamp=1788265682&last_deeplink_update_version_code=0&cpu_support64=true&host_abi=arm64-v8a&is_guest_mode=0&app_type=normal&minor_status=0&appTheme=light&is_preinstall=0&need_personal_recommend=1&is_android_pad=0&is_android_fold=0&ts=1788275987&cdid=3c8e225d-27e2-4294-8873-9009960e7908
80	200	headers=11	body=33	url=https://aweme.snssdk.com/privacy/setting/change?klink_egdi=AAL6F2JRRmTyRcmhfWO8fpeIax20xWdbnFyoOkbHLTA1hgY6i5yr6vS9&iid=3313280560987770&device_id=4087336283154583&ac=wifi&channel=vivo_1128_64&aid=1128&app_name=aweme&version_code=350100&version_name=35.1.0&device_platform=android&os=android&ssmix=a&device_type=Pixel+6&device_brand=google&language=zh&os_api=35&os_version=15&manifest_version_code=350101&resolution=1080*2209&dpi=420&update_version_code=35109900&_rticket=1788275988558&package=com.ss.android.ugc.aweme&mcc_mnc=46000&first_launch_timestamp=1788265682&last_deeplink_update_version_code=0&cpu_support64=true&host_abi=arm64-v8a&is_guest_mode=0&app_type=normal&minor_status=0&appTheme=light&is_preinstall=0&need_personal_recommend=1&is_android_pad=0&is_android_fold=0&ts=1788275988&cdid=3c8e225d-27e2-4294-8873-9009960e7908
81	200	headers=4	body=0	url=https://p26-safelight.byteimg.com/tos-cn-i-t3x0yrcw7c/user_declaration_16_16_true.png~tplv-t3x0yrcw7c-3.png
82	200	headers=0	body=0	url=https://p26-safelight.byteimg.com/tos-cn-i-t3x0yrcw7c/user_declaration_16_16_true.png~tplv-t3x0yrcw7c-3.png
83	200	headers=11	body=18118	url=https://aweme.snssdk.com/service/2/app_log/?version_code=350100&device_platform=android&device_id=4087336283154583&aid=1128&iid=3313280560987770&tt_data=a
84	200	headers=8	body=0	url=https://abtest-ch.snssdk.com/common?cj_pay_sdk_version=7.6.9&ecomterm_sdk_version=39200&klink_egdi=AAL6F2JRRmTyRcmhfWO8fpeIax20xWdbnFyoOkbHLTA1hgY6i5yr6vS9&iid=3313280560987770&device_id=4087336283154583&ac=wifi&channel=vivo_1128_64&aid=1128&app_name=aweme&version_code=350100&version_name=35.1.0&device_platform=android&os=android&ssmix=a&device_type=Pixel+6&device_brand=google&language=zh&os_api=35&os_version=15&manifest_version_code=350101&resolution=1080*2209&dpi=420&update_version_code=35109900&_rticket=1788275993084&package=com.ss.android.ugc.aweme&mcc_mnc=46000&first_launch_timestamp=1788265682&last_deeplink_update_version_code=0&cpu_support64=true&host_abi=arm64-v8a&is_guest_mode=0&app_type=normal&minor_status=0&appTheme=light&is_preinstall=0&need_personal_recommend=1&is_android_pad=0&is_android_fold=0&ts=1788275992&cdid=3c8e225d-27e2-4294-8873-9009960e7908
85	200	headers=0	body=0	url=https://abtest-ch.snssdk.com/common?cj_pay_sdk_version=7.6.9&ecomterm_sdk_version=39200&klink_egdi=AAL6F2JRRmTyRcmhfWO8fpeIax20xWdbnFyoOkbHLTA1hgY6i5yr6vS9&iid=3313280560987770&device_id=4087336283154583&ac=wifi&channel=vivo_1128_64&aid=1128&app_name=aweme&version_code=350100&version_name=35.1.0&device_platform=android&os=android&ssmix=a&device_type=Pixel+6&device_brand=google&language=zh&os_api=35&os_version=15&manifest_version_code=350101&resolution=1080*2209&dpi=420&update_version_code=35109900&_rticket=1788275993084&package=com.ss.android.ugc.aweme&mcc_mnc=46000&first_launch_timestamp=1788265682&last_deeplink_update_version_code=0&cpu_support64=true&host_abi=arm64-v8a&is_guest_mode=0&app_type=normal&minor_status=0&appTheme=light&is_preinstall=0&need_personal_recommend=1&is_android_pad=0&is_android_fold=0&ts=1788275992&cdid=3c8e225d-27e2-4294-8873-9009960e7908
86	200	headers=0	body=0	url=https://abtest-ch.snssdk.com/common?cj_pay_sdk_version=7.6.9&ecomterm_sdk_version=39200&klink_egdi=AAL6F2JRRmTyRcmhfWO8fpeIax20xWdbnFyoOkbHLTA1hgY6i5yr6vS9&iid=3313280560987770&device_id=4087336283154583&ac=wifi&channel=vivo_1128_64&aid=1128&app_name=aweme&version_code=350100&version_name=35.1.0&device_platform=android&os=android&ssmix=a&device_type=Pixel+6&device_brand=google&language=zh&os_api=35&os_version=15&manifest_version_code=350101&resolution=1080*2209&dpi=420&update_version_code=35109900&_rticket=1788275993084&package=com.ss.android.ugc.aweme&mcc_mnc=46000&first_launch_timestamp=1788265682&last_deeplink_update_version_code=0&cpu_support64=true&host_abi=arm64-v8a&is_guest_mode=0&app_type=normal&minor_status=0&appTheme=light&is_preinstall=0&need_personal_recommend=1&is_android_pad=0&is_android_fold=0&ts=1788275992&cdid=3c8e225d-27e2-4294-8873-9009960e7908
87	200	headers=9	body=10210	url=https://mssdk.bytedance.com/ri/report?lc_id=1588093228&platform=android&device_platform=android&sdk_ver=v04.09.05-ml-android&sdk_ver_code=67699968&app_ver=35.1.0&version_code=350101&aid=1128&sdkid&subaid&iid=3313280560987770&did=4087336283154583&bd_did&client_type=inhouse&region_type=ml&mode=3&full_update_version_code=35109900
88	200	headers=11	body=51	url=https://aweme.snssdk.com/aweme/v2/video/safety/check/?klink_egdi=AAL6F2JRRmTyRcmhfWO8fpeIax20xWdbnFyoOkbHLTA1hgY6i5yr6vS9&iid=3313280560987770&device_id=4087336283154583&ac=wifi&channel=vivo_1128_64&aid=1128&app_name=aweme&version_code=350100&version_name=35.1.0&device_platform=android&os=android&ssmix=a&device_type=Pixel+6&device_brand=google&language=zh&os_api=35&os_version=15&manifest_version_code=350101&resolution=1080*2209&dpi=420&update_version_code=35109900&_rticket=1788275995749&package=com.ss.android.ugc.aweme&mcc_mnc=46000&first_launch_timestamp=1788265682&last_deeplink_update_version_code=0&cpu_support64=true&host_abi=arm64-v8a&is_guest_mode=0&app_type=normal&minor_status=0&appTheme=light&is_preinstall=0&need_personal_recommend=1&is_android_pad=0&is_android_fold=0&ts=1788275995&cdid=3c8e225d-27e2-4294-8873-9009960e7908
89	200	headers=3	body=0	url=https://lf-webcast-gr-sourcecdn.bytegecko.com/obj/byte-gurd-source-gr/webcast/cdn/api/scheme_config/api.roma.config.json?sdkVersion=1&klink_egdi=AAL6F2JRRmTyRcmhfWO8fpeIax20xWdbnFyoOkbHLTA1hgY6i5yr6vS9&iid=3313280560987770&device_id=4087336283154583&ac=wifi&channel=vivo_1128_64&aid=1128&app_name=aweme&version_code=350100&version_name=35.1.0&device_platform=android&os=android&ssmix=a&device_type=Pixel+6&device_brand=google&language=zh&os_api=35&os_version=15&manifest_version_code=350101&resolution=1080*2209&dpi=420&update_version_code=35109900&_rticket=1788275996014&package=com.ss.android.ugc.aweme&mcc_mnc=46000&first_launch_timestamp=1788265682&last_deeplink_update_version_code=0&cpu_support64=true&host_abi=arm64-v8a&is_guest_mode=0&app_type=normal&minor_status=0&appTheme=light&is_preinstall=0&need_personal_recommend=1&is_android_pad=0&is_android_fold=0&ts=1788275995&cdid=3c8e225d-27e2-4294-8873-9009960e7908
90	200	headers=0	body=0	url=https://lf-webcast-gr-sourcecdn.bytegecko.com/obj/byte-gurd-source-gr/webcast/cdn/api/scheme_config/api.roma.config.json?sdkVersion=1&klink_egdi=AAL6F2JRRmTyRcmhfWO8fpeIax20xWdbnFyoOkbHLTA1hgY6i5yr6vS9&iid=3313280560987770&device_id=4087336283154583&ac=wifi&channel=vivo_1128_64&aid=1128&app_name=aweme&version_code=350100&version_name=35.1.0&device_platform=android&os=android&ssmix=a&device_type=Pixel+6&device_brand=google&language=zh&os_api=35&os_version=15&manifest_version_code=350101&resolution=1080*2209&dpi=420&update_version_code=35109900&_rticket=1788275996014&package=com.ss.android.ugc.aweme&mcc_mnc=46000&first_launch_timestamp=1788265682&last_deeplink_update_version_code=0&cpu_support64=true&host_abi=arm64-v8a&is_guest_mode=0&app_type=normal&minor_status=0&appTheme=light&is_preinstall=0&need_personal_recommend=1&is_android_pad=0&is_android_fold=0&ts=1788275995&cdid=3c8e225d-27e2-4294-8873-9009960e7908
91	200	headers=0	body=0	url=https://lf-webcast-gr-sourcecdn.bytegecko.com/obj/byte-gurd-source-gr/webcast/cdn/api/scheme_config/api.roma.config.json?sdkVersion=1&klink_egdi=AAL6F2JRRmTyRcmhfWO8fpeIax20xWdbnFyoOkbHLTA1hgY6i5yr6vS9&iid=3313280560987770&device_id=4087336283154583&ac=wifi&channel=vivo_1128_64&aid=1128&app_name=aweme&version_code=350100&version_name=35.1.0&device_platform=android&os=android&ssmix=a&device_type=Pixel+6&device_brand=google&language=zh&os_api=35&os_version=15&manifest_version_code=350101&resolution=1080*2209&dpi=420&update_version_code=35109900&_rticket=1788275996014&package=com.ss.android.ugc.aweme&mcc_mnc=46000&first_launch_timestamp=1788265682&last_deeplink_update_version_code=0&cpu_support64=true&host_abi=arm64-v8a&is_guest_mode=0&app_type=normal&minor_status=0&appTheme=light&is_preinstall=0&need_personal_recommend=1&is_android_pad=0&is_android_fold=0&ts=1788275995&cdid=3c8e225d-27e2-4294-8873-9009960e7908
92	200	headers=12	body=519	url=https://aweme.snssdk.com/aweme/v1/aweme/stats/?klink_egdi=AAL6F2JRRmTyRcmhfWO8fpeIax20xWdbnFyoOkbHLTA1hgY6i5yr6vS9&iid=3313280560987770&device_id=4087336283154583&ac=wifi&channel=vivo_1128_64&aid=1128&app_name=aweme&version_code=350100&version_name=35.1.0&device_platform=android&os=android&ssmix=a&device_type=Pixel+6&device_brand=google&language=zh&os_api=35&os_version=15&manifest_version_code=350101&resolution=1080*2209&dpi=420&update_version_code=35109900&_rticket=1788275996811&package=com.ss.android.ugc.aweme&mcc_mnc=46000&first_launch_timestamp=1788265682&last_deeplink_update_version_code=0&cpu_support64=true&host_abi=arm64-v8a&is_guest_mode=0&app_type=normal&minor_status=0&appTheme=light&is_preinstall=0&need_personal_recommend=1&is_android_pad=0&is_android_fold=0&ts=1788275995&cdid=3c8e225d-27e2-4294-8873-9009960e7908
93	200	headers=8	body=0	url=https://aweme.snssdk.com/aweme/v1/danmaku/activity/get/?klink_egdi=AAL6F2JRRmTyRcmhfWO8fpeIax20xWdbnFyoOkbHLTA1hgY6i5yr6vS9&iid=3313280560987770&device_id=4087336283154583&ac=wifi&channel=vivo_1128_64&aid=1128&app_name=aweme&version_code=350100&version_name=35.1.0&device_platform=android&os=android&ssmix=a&device_type=Pixel+6&device_brand=google&language=zh&os_api=35&os_version=15&manifest_version_code=350101&resolution=1080*2209&dpi=420&update_version_code=35109900&_rticket=1788275999871&package=com.ss.android.ugc.aweme&mcc_mnc=46000&first_launch_timestamp=1788265682&last_deeplink_update_version_code=0&cpu_support64=true&host_abi=arm64-v8a&is_guest_mode=0&app_type=normal&minor_status=0&appTheme=light&is_preinstall=0&need_personal_recommend=1&is_android_pad=0&is_android_fold=0&ts=1788275999&cdid=3c8e225d-27e2-4294-8873-9009960e7908
94	200	headers=0	body=0	url=https://aweme.snssdk.com/aweme/v1/danmaku/activity/get/?klink_egdi=AAL6F2JRRmTyRcmhfWO8fpeIax20xWdbnFyoOkbHLTA1hgY6i5yr6vS9&iid=3313280560987770&device_id=4087336283154583&ac=wifi&channel=vivo_1128_64&aid=1128&app_name=aweme&version_code=350100&version_name=35.1.0&device_platform=android&os=android&ssmix=a&device_type=Pixel+6&device_brand=google&language=zh&os_api=35&os_version=15&manifest_version_code=350101&resolution=1080*2209&dpi=420&update_version_code=35109900&_rticket=1788275999871&package=com.ss.android.ugc.aweme&mcc_mnc=46000&first_launch_timestamp=1788265682&last_deeplink_update_version_code=0&cpu_support64=true&host_abi=arm64-v8a&is_guest_mode=0&app_type=normal&minor_status=0&appTheme=light&is_preinstall=0&need_personal_recommend=1&is_android_pad=0&is_android_fold=0&ts=1788275999&cdid=3c8e225d-27e2-4294-8873-9009960e7908
95	200	headers=0	body=0	url=https://aweme.snssdk.com/aweme/v1/danmaku/activity/get/?klink_egdi=AAL6F2JRRmTyRcmhfWO8fpeIax20xWdbnFyoOkbHLTA1hgY6i5yr6vS9&iid=3313280560987770&device_id=4087336283154583&ac=wifi&channel=vivo_1128_64&aid=1128&app_name=aweme&version_code=350100&version_name=35.1.0&device_platform=android&os=android&ssmix=a&device_type=Pixel+6&device_brand=google&language=zh&os_api=35&os_version=15&manifest_version_code=350101&resolution=1080*2209&dpi=420&update_version_code=35109900&_rticket=1788275999871&package=com.ss.android.ugc.aweme&mcc_mnc=46000&first_launch_timestamp=1788265682&last_deeplink_update_version_code=0&cpu_support64=true&host_abi=arm64-v8a&is_guest_mode=0&app_type=normal&minor_status=0&appTheme=light&is_preinstall=0&need_personal_recommend=1&is_android_pad=0&is_android_fold=0&ts=1788275999&cdid=3c8e225d-27e2-4294-8873-9009960e7908
96	200	headers=4	body=0	url=https://n98-lf-effect-302-sub.byteeffecttos.com/obj/ies.fe.effect/c3e1fa7e850bbb7aab08d3190fd33d49
97	200	headers=0	body=0	url=https://1e10adc3949ba59abr72ibemtwyvof2l2vgmnbtjxka.dahhxxttxs.com:8889/lf5-effect-302-ncdn.byteeffecttos.com/obj/ies.fe.effect/c3e1fa7e850bbb7aab08d3190fd33d49?bdcdn_rkey=vt80_gdszcm344_acdn&cts=0&nqck=0&real_host=bGY1LWVmZmVjdC0zMDItbmNkbi5ieXRlZWZmZWN0dG9zLmNvbQ%3D%3D&x_r_id=b114b588fc84e6b6a0e012efed91dba8
98	200	headers=8	body=0	url=https://abtest-ch.snssdk.com/common?host_app_name=aweme&device_id=4087336283154583&user_id&os_version=15&channel=vivo_1128_64&host_version=35.1.0&sdk_version=2.0.0&device_platform=Android&device_type=oriole&host_app_id=1128&app_id=349653
99	200	headers=0	body=0	url=https://abtest-ch.snssdk.com/common?host_app_name=aweme&device_id=4087336283154583&user_id&os_version=15&channel=vivo_1128_64&host_version=35.1.0&sdk_version=2.0.0&device_platform=Android&device_type=oriole&host_app_id=1128&app_id=349653
