1	200	headers=12	body=254	url=https://aweme.snssdk.com/aweme/homepage/render/?is_click_agree_privacy=false&client_ability=1&client_mode=0&reason=cold_launch&req_interval=0&sec_uid&klink_egdi=AAL6F2JRRmTyRcmhfWO8fpeIax20xWdbnFyoOkbHLTA1hgY6i5yr6vS9&iid=3313280560987770&device_id=4087336283154583&ac=wifi&channel=vivo_1128_64&aid=1128&app_name=aweme&version_code=350100&version_name=35.1.0&device_platform=android&os=android&ssmix=a&device_type=Pixel+6&device_brand=google&language=zh&os_api=35&os_version=15&manifest_version_code=350101&resolution=1080*2209&dpi=420&update_version_code=35109900&_rticket=1788274393564&package=com.ss.android.ugc.aweme&mcc_mnc=46000&first_launch_timestamp=1788265682&last_deeplink_update_version_code=0&cpu_support64=true&host_abi=arm64-v8a&is_guest_mode=0&app_type=normal&minor_status=0&appTheme=light&is_preinstall=0&need_personal_recommend=1&is_android_pad=0&is_android_fold=0&ts=1788274393&cdid=3c8e225d-27e2-4294-8873-9009960e7908
2	200	headers=0	body=0	url=https://abtest-ch.snssdk.com/common?ecomterm_sdk_version=39200&klink_egdi=AAL6F2JRRmTyRcmhfWO8fpeIax20xWdbnFyoOkbHLTA1hgY6i5yr6vS9&iid=3313280560987770&device_id=4087336283154583&ac=wifi&channel=vivo_1128_64&aid=1128&app_name=aweme&version_code=350100&version_name=35.1.0&device_platform=android&os=android&ssmix=a&device_type=Pixel+6&device_brand=google&language=zh&os_api=35&os_version=15&manifest_version_code=350101&resolution=1080*2209&dpi=420&update_version_code=35109900&_rticket=1788274380883&package=com.ss.android.ugc.aweme&mcc_mnc=46000&first_launch_timestamp=1788265682&last_deeplink_update_version_code=0&cpu_support64=true&host_abi=arm64-v8a&is_guest_mode=0&app_type=normal&minor_status=0&appTheme=light&is_preinstall=0&need_personal_recommend=1&is_android_pad=0&is_android_fold=0&ts=1788274380&cdid=3c8e225d-27e2-4294-8873-9009960e7908
3	200	headers=0	body=0	url=https://abtest-ch.snssdk.com/common?ecomterm_sdk_version=39200&klink_egdi=AAL6F2JRRmTyRcmhfWO8fpeIax20xWdbnFyoOkbHLTA1hgY6i5yr6vS9&iid=3313280560987770&device_id=4087336283154583&ac=wifi&channel=vivo_1128_64&aid=1128&app_name=aweme&version_code=350100&version_name=35.1.0&device_platform=android&os=android&ssmix=a&device_type=Pixel+6&device_brand=google&language=zh&os_api=35&os_version=15&manifest_version_code=350101&resolution=1080*2209&dpi=420&update_version_code=35109900&_rticket=1788274380883&package=com.ss.android.ugc.aweme&mcc_mnc=46000&first_launch_timestamp=1788265682&last_deeplink_update_version_code=0&cpu_support64=true&host_abi=arm64-v8a&is_guest_mode=0&app_type=normal&minor_status=0&appTheme=light&is_preinstall=0&need_personal_recommend=1&is_android_pad=0&is_android_fold=0&ts=1788274380&cdid=3c8e225d-27e2-4294-8873-9009960e7908
4	200	headers=0	body=0	url=https://abtest-ch.snssdk.com/common?aid=1128&device_id=4087336283154583&klink_egdi=AAL6F2JRRmTyRcmhfWO8fpeIax20xWdbnFyoOkbHLTA1hgY6i5yr6vS9&iid=3313280560987770&ac=wifi&channel=vivo_1128_64&app_name=aweme&version_code=350100&version_name=35.1.0&device_platform=android&os=android&ssmix=a&device_type=Pixel+6&device_brand=google&language=zh&os_api=35&os_version=15&manifest_version_code=350101&resolution=1080*2209&dpi=420&update_version_code=35109900&_rticket=1788274395128&package=com.ss.android.ugc.aweme&mcc_mnc=46000&first_launch_timestamp=1788265682&last_deeplink_update_version_code=0&cpu_support64=true&host_abi=arm64-v8a&is_guest_mode=0&app_type=normal&minor_status=0&appTheme=light&is_preinstall=0&need_personal_recommend=1&is_android_pad=0&is_android_fold=0&ts=1788274395&cdid=3c8e225d-27e2-4294-8873-9009960e7908
5	200	headers=0	body=0	url=https://abtest-ch.snssdk.com/common?aid=1128&device_id=4087336283154583&klink_egdi=AAL6F2JRRmTyRcmhfWO8fpeIax20xWdbnFyoOkbHLTA1hgY6i5yr6vS9&iid=3313280560987770&ac=wifi&channel=vivo_1128_64&app_name=aweme&version_code=350100&version_name=35.1.0&device_platform=android&os=android&ssmix=a&device_type=Pixel+6&device_brand=google&language=zh&os_api=35&os_version=15&manifest_version_code=350101&resolution=1080*2209&dpi=420&update_version_code=35109900&_rticket=1788274395128&package=com.ss.android.ugc.aweme&mcc_mnc=46000&first_launch_timestamp=1788265682&last_deeplink_update_version_code=0&cpu_support64=true&host_abi=arm64-v8a&is_guest_mode=0&app_type=normal&minor_status=0&appTheme=light&is_preinstall=0&need_personal_recommend=1&is_android_pad=0&is_android_fold=0&ts=1788274395&cdid=3c8e225d-27e2-4294-8873-9009960e7908
6	200	headers=0	body=0	url=https://aweme.snssdk.com/service/settings/v3/?caller_name=lynx&os_type=android&aid=1128&sdk_version=3.3.1-rc.14&app_version=35.1.0&device_id=4087336283154583&channel=vivo_1128_64&settings_time=1788271785
7	200	headers=1	body=0	url=https://aweme.snssdk.com/aweme/v1/settings/?cpu_model=oriole&oid=3&last_settings_version=%7B%22version_code%22%3A%22350100%22%7D&klink_egdi=AAL6F2JRRmTyRcmhfWO8fpeIax20xWdbnFyoOkbHLTA1hgY6i5yr6vS9&iid=3313280560987770&device_id=4087336283154583&ac=wifi&channel=vivo_1128_64&aid=1128&app_name=aweme&version_code=350100&version_name=35.1.0&device_platform=android&os=android&ssmix=a&device_type=Pixel+6&device_brand=google&language=zh&os_api=35&os_version=15&manifest_version_code=350101&resolution=1080*2209&dpi=420&update_version_code=35109900&_rticket=1788274438781&package=com.ss.android.ugc.aweme&mcc_mnc=46000&first_launch_timestamp=1788265682&last_deeplink_update_version_code=0&cpu_support64=true&host_abi=arm64-v8a&is_guest_mode=0&app_type=normal&minor_status=0&appTheme=light&is_preinstall=0&need_personal_recommend=1&is_android_pad=0&is_android_fold=0&ts=1788274438&cdid=3c8e225d-27e2-4294-8873-9009960e7908
8	200	headers=0	body=0	url=https://aweme.snssdk.com/aweme/v1/settings/?cpu_model=oriole&oid=3&last_settings_version=%7B%22version_code%22%3A%22350100%22%7D&klink_egdi=AAL6F2JRRmTyRcmhfWO8fpeIax20xWdbnFyoOkbHLTA1hgY6i5yr6vS9&iid=3313280560987770&device_id=4087336283154583&ac=wifi&channel=vivo_1128_64&aid=1128&app_name=aweme&version_code=350100&version_name=35.1.0&device_platform=android&os=android&ssmix=a&device_type=Pixel+6&device_brand=google&language=zh&os_api=35&os_version=15&manifest_version_code=350101&resolution=1080*2209&dpi=420&update_version_code=35109900&_rticket=1788274438781&package=com.ss.android.ugc.aweme&mcc_mnc=46000&first_launch_timestamp=1788265682&last_deeplink_update_version_code=0&cpu_support64=true&host_abi=arm64-v8a&is_guest_mode=0&app_type=normal&minor_status=0&appTheme=light&is_preinstall=0&need_personal_recommend=1&is_android_pad=0&is_android_fold=0&ts=1788274438&cdid=3c8e225d-27e2-4294-8873-9009960e7908
9	200	headers=0	body=0	url=https://aweme.snssdk.com/aweme/v1/settings/?cpu_model=oriole&oid=3&last_settings_version=%7B%22version_code%22%3A%22350100%22%7D&klink_egdi=AAL6F2JRRmTyRcmhfWO8fpeIax20xWdbnFyoOkbHLTA1hgY6i5yr6vS9&iid=3313280560987770&device_id=4087336283154583&ac=wifi&channel=vivo_1128_64&aid=1128&app_name=aweme&version_code=350100&version_name=35.1.0&device_platform=android&os=android&ssmix=a&device_type=Pixel+6&device_brand=google&language=zh&os_api=35&os_version=15&manifest_version_code=350101&resolution=1080*2209&dpi=420&update_version_code=35109900&_rticket=1788274438781&package=com.ss.android.ugc.aweme&mcc_mnc=46000&first_launch_timestamp=1788265682&last_deeplink_update_version_code=0&cpu_support64=true&host_abi=arm64-v8a&is_guest_mode=0&app_type=normal&minor_status=0&appTheme=light&is_preinstall=0&need_personal_recommend=1&is_android_pad=0&is_android_fold=0&ts=1788274438&cdid=3c8e225d-27e2-4294-8873-9009960e7908
10	200	headers=0	body=0	url=https://effect.snssdk.com/model/api/arithmetics?app_language=zh-Hans&model_mapping=1&device_id=4087336283154583&app_version=35.1.0&channel=vivo_1128_64&device_type=Pixel+6&platform_ab_params=0&platform_sdk_version=0.0.10.9&access_key=142710f02c3a11e8b42429f14557854a&sdk_version=19.4.0&device_platform=android&region=CN&aid=1128&status=1&game_version=1.0&klink_egdi=AAL6F2JRRmTyRcmhfWO8fpeIax20xWdbnFyoOkbHLTA1hgY6i5yr6vS9&iid=3313280560987770&ac=wifi&app_name=aweme&version_code=350100&version_name=35.1.0&os=android&ssmix=a&device_brand=google&language=zh&os_api=35&os_version=15&manifest_version_code=350101&resolution=1080*2209&dpi=420&update_version_code=35109900&_rticket=1788274453839&package=com.ss.android.ugc.aweme&mcc_mnc=46000&first_launch_timestamp=1788265682&last_deeplink_update_version_code=0&cpu_support64=true&host_abi=arm64-v8a&is_guest_mode=0&app_type=normal&minor_status=0&appTheme=light&is_preinstall=0&need_personal_recommend=1&is_android_pad=0&is_android_fold=0&ts=1788274452&cdid=3c8e225d-27e2-4294-8873-9009960e7908
11	200	headers=0	body=0	url=https://effect.snssdk.com/model/api/arithmetics?app_language=zh-Hans&model_mapping=1&device_id=4087336283154583&app_version=35.1.0&channel=vivo_1128_64&device_type=Pixel+6&platform_ab_params=0&platform_sdk_version=0.0.10.9&access_key=142710f02c3a11e8b42429f14557854a&sdk_version=19.4.0&device_platform=android&region=CN&aid=1128&status=1&game_version=1.0&klink_egdi=AAL6F2JRRmTyRcmhfWO8fpeIax20xWdbnFyoOkbHLTA1hgY6i5yr6vS9&iid=3313280560987770&ac=wifi&app_name=aweme&version_code=350100&version_name=35.1.0&os=android&ssmix=a&device_brand=google&language=zh&os_api=35&os_version=15&manifest_version_code=350101&resolution=1080*2209&dpi=420&update_version_code=35109900&_rticket=1788274453839&package=com.ss.android.ugc.aweme&mcc_mnc=46000&first_launch_timestamp=1788265682&last_deeplink_update_version_code=0&cpu_support64=true&host_abi=arm64-v8a&is_guest_mode=0&app_type=normal&minor_status=0&appTheme=light&is_preinstall=0&need_personal_recommend=1&is_android_pad=0&is_android_fold=0&ts=1788274452&cdid=3c8e225d-27e2-4294-8873-9009960e7908
12	200	headers=0	body=0	url=https://webcast.amemv.com/webcast/strategy/feature/?request_scene=1&verification_key=1788272589&feature_keys&raw_data=false&gamecp_sdk_version=3920&webcast_sdk_version=3920&webcast_language=zh&webcast_locale=zh_CN_%23Hans&webcast_gps_access=2&current_network_quality_info=%7B%22http_rtt%22%3A26%2C%22tcp_rtt%22%3A22%2C%22quic_rtt%22%3A22%2C%22downstream_throughput_kbps%22%3A1600%2C%22net_effective_connection_type%22%3A7%2C%22video_download_speed%22%3A-1%2C%22quic_receive_loss_rate%22%3A-1%2C%22quic_send_loss_rate%22%3A-1%7D&device_score=8.4364&address_book_access=2&user_id=0&is_pad=false&is_android_pad=0&is_landscape=false&carrier_region=CN&klink_egdi=AAL6F2JRRmTyRcmhfWO8fpeIax20xWdbnFyoOkbHLTA1hgY6i5yr6vS9&iid=3313280560987770&device_id=4087336283154583&ac=wifi&channel=vivo_1128_64&aid=1128&app_name=aweme&version_code=350100&version_name=35.1.0&device_platform=android&os=android&ssmix=a&device_type=Pixel+6&device_brand=google&language=zh&os_api=35&os_version=15&manifest_version_code=350101&resolution=1080*2209&dpi=420&update_version_code=35109900&_rticket=1788274456704&package=com.ss.android.ugc.aweme&mcc_mnc=46000&first_launch_timestamp=1788265682&last_deeplink_update_version_code=0&cpu_support64=true&host_abi=arm64-v8a&is_guest_mode=0&app_type=normal&minor_status=0&appTheme=light&is_preinstall=0&need_personal_recommend=1&is_android_fold=0&ts=1788274455&cdid=3c8e225d-27e2-4294-8873-9009960e7908
13	200	headers=0	body=0	url=https://webcast.amemv.com/webcast/strategy/feature/?request_scene=1&verification_key=1788272589&feature_keys&raw_data=false&gamecp_sdk_version=3920&webcast_sdk_version=3920&webcast_language=zh&webcast_locale=zh_CN_%23Hans&webcast_gps_access=2&current_network_quality_info=%7B%22http_rtt%22%3A26%2C%22tcp_rtt%22%3A22%2C%22quic_rtt%22%3A22%2C%22downstream_throughput_kbps%22%3A1600%2C%22net_effective_connection_type%22%3A7%2C%22video_download_speed%22%3A-1%2C%22quic_receive_loss_rate%22%3A-1%2C%22quic_send_loss_rate%22%3A-1%7D&device_score=8.4364&address_book_access=2&user_id=0&is_pad=false&is_android_pad=0&is_landscape=false&carrier_region=CN&klink_egdi=AAL6F2JRRmTyRcmhfWO8fpeIax20xWdbnFyoOkbHLTA1hgY6i5yr6vS9&iid=3313280560987770&device_id=4087336283154583&ac=wifi&channel=vivo_1128_64&aid=1128&app_name=aweme&version_code=350100&version_name=35.1.0&device_platform=android&os=android&ssmix=a&device_type=Pixel+6&device_brand=google&language=zh&os_api=35&os_version=15&manifest_version_code=350101&resolution=1080*2209&dpi=420&update_version_code=35109900&_rticket=1788274456704&package=com.ss.android.ugc.aweme&mcc_mnc=46000&first_launch_timestamp=1788265682&last_deeplink_update_version_code=0&cpu_support64=true&host_abi=arm64-v8a&is_guest_mode=0&app_type=normal&minor_status=0&appTheme=light&is_preinstall=0&need_personal_recommend=1&is_android_fold=0&ts=1788274455&cdid=3c8e225d-27e2-4294-8873-9009960e7908
14	200	headers=11	body=486	url=https://gecko.zijieapi.com/gkx/api/settings/v3?klink_egdi=AAL6F2JRRmTyRcmhfWO8fpeIax20xWdbnFyoOkbHLTA1hgY6i5yr6vS9&iid=3313280560987770&device_id=4087336283154583&ac=wifi&channel=vivo_1128_64&aid=1128&app_name=aweme&version_code=350100&version_name=35.1.0&device_platform=android&os=android&ssmix=a&device_type=Pixel+6&device_brand=google&language=zh&os_api=35&os_version=15&manifest_version_code=350101&resolution=1080*2209&dpi=420&update_version_code=35109900&_rticket=1788274484049&package=com.ss.android.ugc.aweme&mcc_mnc=46000&first_launch_timestamp=1788265682&last_deeplink_update_version_code=0&cpu_support64=true&host_abi=arm64-v8a&is_guest_mode=0&app_type=normal&minor_status=0&appTheme=light&is_preinstall=0&need_personal_recommend=1&is_android_pad=0&is_android_fold=0&ts=1788274483&cdid=3c8e225d-27e2-4294-8873-9009960e7908
15	200	headers=0	body=0	url=https://aweme.snssdk.com/aweme/v1/compliance/settings/?called_token=cold_start_tfe_fail_and_retry&called_token_extra_info_flag&teen_mode_status=0&ftc_child_mode=-1&elder_mode=0&is_retry=0&klink_egdi=AAL6F2JRRmTyRcmhfWO8fpeIax20xWdbnFyoOkbHLTA1hgY6i5yr6vS9&iid=3313280560987770&device_id=4087336283154583&ac=wifi&channel=vivo_1128_64&aid=1128&app_name=aweme&version_code=350100&version_name=35.1.0&device_platform=android&os=android&ssmix=a&device_type=Pixel+6&device_brand=google&language=zh&os_api=35&os_version=15&manifest_version_code=350101&resolution=1080*2209&dpi=420&update_version_code=35109900&_rticket=1788274469460&package=com.ss.android.ugc.aweme&mcc_mnc=46000&first_launch_timestamp=1788265682&last_deeplink_update_version_code=0&cpu_support64=true&host_abi=arm64-v8a&is_guest_mode=0&app_type=normal&minor_status=0&appTheme=light&is_preinstall=0&need_personal_recommend=1&is_android_pad=0&is_android_fold=0&ts=1788274468&cdid=3c8e225d-27e2-4294-8873-9009960e7908
