1	200	headers=0	body=0	url=https://aweme.snssdk.com/aweme/v1/im/conversation/floating_bar/configs?klink_egdi=AAL6F2JRRmTyRcmhfWO8fpeIax20xWdbnFyoOkbHLTA1hgY6i5yr6vS9&iid=3313280560987770&device_id=4087336283154583&ac=wifi&channel=vivo_1128_64&aid=1128&app_name=aweme&version_code=350100&version_name=35.1.0&device_platform=android&os=android&ssmix=a&device_type=Pixel+6&device_brand=google&language=zh&os_api=35&os_version=15&manifest_version_code=350101&resolution=1080*2209&dpi=420&update_version_code=35109900&_rticket=1788275666937&package=com.ss.android.ugc.aweme&mcc_mnc=46000&first_launch_timestamp=1788265682&last_deeplink_update_version_code=0&cpu_support64=true&host_abi=arm64-v8a&is_guest_mode=0&app_type=normal&minor_status=0&appTheme=light&is_preinstall=0&need_personal_recommend=1&is_android_pad=0&is_android_fold=0&ts=1788275666&cdid=3c8e225d-27e2-4294-8873-9009960e7908
2	200	headers=0	body=0	url=https://aweme.snssdk.com/aweme/v1/im/conversation/floating_bar/configs?klink_egdi=AAL6F2JRRmTyRcmhfWO8fpeIax20xWdbnFyoOkbHLTA1hgY6i5yr6vS9&iid=3313280560987770&device_id=4087336283154583&ac=wifi&channel=vivo_1128_64&aid=1128&app_name=aweme&version_code=350100&version_name=35.1.0&device_platform=android&os=android&ssmix=a&device_type=Pixel+6&device_brand=google&language=zh&os_api=35&os_version=15&manifest_version_code=350101&resolution=1080*2209&dpi=420&update_version_code=35109900&_rticket=1788275666937&package=com.ss.android.ugc.aweme&mcc_mnc=46000&first_launch_timestamp=1788265682&last_deeplink_update_version_code=0&cpu_support64=true&host_abi=arm64-v8a&is_guest_mode=0&app_type=normal&minor_status=0&appTheme=light&is_preinstall=0&need_personal_recommend=1&is_android_pad=0&is_android_fold=0&ts=1788275666&cdid=3c8e225d-27e2-4294-8873-9009960e7908
3	200	headers=0	body=0	url=https://aweme.snssdk.com/aweme/growth/get_customs_certs/?cur_hook_version=1&cur_cert_version=1788257620&scene=cold_start&klink_egdi=AAL6F2JRRmTyRcmhfWO8fpeIax20xWdbnFyoOkbHLTA1hgY6i5yr6vS9&iid=3313280560987770&device_id=4087336283154583&ac=wifi&channel=vivo_1128_64&aid=1128&app_name=aweme&version_code=350100&version_name=35.1.0&device_platform=android&os=android&ssmix=a&device_type=Pixel+6&device_brand=google&language=zh&os_api=35&os_version=15&manifest_version_code=350101&resolution=1080*2209&dpi=420&update_version_code=35109900&_rticket=1788275667000&package=com.ss.android.ugc.aweme&mcc_mnc=46000&first_launch_timestamp=1788265682&last_deeplink_update_version_code=0&cpu_support64=true&host_abi=arm64-v8a&is_guest_mode=0&app_type=normal&minor_status=0&appTheme=light&is_preinstall=0&need_personal_recommend=1&is_android_pad=0&is_android_fold=0&ts=1788275667&cdid=3c8e225d-27e2-4294-8873-9009960e7908
4	200	headers=0	body=0	url=https://aweme.snssdk.com/aweme/growth/get_customs_certs/?cur_hook_version=1&cur_cert_version=1788257620&scene=cold_start&klink_egdi=AAL6F2JRRmTyRcmhfWO8fpeIax20xWdbnFyoOkbHLTA1hgY6i5yr6vS9&iid=3313280560987770&device_id=4087336283154583&ac=wifi&channel=vivo_1128_64&aid=1128&app_name=aweme&version_code=350100&version_name=35.1.0&device_platform=android&os=android&ssmix=a&device_type=Pixel+6&device_brand=google&language=zh&os_api=35&os_version=15&manifest_version_code=350101&resolution=1080*2209&dpi=420&update_version_code=35109900&_rticket=1788275667000&package=com.ss.android.ugc.aweme&mcc_mnc=46000&first_launch_timestamp=1788265682&last_deeplink_update_version_code=0&cpu_support64=true&host_abi=arm64-v8a&is_guest_mode=0&app_type=normal&minor_status=0&appTheme=light&is_preinstall=0&need_personal_recommend=1&is_android_pad=0&is_android_fold=0&ts=1788275667&cdid=3c8e225d-27e2-4294-8873-9009960e7908
5	200	headers=0	body=0	url=https://aweme.snssdk.com/aweme/growth/get_customs_certs/?cur_hook_version=1&cur_cert_version=1788257620&scene=cold_start&klink_egdi=AAL6F2JRRmTyRcmhfWO8fpeIax20xWdbnFyoOkbHLTA1hgY6i5yr6vS9&iid=3313280560987770&device_id=4087336283154583&ac=wifi&channel=vivo_1128_64&aid=1128&app_name=aweme&version_code=350100&version_name=35.1.0&device_platform=android&os=android&ssmix=a&device_type=Pixel+6&device_brand=google&language=zh&os_api=35&os_version=15&manifest_version_code=350101&resolution=1080*2209&dpi=420&update_version_code=35109900&_rticket=1788275667000&package=com.ss.android.ugc.aweme&mcc_mnc=46000&first_launch_timestamp=1788265682&last_deeplink_update_version_code=0&cpu_support64=true&host_abi=arm64-v8a&is_guest_mode=0&app_type=normal&minor_status=0&appTheme=light&is_preinstall=0&need_personal_recommend=1&is_android_pad=0&is_android_fold=0&ts=1788275667&cdid=3c8e225d-27e2-4294-8873-9009960e7908
6	200	headers=0	body=0	url=https://aweme.snssdk.com/aweme/v1/addiction/info/?scene_type=cold_boot&elder_mode=0&klink_egdi=AAL6F2JRRmTyRcmhfWO8fpeIax20xWdbnFyoOkbHLTA1hgY6i5yr6vS9&iid=3313280560987770&device_id=4087336283154583&ac=wifi&channel=vivo_1128_64&aid=1128&app_name=aweme&version_code=350100&version_name=35.1.0&device_platform=android&os=android&ssmix=a&device_type=Pixel+6&device_brand=google&language=zh&os_api=35&os_version=15&manifest_version_code=350101&resolution=1080*2209&dpi=420&update_version_code=35109900&_rticket=1788275666978&package=com.ss.android.ugc.aweme&mcc_mnc=46000&first_launch_timestamp=1788265682&last_deeplink_update_version_code=0&cpu_support64=true&host_abi=arm64-v8a&is_guest_mode=0&app_type=normal&minor_status=0&appTheme=light&is_preinstall=0&need_personal_recommend=1&is_android_pad=0&is_android_fold=0&ts=1788275666&cdid=3c8e225d-27e2-4294-8873-9009960e7908
7	200	headers=0	body=0	url=https://aweme.snssdk.com/aweme/v1/addiction/info/?scene_type=cold_boot&elder_mode=0&klink_egdi=AAL6F2JRRmTyRcmhfWO8fpeIax20xWdbnFyoOkbHLTA1hgY6i5yr6vS9&iid=3313280560987770&device_id=4087336283154583&ac=wifi&channel=vivo_1128_64&aid=1128&app_name=aweme&version_code=350100&version_name=35.1.0&device_platform=android&os=android&ssmix=a&device_type=Pixel+6&device_brand=google&language=zh&os_api=35&os_version=15&manifest_version_code=350101&resolution=1080*2209&dpi=420&update_version_code=35109900&_rticket=1788275666978&package=com.ss.android.ugc.aweme&mcc_mnc=46000&first_launch_timestamp=1788265682&last_deeplink_update_version_code=0&cpu_support64=true&host_abi=arm64-v8a&is_guest_mode=0&app_type=normal&minor_status=0&appTheme=light&is_preinstall=0&need_personal_recommend=1&is_android_pad=0&is_android_fold=0&ts=1788275666&cdid=3c8e225d-27e2-4294-8873-9009960e7908
8	200	headers=0	body=0	url=https://aweme.snssdk.com/aweme/v1/addiction/info/?scene_type=cold_boot&elder_mode=0&klink_egdi=AAL6F2JRRmTyRcmhfWO8fpeIax20xWdbnFyoOkbHLTA1hgY6i5yr6vS9&iid=3313280560987770&device_id=4087336283154583&ac=wifi&channel=vivo_1128_64&aid=1128&app_name=aweme&version_code=350100&version_name=35.1.0&device_platform=android&os=android&ssmix=a&device_type=Pixel+6&device_brand=google&language=zh&os_api=35&os_version=15&manifest_version_code=350101&resolution=1080*2209&dpi=420&update_version_code=35109900&_rticket=1788275666978&package=com.ss.android.ugc.aweme&mcc_mnc=46000&first_launch_timestamp=1788265682&last_deeplink_update_version_code=0&cpu_support64=true&host_abi=arm64-v8a&is_guest_mode=0&app_type=normal&minor_status=0&appTheme=light&is_preinstall=0&need_personal_recommend=1&is_android_pad=0&is_android_fold=0&ts=1788275666&cdid=3c8e225d-27e2-4294-8873-9009960e7908
9	200	headers=12	body=254	url=https://aweme.snssdk.com/aweme/homepage/render/?is_click_agree_privacy=false&client_ability=1&client_mode=0&reason=cold_launch&req_interval=0&sec_uid&klink_egdi=AAL6F2JRRmTyRcmhfWO8fpeIax20xWdbnFyoOkbHLTA1hgY6i5yr6vS9&iid=3313280560987770&device_id=4087336283154583&ac=wifi&channel=vivo_1128_64&aid=1128&app_name=aweme&version_code=350100&version_name=35.1.0&device_platform=android&os=android&ssmix=a&device_type=Pixel+6&device_brand=google&language=zh&os_api=35&os_version=15&manifest_version_code=350101&resolution=1080*2209&dpi=420&update_version_code=35109900&_rticket=1788275667046&package=com.ss.android.ugc.aweme&mcc_mnc=46000&first_launch_timestamp=1788265682&last_deeplink_update_version_code=0&cpu_support64=true&host_abi=arm64-v8a&is_guest_mode=0&app_type=normal&minor_status=0&appTheme=light&is_preinstall=0&need_personal_recommend=1&is_android_pad=0&is_android_fold=0&ts=1788275667&cdid=3c8e225d-27e2-4294-8873-9009960e7908
10	200	headers=0	body=0	url=https://lf6-font-sign.bytehwm.com/eesecsvc/v5p/1.2/1/ab34fef4da9d414c85da2e5aeafeb8c8.png?algorithm=v5p&app_id=333&tenant_id&version=1.2&x-expires=1788844898&x-signature=76SOqSTdF6AwWZadwXqT2%2B2nJso%3D
11	200	headers=0	body=0	url=https://lf6-font-sign.bytehwm.com/eesecsvc/v5p/1.2/1/ab34fef4da9d414c85da2e5aeafeb8c8.png?algorithm=v5p&app_id=333&tenant_id&version=1.2&x-expires=1788844898&x-signature=76SOqSTdF6AwWZadwXqT2%2B2nJso%3D
12	200	headers=0	body=0	url=https://aweme.snssdk.com/aweme/v1/multicast/query/?klink_egdi=AAL6F2JRRmTyRcmhfWO8fpeIax20xWdbnFyoOkbHLTA1hgY6i5yr6vS9&iid=3313280560987770&device_id=4087336283154583&ac=wifi&channel=vivo_1128_64&aid=1128&app_name=aweme&version_code=350100&version_name=35.1.0&device_platform=android&os=android&ssmix=a&device_type=Pixel+6&device_brand=google&language=zh&os_api=35&os_version=15&manifest_version_code=350101&resolution=1080*2209&dpi=420&update_version_code=35109900&_rticket=1788275667430&package=com.ss.android.ugc.aweme&mcc_mnc=46000&first_launch_timestamp=1788265682&last_deeplink_update_version_code=0&cpu_support64=true&host_abi=arm64-v8a&is_guest_mode=0&app_type=normal&minor_status=0&appTheme=light&is_preinstall=0&need_personal_recommend=1&is_android_pad=0&is_android_fold=0&ts=1788275667&cdid=3c8e225d-27e2-4294-8873-9009960e7908
13	200	headers=0	body=0	url=https://aweme.snssdk.com/aweme/v1/multicast/query/?klink_egdi=AAL6F2JRRmTyRcmhfWO8fpeIax20xWdbnFyoOkbHLTA1hgY6i5yr6vS9&iid=3313280560987770&device_id=4087336283154583&ac=wifi&channel=vivo_1128_64&aid=1128&app_name=aweme&version_code=350100&version_name=35.1.0&device_platform=android&os=android&ssmix=a&device_type=Pixel+6&device_brand=google&language=zh&os_api=35&os_version=15&manifest_version_code=350101&resolution=1080*2209&dpi=420&update_version_code=35109900&_rticket=1788275667430&package=com.ss.android.ugc.aweme&mcc_mnc=46000&first_launch_timestamp=1788265682&last_deeplink_update_version_code=0&cpu_support64=true&host_abi=arm64-v8a&is_guest_mode=0&app_type=normal&minor_status=0&appTheme=light&is_preinstall=0&need_personal_recommend=1&is_android_pad=0&is_android_fold=0&ts=1788275667&cdid=3c8e225d-27e2-4294-8873-9009960e7908
14	200	headers=0	body=0	url=https://aweme.snssdk.com/aweme/v1/multicast/query/?klink_egdi=AAL6F2JRRmTyRcmhfWO8fpeIax20xWdbnFyoOkbHLTA1hgY6i5yr6vS9&iid=3313280560987770&device_id=4087336283154583&ac=wifi&channel=vivo_1128_64&aid=1128&app_name=aweme&version_code=350100&version_name=35.1.0&device_platform=android&os=android&ssmix=a&device_type=Pixel+6&device_brand=google&language=zh&os_api=35&os_version=15&manifest_version_code=350101&resolution=1080*2209&dpi=420&update_version_code=35109900&_rticket=1788275667430&package=com.ss.android.ugc.aweme&mcc_mnc=46000&first_launch_timestamp=1788265682&last_deeplink_update_version_code=0&cpu_support64=true&host_abi=arm64-v8a&is_guest_mode=0&app_type=normal&minor_status=0&appTheme=light&is_preinstall=0&need_personal_recommend=1&is_android_pad=0&is_android_fold=0&ts=1788275667&cdid=3c8e225d-27e2-4294-8873-9009960e7908
15	200	headers=8	body=0	url=https://aweme.snssdk.com/service/settings/v3/?klink_egdi=AAL6F2JRRmTyRcmhfWO8fpeIax20xWdbnFyoOkbHLTA1hgY6i5yr6vS9&iid=3313280560987770&device_id=4087336283154583&ac=wifi&channel=vivo_1128_64&aid=1128&app_name=aweme&version_code=350100&version_name=35.1.0&device_platform=android&os=android&ssmix=a&device_type=Pixel+6&device_brand=google&language=zh&os_api=35&os_version=15&manifest_version_code=350101&resolution=1080*2209&dpi=420&update_version_code=35109900&_rticket=1788275667217&package=com.ss.android.ugc.aweme&mcc_mnc=46000&first_launch_timestamp=1788265682&last_deeplink_update_version_code=0&cpu_support64=true&host_abi=arm64-v8a&is_guest_mode=0&app_type=normal&minor_status=0&appTheme=light&is_preinstall=0&need_personal_recommend=1&is_android_pad=0&is_android_fold=0&ts=1788275667&cdid=3c8e225d-27e2-4294-8873-9009960e7908&caller_name=bytedance_ad_sdk&settings_time=1788275338
16	200	headers=0	body=0	url=https://aweme.snssdk.com/service/settings/v3/?klink_egdi=AAL6F2JRRmTyRcmhfWO8fpeIax20xWdbnFyoOkbHLTA1hgY6i5yr6vS9&iid=3313280560987770&device_id=4087336283154583&ac=wifi&channel=vivo_1128_64&aid=1128&app_name=aweme&version_code=350100&version_name=35.1.0&device_platform=android&os=android&ssmix=a&device_type=Pixel+6&device_brand=google&language=zh&os_api=35&os_version=15&manifest_version_code=350101&resolution=1080*2209&dpi=420&update_version_code=35109900&_rticket=1788275667217&package=com.ss.android.ugc.aweme&mcc_mnc=46000&first_launch_timestamp=1788265682&last_deeplink_update_version_code=0&cpu_support64=true&host_abi=arm64-v8a&is_guest_mode=0&app_type=normal&minor_status=0&appTheme=light&is_preinstall=0&need_personal_recommend=1&is_android_pad=0&is_android_fold=0&ts=1788275667&cdid=3c8e225d-27e2-4294-8873-9009960e7908&caller_name=bytedance_ad_sdk&settings_time=1788275338
17	200	headers=0	body=0	url=https://aweme.snssdk.com/service/settings/v3/?klink_egdi=AAL6F2JRRmTyRcmhfWO8fpeIax20xWdbnFyoOkbHLTA1hgY6i5yr6vS9&iid=3313280560987770&device_id=4087336283154583&ac=wifi&channel=vivo_1128_64&aid=1128&app_name=aweme&version_code=350100&version_name=35.1.0&device_platform=android&os=android&ssmix=a&device_type=Pixel+6&device_brand=google&language=zh&os_api=35&os_version=15&manifest_version_code=350101&resolution=1080*2209&dpi=420&update_version_code=35109900&_rticket=1788275667217&package=com.ss.android.ugc.aweme&mcc_mnc=46000&first_launch_timestamp=1788265682&last_deeplink_update_version_code=0&cpu_support64=true&host_abi=arm64-v8a&is_guest_mode=0&app_type=normal&minor_status=0&appTheme=light&is_preinstall=0&need_personal_recommend=1&is_android_pad=0&is_android_fold=0&ts=1788275667&cdid=3c8e225d-27e2-4294-8873-9009960e7908&caller_name=bytedance_ad_sdk&settings_time=1788275338
18	200	headers=13	body=1143	url=https://aweme.snssdk.com/tfe/api/request_combine/v1/?klink_egdi=AAL6F2JRRmTyRcmhfWO8fpeIax20xWdbnFyoOkbHLTA1hgY6i5yr6vS9&iid=3313280560987770&device_id=4087336283154583&ac=wifi&channel=vivo_1128_64&aid=1128&app_name=aweme&version_code=350100&version_name=35.1.0&device_platform=android&os=android&ssmix=a&device_type=Pixel+6&device_brand=google&language=zh&os_api=35&os_version=15&manifest_version_code=350101&resolution=1080*2209&dpi=420&update_version_code=35109900&_rticket=1788275668619&package=com.ss.android.ugc.aweme&mcc_mnc=46000&first_launch_timestamp=1788265682&last_deeplink_update_version_code=0&cpu_support64=true&host_abi=arm64-v8a&is_guest_mode=0&app_type=normal&minor_status=0&appTheme=light&is_preinstall=0&need_personal_recommend=1&is_android_pad=0&is_android_fold=0&ts=1788275668&cdid=3c8e225d-27e2-4294-8873-9009960e7908&ug_ab_params=%7B%7D&ug_custom_key=%7B%22widget_install_status%22%3A%220%22%7D
19	200	headers=12	body=555	url=https://aweme.snssdk.com/location/info/?sdk_version=2.17.6-rc.45&klink_egdi=AAL6F2JRRmTyRcmhfWO8fpeIax20xWdbnFyoOkbHLTA1hgY6i5yr6vS9&iid=3313280560987770&device_id=4087336283154583&ac=wifi&channel=vivo_1128_64&aid=1128&app_name=aweme&version_code=350100&version_name=35.1.0&device_platform=android&os=android&ssmix=a&device_type=Pixel+6&device_brand=google&language=zh&os_api=35&os_version=15&manifest_version_code=350101&resolution=1080*2209&dpi=420&update_version_code=35109900&_rticket=1788275670146&package=com.ss.android.ugc.aweme&mcc_mnc=46000&first_launch_timestamp=1788265682&last_deeplink_update_version_code=0&cpu_support64=true&host_abi=arm64-v8a&is_guest_mode=0&app_type=normal&minor_status=0&appTheme=light&is_preinstall=0&need_personal_recommend=1&is_android_pad=0&is_android_fold=0&ts=1788275669&cdid=3c8e225d-27e2-4294-8873-9009960e7908
20	200	headers=3	body=0	url=https://ma.zijieapi.com/api/apps/xconfig_meta?tma_version_code=15090101&tma_xconfig_version=12502&mg_list&mp_list&klink_egdi=AAL6F2JRRmTyRcmhfWO8fpeIax20xWdbnFyoOkbHLTA1hgY6i5yr6vS9&iid=3313280560987770&device_id=4087336283154583&ac=wifi&channel=vivo_1128_64&aid=1128&app_name=aweme&version_code=350100&version_name=35.1.0&device_platform=android&os=android&ssmix=a&device_type=Pixel+6&device_brand=google&language=zh&os_api=35&os_version=15&manifest_version_code=350101&resolution=1080*2209&dpi=420&update_version_code=35109900&_rticket=1788275671462&package=com.ss.android.ugc.aweme&mcc_mnc=46000&first_launch_timestamp=1788265682&last_deeplink_update_version_code=0&cpu_support64=true&host_abi=arm64-v8a&is_guest_mode=0&app_type=normal&minor_status=0&appTheme=light&is_preinstall=0&need_personal_recommend=1&is_android_pad=0&is_android_fold=0&ts=1788275671&cdid=3c8e225d-27e2-4294-8873-9009960e7908
21	200	headers=0	body=0	url=https://ma.zijieapi.com/api/apps/xconfig_meta?tma_version_code=15090101&tma_xconfig_version=12502&mg_list&mp_list&klink_egdi=AAL6F2JRRmTyRcmhfWO8fpeIax20xWdbnFyoOkbHLTA1hgY6i5yr6vS9&iid=3313280560987770&device_id=4087336283154583&ac=wifi&channel=vivo_1128_64&aid=1128&app_name=aweme&version_code=350100&version_name=35.1.0&device_platform=android&os=android&ssmix=a&device_type=Pixel+6&device_brand=google&language=zh&os_api=35&os_version=15&manifest_version_code=350101&resolution=1080*2209&dpi=420&update_version_code=35109900&_rticket=1788275671462&package=com.ss.android.ugc.aweme&mcc_mnc=46000&first_launch_timestamp=1788265682&last_deeplink_update_version_code=0&cpu_support64=true&host_abi=arm64-v8a&is_guest_mode=0&app_type=normal&minor_status=0&appTheme=light&is_preinstall=0&need_personal_recommend=1&is_android_pad=0&is_android_fold=0&ts=1788275671&cdid=3c8e225d-27e2-4294-8873-9009960e7908
22	200	headers=0	body=0	url=https://ma.zijieapi.com/api/apps/xconfig_meta?tma_version_code=15090101&tma_xconfig_version=12502&mg_list&mp_list&klink_egdi=AAL6F2JRRmTyRcmhfWO8fpeIax20xWdbnFyoOkbHLTA1hgY6i5yr6vS9&iid=3313280560987770&device_id=4087336283154583&ac=wifi&channel=vivo_1128_64&aid=1128&app_name=aweme&version_code=350100&version_name=35.1.0&device_platform=android&os=android&ssmix=a&device_type=Pixel+6&device_brand=google&language=zh&os_api=35&os_version=15&manifest_version_code=350101&resolution=1080*2209&dpi=420&update_version_code=35109900&_rticket=1788275671462&package=com.ss.android.ugc.aweme&mcc_mnc=46000&first_launch_timestamp=1788265682&last_deeplink_update_version_code=0&cpu_support64=true&host_abi=arm64-v8a&is_guest_mode=0&app_type=normal&minor_status=0&appTheme=light&is_preinstall=0&need_personal_recommend=1&is_android_pad=0&is_android_fold=0&ts=1788275671&cdid=3c8e225d-27e2-4294-8873-9009960e7908
23	200	headers=19	body=0	url=https://aweme.snssdk.com/service/settings/v3/?plugin_version=35109020&device_id=4087336283154583&tma_full_version=15.9.1.1&os_version=15&version_code=350100&channel=vivo_1128_64&device_type=Pixel+6&call_name=iron_man&ctx_infos=eyJlIjoiT1R0RHFmNlZ0T2thTWhqSTNReXBLZz09IiwidiI6OTA3NDc4Nn0%3D&update_version_code=35109900&app_name=aweme&caller_name=iron_man&version_name=35.1.0&os_api=35&settings_time=1788275343&device_brand=google&bdp_version_code=15090101&tma_version=15.9.1&device_platform=android&app_id=1128&klink_egdi=AAL6F2JRRmTyRcmhfWO8fpeIax20xWdbnFyoOkbHLTA1hgY6i5yr6vS9&iid=3313280560987770&ac=wifi&aid=1128&os=android&ssmix=a&language=zh&manifest_version_code=350101&resolution=1080*2209&dpi=420&_rticket=1788275671462&package=com.ss.android.ugc.aweme&mcc_mnc=46000&first_launch_timestamp=1788265682&last_deeplink_update_version_code=0&cpu_support64=true&host_abi=arm64-v8a&is_guest_mode=0&app_type=normal&minor_status=0&appTheme=light&is_preinstall=0&need_personal_recommend=1&is_android_pad=0&is_android_fold=0&ts=1788275671&cdid=3c8e225d-27e2-4294-8873-9009960e7908
24	200	headers=0	body=0	url=https://aweme.snssdk.com/service/settings/v3/?plugin_version=35109020&device_id=4087336283154583&tma_full_version=15.9.1.1&os_version=15&version_code=350100&channel=vivo_1128_64&device_type=Pixel+6&call_name=iron_man&ctx_infos=eyJlIjoiT1R0RHFmNlZ0T2thTWhqSTNReXBLZz09IiwidiI6OTA3NDc4Nn0%3D&update_version_code=35109900&app_name=aweme&caller_name=iron_man&version_name=35.1.0&os_api=35&settings_time=1788275343&device_brand=google&bdp_version_code=15090101&tma_version=15.9.1&device_platform=android&app_id=1128&klink_egdi=AAL6F2JRRmTyRcmhfWO8fpeIax20xWdbnFyoOkbHLTA1hgY6i5yr6vS9&iid=3313280560987770&ac=wifi&aid=1128&os=android&ssmix=a&language=zh&manifest_version_code=350101&resolution=1080*2209&dpi=420&_rticket=1788275671462&package=com.ss.android.ugc.aweme&mcc_mnc=46000&first_launch_timestamp=1788265682&last_deeplink_update_version_code=0&cpu_support64=true&host_abi=arm64-v8a&is_guest_mode=0&app_type=normal&minor_status=0&appTheme=light&is_preinstall=0&need_personal_recommend=1&is_android_pad=0&is_android_fold=0&ts=1788275671&cdid=3c8e225d-27e2-4294-8873-9009960e7908
25	200	headers=0	body=0	url=https://aweme.snssdk.com/service/settings/v3/?plugin_version=35109020&device_id=4087336283154583&tma_full_version=15.9.1.1&os_version=15&version_code=350100&channel=vivo_1128_64&device_type=Pixel+6&call_name=iron_man&ctx_infos=eyJlIjoiT1R0RHFmNlZ0T2thTWhqSTNReXBLZz09IiwidiI6OTA3NDc4Nn0%3D&update_version_code=35109900&app_name=aweme&caller_name=iron_man&version_name=35.1.0&os_api=35&settings_time=1788275343&device_brand=google&bdp_version_code=15090101&tma_version=15.9.1&device_platform=android&app_id=1128&klink_egdi=AAL6F2JRRmTyRcmhfWO8fpeIax20xWdbnFyoOkbHLTA1hgY6i5yr6vS9&iid=3313280560987770&ac=wifi&aid=1128&os=android&ssmix=a&language=zh&manifest_version_code=350101&resolution=1080*2209&dpi=420&_rticket=1788275671462&package=com.ss.android.ugc.aweme&mcc_mnc=46000&first_launch_timestamp=1788265682&last_deeplink_update_version_code=0&cpu_support64=true&host_abi=arm64-v8a&is_guest_mode=0&app_type=normal&minor_status=0&appTheme=light&is_preinstall=0&need_personal_recommend=1&is_android_pad=0&is_android_fold=0&ts=1788275671&cdid=3c8e225d-27e2-4294-8873-9009960e7908
26	200	headers=8	body=0	url=https://abtest-ch.snssdk.com/common?ecomterm_sdk_version=39200&klink_egdi=AAL6F2JRRmTyRcmhfWO8fpeIax20xWdbnFyoOkbHLTA1hgY6i5yr6vS9&iid=3313280560987770&device_id=4087336283154583&ac=wifi&channel=vivo_1128_64&aid=1128&app_name=aweme&version_code=350100&version_name=35.1.0&device_platform=android&os=android&ssmix=a&device_type=Pixel+6&device_brand=google&language=zh&os_api=35&os_version=15&manifest_version_code=350101&resolution=1080*2209&dpi=420&update_version_code=35109900&_rticket=1788275671852&package=com.ss.android.ugc.aweme&mcc_mnc=46000&first_launch_timestamp=1788265682&last_deeplink_update_version_code=0&cpu_support64=true&host_abi=arm64-v8a&is_guest_mode=0&app_type=normal&minor_status=0&appTheme=light&is_preinstall=0&need_personal_recommend=1&is_android_pad=0&is_android_fold=0&ts=1788275671&cdid=3c8e225d-27e2-4294-8873-9009960e7908
27	200	headers=0	body=0	url=https://abtest-ch.snssdk.com/common?ecomterm_sdk_version=39200&klink_egdi=AAL6F2JRRmTyRcmhfWO8fpeIax20xWdbnFyoOkbHLTA1hgY6i5yr6vS9&iid=3313280560987770&device_id=4087336283154583&ac=wifi&channel=vivo_1128_64&aid=1128&app_name=aweme&version_code=350100&version_name=35.1.0&device_platform=android&os=android&ssmix=a&device_type=Pixel+6&device_brand=google&language=zh&os_api=35&os_version=15&manifest_version_code=350101&resolution=1080*2209&dpi=420&update_version_code=35109900&_rticket=1788275671852&package=com.ss.android.ugc.aweme&mcc_mnc=46000&first_launch_timestamp=1788265682&last_deeplink_update_version_code=0&cpu_support64=true&host_abi=arm64-v8a&is_guest_mode=0&app_type=normal&minor_status=0&appTheme=light&is_preinstall=0&need_personal_recommend=1&is_android_pad=0&is_android_fold=0&ts=1788275671&cdid=3c8e225d-27e2-4294-8873-9009960e7908
28	200	headers=0	body=0	url=https://abtest-ch.snssdk.com/common?ecomterm_sdk_version=39200&klink_egdi=AAL6F2JRRmTyRcmhfWO8fpeIax20xWdbnFyoOkbHLTA1hgY6i5yr6vS9&iid=3313280560987770&device_id=4087336283154583&ac=wifi&channel=vivo_1128_64&aid=1128&app_name=aweme&version_code=350100&version_name=35.1.0&device_platform=android&os=android&ssmix=a&device_type=Pixel+6&device_brand=google&language=zh&os_api=35&os_version=15&manifest_version_code=350101&resolution=1080*2209&dpi=420&update_version_code=35109900&_rticket=1788275671852&package=com.ss.android.ugc.aweme&mcc_mnc=46000&first_launch_timestamp=1788265682&last_deeplink_update_version_code=0&cpu_support64=true&host_abi=arm64-v8a&is_guest_mode=0&app_type=normal&minor_status=0&appTheme=light&is_preinstall=0&need_personal_recommend=1&is_android_pad=0&is_android_fold=0&ts=1788275671&cdid=3c8e225d-27e2-4294-8873-9009960e7908
29	200	headers=4	body=0	url=https://api.amemv.com/service/settings/v2/?app=1&caller_name=tt_webview&sdk_version_code=0621140020&sdk_upto_so_versioncode=0620010001&sdk_load_so_versioncode=0620010001&os_type=android&os_api=35&target_api=34&host_abi=64&settings_time=1788275342&device_platform=Pixel+6&device_manufacturer=Google&os_version=15&package_name=com.ss.android.ugc.aweme&deviceid=4087336283154583&device_id=4087336283154583&channel=vivo_1128_64&aid=1128&app_version_code=35109900&update_version_code=35109900&sdk_scc_version=24&kernel_scc_version=-2&request_time=1788275671720
30	200	headers=0	body=0	url=https://api.amemv.com/service/settings/v2/?app=1&caller_name=tt_webview&sdk_version_code=0621140020&sdk_upto_so_versioncode=0620010001&sdk_load_so_versioncode=0620010001&os_type=android&os_api=35&target_api=34&host_abi=64&settings_time=1788275342&device_platform=Pixel+6&device_manufacturer=Google&os_version=15&package_name=com.ss.android.ugc.aweme&deviceid=4087336283154583&device_id=4087336283154583&channel=vivo_1128_64&aid=1128&app_version_code=35109900&update_version_code=35109900&sdk_scc_version=24&kernel_scc_version=-2&request_time=1788275671720
31	200	headers=0	body=0	url=https://api.amemv.com/service/settings/v2/?app=1&caller_name=tt_webview&sdk_version_code=0621140020&sdk_upto_so_versioncode=0620010001&sdk_load_so_versioncode=0620010001&os_type=android&os_api=35&target_api=34&host_abi=64&settings_time=1788275342&device_platform=Pixel+6&device_manufacturer=Google&os_version=15&package_name=com.ss.android.ugc.aweme&deviceid=4087336283154583&device_id=4087336283154583&channel=vivo_1128_64&aid=1128&app_version_code=35109900&update_version_code=35109900&sdk_scc_version=24&kernel_scc_version=-2&request_time=1788275671720
32	200	headers=12	body=579	url=https://aweme.snssdk.com/aweme/v1/aweme/stats/?klink_egdi=AAL6F2JRRmTyRcmhfWO8fpeIax20xWdbnFyoOkbHLTA1hgY6i5yr6vS9&iid=3313280560987770&device_id=4087336283154583&ac=wifi&channel=vivo_1128_64&aid=1128&app_name=aweme&version_code=350100&version_name=35.1.0&device_platform=android&os=android&ssmix=a&device_type=Pixel+6&device_brand=google&language=zh&os_api=35&os_version=15&manifest_version_code=350101&resolution=1080*2209&dpi=420&update_version_code=35109900&_rticket=1788275674105&package=com.ss.android.ugc.aweme&mcc_mnc=46000&first_launch_timestamp=1788265682&last_deeplink_update_version_code=0&cpu_support64=true&host_abi=arm64-v8a&is_guest_mode=0&app_type=normal&minor_status=0&appTheme=light&is_preinstall=0&need_personal_recommend=1&is_android_pad=0&is_android_fold=0&ts=1788275673&cdid=3c8e225d-27e2-4294-8873-9009960e7908
33	200	headers=12	body=971	url=https://aweme.snssdk.com/aweme/inner_reach/data?klink_egdi=AAL6F2JRRmTyRcmhfWO8fpeIax20xWdbnFyoOkbHLTA1hgY6i5yr6vS9&iid=3313280560987770&device_id=4087336283154583&ac=wifi&channel=vivo_1128_64&aid=1128&app_name=aweme&version_code=350100&version_name=35.1.0&device_platform=android&os=android&ssmix=a&device_type=Pixel+6&device_brand=google&language=zh&os_api=35&os_version=15&manifest_version_code=350101&resolution=1080*2209&dpi=420&update_version_code=35109900&_rticket=1788275674179&package=com.ss.android.ugc.aweme&mcc_mnc=46000&first_launch_timestamp=1788265682&last_deeplink_update_version_code=0&cpu_support64=true&host_abi=arm64-v8a&is_guest_mode=0&app_type=normal&minor_status=0&appTheme=light&is_preinstall=0&need_personal_recommend=1&is_android_pad=0&is_android_fold=0&ts=1788275673&cdid=3c8e225d-27e2-4294-8873-9009960e7908
34	200	headers=0	body=0	url=https://aweme.snssdk.com/passport/login/panel_theme/?klink_egdi=AAL6F2JRRmTyRcmhfWO8fpeIax20xWdbnFyoOkbHLTA1hgY6i5yr6vS9&iid=3313280560987770&device_id=4087336283154583&ac=wifi&channel=vivo_1128_64&aid=1128&app_name=aweme&version_code=350100&version_name=35.1.0&device_platform=android&os=android&ssmix=a&device_type=Pixel+6&device_brand=google&language=zh&os_api=35&os_version=15&manifest_version_code=350101&resolution=1080*2209&dpi=420&update_version_code=35109900&_rticket=1788275674149&package=com.ss.android.ugc.aweme&mcc_mnc=46000&first_launch_timestamp=1788265682&last_deeplink_update_version_code=0&cpu_support64=true&host_abi=arm64-v8a&is_guest_mode=0&app_type=normal&minor_status=0&appTheme=light&is_preinstall=0&need_personal_recommend=1&is_android_pad=0&is_android_fold=0&ts=1788275673&cdid=3c8e225d-27e2-4294-8873-9009960e7908
35	200	headers=0	body=0	url=https://aweme.snssdk.com/passport/login/panel_theme/?klink_egdi=AAL6F2JRRmTyRcmhfWO8fpeIax20xWdbnFyoOkbHLTA1hgY6i5yr6vS9&iid=3313280560987770&device_id=4087336283154583&ac=wifi&channel=vivo_1128_64&aid=1128&app_name=aweme&version_code=350100&version_name=35.1.0&device_platform=android&os=android&ssmix=a&device_type=Pixel+6&device_brand=google&language=zh&os_api=35&os_version=15&manifest_version_code=350101&resolution=1080*2209&dpi=420&update_version_code=35109900&_rticket=1788275674149&package=com.ss.android.ugc.aweme&mcc_mnc=46000&first_launch_timestamp=1788265682&last_deeplink_update_version_code=0&cpu_support64=true&host_abi=arm64-v8a&is_guest_mode=0&app_type=normal&minor_status=0&appTheme=light&is_preinstall=0&need_personal_recommend=1&is_android_pad=0&is_android_fold=0&ts=1788275673&cdid=3c8e225d-27e2-4294-8873-9009960e7908
36	200	headers=0	body=0	url=https://aweme.snssdk.com/passport/login/panel_theme/?klink_egdi=AAL6F2JRRmTyRcmhfWO8fpeIax20xWdbnFyoOkbHLTA1hgY6i5yr6vS9&iid=3313280560987770&device_id=4087336283154583&ac=wifi&channel=vivo_1128_64&aid=1128&app_name=aweme&version_code=350100&version_name=35.1.0&device_platform=android&os=android&ssmix=a&device_type=Pixel+6&device_brand=google&language=zh&os_api=35&os_version=15&manifest_version_code=350101&resolution=1080*2209&dpi=420&update_version_code=35109900&_rticket=1788275674149&package=com.ss.android.ugc.aweme&mcc_mnc=46000&first_launch_timestamp=1788265682&last_deeplink_update_version_code=0&cpu_support64=true&host_abi=arm64-v8a&is_guest_mode=0&app_type=normal&minor_status=0&appTheme=light&is_preinstall=0&need_personal_recommend=1&is_android_pad=0&is_android_fold=0&ts=1788275673&cdid=3c8e225d-27e2-4294-8873-9009960e7908
37	200	headers=0	body=0	url=https://aweme.snssdk.com/service/settings/v3/?country=CN&channel=vivo_1128_64&device_type=Pixel+6&language=zh&update_version_code=35109900&tz_offset=28800&real_window_w=1080&font_height=15&ac=wifi&package=com.ss.android.ugc.aweme&sys_font_size_by_new_obj=37.0&device_id=4087336283154583&real_window_h=2400&version_code=350100&proxy_support_type=2&screen_dpi=420&device_platform=android&region=cn&aid=1128&sys_permission_enable&rom_version=35&push_sdk_version=30915&iid=3313280560987770&os_detail_type=android&device_manufacturer=Google&platform=phone&rom=13003188&caller_name=PushSDK&os_api=35&tz_name=Asia%2FShanghai&push_sdk_version_name=3.9.15-rc.0&action_bar_height=-1.0&dpi=420&window_h=2400&push_device_id=9ef28bf85093b31974844d7d61475f21ae88753e51557ea53aeb1e4c14125f38&tool_bar_title_size=52.5&is_install_cts=false&status_bar_height_px=128&os=android&density=2.625&os_version=15&scaled_density=2.625&window_w=1080&app_name=aweme&version_name=35.1.0&device_brand=google&action_bar_title_size=-1.0&font_scale=1.0&sys_font_size=2.625&klink_egdi=AAL6F2JRRmTyRcmhfWO8fpeIax20xWdbnFyoOkbHLTA1hgY6i5yr6vS9&ssmix=a&manifest_version_code=350101&resolution=1080*2209&_rticket=1788275674198&mcc_mnc=46000&first_launch_timestamp=1788265682&last_deeplink_update_version_code=0&cpu_support64=true&host_abi=arm64-v8a&is_guest_mode=0&app_type=normal&minor_status=0&appTheme=light&is_preinstall=0&need_personal_recommend=1&is_android_pad=0&is_android_fold=0&ts=1788275673&cdid=3c8e225d-27e2-4294-8873-9009960e7908
38	200	headers=0	body=0	url=https://aweme.snssdk.com/service/settings/v3/?country=CN&channel=vivo_1128_64&device_type=Pixel+6&language=zh&update_version_code=35109900&tz_offset=28800&real_window_w=1080&font_height=15&ac=wifi&package=com.ss.android.ugc.aweme&sys_font_size_by_new_obj=37.0&device_id=4087336283154583&real_window_h=2400&version_code=350100&proxy_support_type=2&screen_dpi=420&device_platform=android&region=cn&aid=1128&sys_permission_enable&rom_version=35&push_sdk_version=30915&iid=3313280560987770&os_detail_type=android&device_manufacturer=Google&platform=phone&rom=13003188&caller_name=PushSDK&os_api=35&tz_name=Asia%2FShanghai&push_sdk_version_name=3.9.15-rc.0&action_bar_height=-1.0&dpi=420&window_h=2400&push_device_id=9ef28bf85093b31974844d7d61475f21ae88753e51557ea53aeb1e4c14125f38&tool_bar_title_size=52.5&is_install_cts=false&status_bar_height_px=128&os=android&density=2.625&os_version=15&scaled_density=2.625&window_w=1080&app_name=aweme&version_name=35.1.0&device_brand=google&action_bar_title_size=-1.0&font_scale=1.0&sys_font_size=2.625&klink_egdi=AAL6F2JRRmTyRcmhfWO8fpeIax20xWdbnFyoOkbHLTA1hgY6i5yr6vS9&ssmix=a&manifest_version_code=350101&resolution=1080*2209&_rticket=1788275674198&mcc_mnc=46000&first_launch_timestamp=1788265682&last_deeplink_update_version_code=0&cpu_support64=true&host_abi=arm64-v8a&is_guest_mode=0&app_type=normal&minor_status=0&appTheme=light&is_preinstall=0&need_personal_recommend=1&is_android_pad=0&is_android_fold=0&ts=1788275673&cdid=3c8e225d-27e2-4294-8873-9009960e7908
39	200	headers=0	body=0	url=https://aweme.snssdk.com/service/settings/v3/?country=CN&channel=vivo_1128_64&device_type=Pixel+6&language=zh&update_version_code=35109900&tz_offset=28800&real_window_w=1080&font_height=15&ac=wifi&package=com.ss.android.ugc.aweme&sys_font_size_by_new_obj=37.0&device_id=4087336283154583&real_window_h=2400&version_code=350100&proxy_support_type=2&screen_dpi=420&device_platform=android&region=cn&aid=1128&sys_permission_enable&rom_version=35&push_sdk_version=30915&iid=3313280560987770&os_detail_type=android&device_manufacturer=Google&platform=phone&rom=13003188&caller_name=PushSDK&os_api=35&tz_name=Asia%2FShanghai&push_sdk_version_name=3.9.15-rc.0&action_bar_height=-1.0&dpi=420&window_h=2400&push_device_id=9ef28bf85093b31974844d7d61475f21ae88753e51557ea53aeb1e4c14125f38&tool_bar_title_size=52.5&is_install_cts=false&status_bar_height_px=128&os=android&density=2.625&os_version=15&scaled_density=2.625&window_w=1080&app_name=aweme&version_name=35.1.0&device_brand=google&action_bar_title_size=-1.0&font_scale=1.0&sys_font_size=2.625&klink_egdi=AAL6F2JRRmTyRcmhfWO8fpeIax20xWdbnFyoOkbHLTA1hgY6i5yr6vS9&ssmix=a&manifest_version_code=350101&resolution=1080*2209&_rticket=1788275674198&mcc_mnc=46000&first_launch_timestamp=1788265682&last_deeplink_update_version_code=0&cpu_support64=true&host_abi=arm64-v8a&is_guest_mode=0&app_type=normal&minor_status=0&appTheme=light&is_preinstall=0&need_personal_recommend=1&is_android_pad=0&is_android_fold=0&ts=1788275673&cdid=3c8e225d-27e2-4294-8873-9009960e7908
40	200	headers=8	body=0	url=https://abtest-ch.snssdk.com/common?aid=1128&device_id=4087336283154583&klink_egdi=AAL6F2JRRmTyRcmhfWO8fpeIax20xWdbnFyoOkbHLTA1hgY6i5yr6vS9&iid=3313280560987770&ac=wifi&channel=vivo_1128_64&app_name=aweme&version_code=350100&version_name=35.1.0&device_platform=android&os=android&ssmix=a&device_type=Pixel+6&device_brand=google&language=zh&os_api=35&os_version=15&manifest_version_code=350101&resolution=1080*2209&dpi=420&update_version_code=35109900&_rticket=1788275675160&package=com.ss.android.ugc.aweme&mcc_mnc=46000&first_launch_timestamp=1788265682&last_deeplink_update_version_code=0&cpu_support64=true&host_abi=arm64-v8a&is_guest_mode=0&app_type=normal&minor_status=0&appTheme=light&is_preinstall=0&need_personal_recommend=1&is_android_pad=0&is_android_fold=0&ts=1788275674&cdid=3c8e225d-27e2-4294-8873-9009960e7908
41	200	headers=0	body=0	url=https://abtest-ch.snssdk.com/common?aid=1128&device_id=4087336283154583&klink_egdi=AAL6F2JRRmTyRcmhfWO8fpeIax20xWdbnFyoOkbHLTA1hgY6i5yr6vS9&iid=3313280560987770&ac=wifi&channel=vivo_1128_64&app_name=aweme&version_code=350100&version_name=35.1.0&device_platform=android&os=android&ssmix=a&device_type=Pixel+6&device_brand=google&language=zh&os_api=35&os_version=15&manifest_version_code=350101&resolution=1080*2209&dpi=420&update_version_code=35109900&_rticket=1788275675160&package=com.ss.android.ugc.aweme&mcc_mnc=46000&first_launch_timestamp=1788265682&last_deeplink_update_version_code=0&cpu_support64=true&host_abi=arm64-v8a&is_guest_mode=0&app_type=normal&minor_status=0&appTheme=light&is_preinstall=0&need_personal_recommend=1&is_android_pad=0&is_android_fold=0&ts=1788275674&cdid=3c8e225d-27e2-4294-8873-9009960e7908
42	200	headers=0	body=0	url=https://abtest-ch.snssdk.com/common?aid=1128&device_id=4087336283154583&klink_egdi=AAL6F2JRRmTyRcmhfWO8fpeIax20xWdbnFyoOkbHLTA1hgY6i5yr6vS9&iid=3313280560987770&ac=wifi&channel=vivo_1128_64&app_name=aweme&version_code=350100&version_name=35.1.0&device_platform=android&os=android&ssmix=a&device_type=Pixel+6&device_brand=google&language=zh&os_api=35&os_version=15&manifest_version_code=350101&resolution=1080*2209&dpi=420&update_version_code=35109900&_rticket=1788275675160&package=com.ss.android.ugc.aweme&mcc_mnc=46000&first_launch_timestamp=1788265682&last_deeplink_update_version_code=0&cpu_support64=true&host_abi=arm64-v8a&is_guest_mode=0&app_type=normal&minor_status=0&appTheme=light&is_preinstall=0&need_personal_recommend=1&is_android_pad=0&is_android_fold=0&ts=1788275674&cdid=3c8e225d-27e2-4294-8873-9009960e7908
43	200	headers=11	body=488	url=https://gecko.zijieapi.com/gkx/api/settings/v3?klink_egdi=AAL6F2JRRmTyRcmhfWO8fpeIax20xWdbnFyoOkbHLTA1hgY6i5yr6vS9&iid=3313280560987770&device_id=4087336283154583&ac=wifi&channel=vivo_1128_64&aid=1128&app_name=aweme&version_code=350100&version_name=35.1.0&device_platform=android&os=android&ssmix=a&device_type=Pixel+6&device_brand=google&language=zh&os_api=35&os_version=15&manifest_version_code=350101&resolution=1080*2209&dpi=420&update_version_code=35109900&_rticket=1788275675887&package=com.ss.android.ugc.aweme&mcc_mnc=46000&first_launch_timestamp=1788265682&last_deeplink_update_version_code=0&cpu_support64=true&host_abi=arm64-v8a&is_guest_mode=0&app_type=normal&minor_status=0&appTheme=light&is_preinstall=0&need_personal_recommend=1&is_android_pad=0&is_android_fold=0&ts=1788275675&cdid=3c8e225d-27e2-4294-8873-9009960e7908
44	200	headers=11	body=2000	url=https://gecko.zijieapi.com/gkx/api/resource/v7/coldstart?klink_egdi=AAL6F2JRRmTyRcmhfWO8fpeIax20xWdbnFyoOkbHLTA1hgY6i5yr6vS9&iid=3313280560987770&device_id=4087336283154583&ac=wifi&channel=vivo_1128_64&aid=1128&app_name=aweme&version_code=350100&version_name=35.1.0&device_platform=android&os=android&ssmix=a&device_type=Pixel+6&device_brand=google&language=zh&os_api=35&os_version=15&manifest_version_code=350101&resolution=1080*2209&dpi=420&update_version_code=35109900&_rticket=1788275676024&package=com.ss.android.ugc.aweme&mcc_mnc=46000&first_launch_timestamp=1788265682&last_deeplink_update_version_code=0&cpu_support64=true&host_abi=arm64-v8a&is_guest_mode=0&app_type=normal&minor_status=0&appTheme=light&is_preinstall=0&need_personal_recommend=1&is_android_pad=0&is_android_fold=0&ts=1788275675&cdid=3c8e225d-27e2-4294-8873-9009960e7908
45	200	headers=8	body=0	url=https://abtest-ch.snssdk.com/common?ecomterm_sdk_version=39200&klink_egdi=AAL6F2JRRmTyRcmhfWO8fpeIax20xWdbnFyoOkbHLTA1hgY6i5yr6vS9&iid=3313280560987770&device_id=4087336283154583&ac=wifi&channel=vivo_1128_64&aid=1128&app_name=aweme&version_code=350100&version_name=35.1.0&device_platform=android&os=android&ssmix=a&device_type=Pixel+6&device_brand=google&language=zh&os_api=35&os_version=15&manifest_version_code=350101&resolution=1080*2209&dpi=420&update_version_code=35109900&_rticket=1788275676985&package=com.ss.android.ugc.aweme&mcc_mnc=46000&first_launch_timestamp=1788265682&last_deeplink_update_version_code=0&cpu_support64=true&host_abi=arm64-v8a&is_guest_mode=0&app_type=normal&minor_status=0&appTheme=light&is_preinstall=0&need_personal_recommend=1&is_android_pad=0&is_android_fold=0&ts=1788275676&cdid=3c8e225d-27e2-4294-8873-9009960e7908
46	200	headers=0	body=0	url=https://abtest-ch.snssdk.com/common?ecomterm_sdk_version=39200&klink_egdi=AAL6F2JRRmTyRcmhfWO8fpeIax20xWdbnFyoOkbHLTA1hgY6i5yr6vS9&iid=3313280560987770&device_id=4087336283154583&ac=wifi&channel=vivo_1128_64&aid=1128&app_name=aweme&version_code=350100&version_name=35.1.0&device_platform=android&os=android&ssmix=a&device_type=Pixel+6&device_brand=google&language=zh&os_api=35&os_version=15&manifest_version_code=350101&resolution=1080*2209&dpi=420&update_version_code=35109900&_rticket=1788275676985&package=com.ss.android.ugc.aweme&mcc_mnc=46000&first_launch_timestamp=1788265682&last_deeplink_update_version_code=0&cpu_support64=true&host_abi=arm64-v8a&is_guest_mode=0&app_type=normal&minor_status=0&appTheme=light&is_preinstall=0&need_personal_recommend=1&is_android_pad=0&is_android_fold=0&ts=1788275676&cdid=3c8e225d-27e2-4294-8873-9009960e7908
47	200	headers=0	body=0	url=https://abtest-ch.snssdk.com/common?ecomterm_sdk_version=39200&klink_egdi=AAL6F2JRRmTyRcmhfWO8fpeIax20xWdbnFyoOkbHLTA1hgY6i5yr6vS9&iid=3313280560987770&device_id=4087336283154583&ac=wifi&channel=vivo_1128_64&aid=1128&app_name=aweme&version_code=350100&version_name=35.1.0&device_platform=android&os=android&ssmix=a&device_type=Pixel+6&device_brand=google&language=zh&os_api=35&os_version=15&manifest_version_code=350101&resolution=1080*2209&dpi=420&update_version_code=35109900&_rticket=1788275676985&package=com.ss.android.ugc.aweme&mcc_mnc=46000&first_launch_timestamp=1788265682&last_deeplink_update_version_code=0&cpu_support64=true&host_abi=arm64-v8a&is_guest_mode=0&app_type=normal&minor_status=0&appTheme=light&is_preinstall=0&need_personal_recommend=1&is_android_pad=0&is_android_fold=0&ts=1788275676&cdid=3c8e225d-27e2-4294-8873-9009960e7908
48	200	headers=11	body=42774	url=https://aweme.snssdk.com/service/2/app_log/?version_code=350100&device_platform=android&device_id=4087336283154583&aid=1128&iid=3313280560987770&tt_data=a
49	200	headers=10	body=165	url=https://jsb.snssdk.com/src/server/v2/package
50	200	headers=10	body=165	url=https://jsb.snssdk.com/src/server/v2/package
51	200	headers=11	body=449	url=https://polaris.zijieapi.com/luckycat/activity/refresh_act_id/?need_token_params=1&klink_egdi=AAL6F2JRRmTyRcmhfWO8fpeIax20xWdbnFyoOkbHLTA1hgY6i5yr6vS9&iid=3313280560987770&device_id=4087336283154583&ac=wifi&channel=vivo_1128_64&aid=1128&app_name=aweme&version_code=350100&version_name=35.1.0&device_platform=android&os=android&ssmix=a&device_type=Pixel+6&device_brand=google&language=zh&os_api=35&os_version=15&manifest_version_code=350101&resolution=1080*2209&dpi=420&update_version_code=35109900&_rticket=1788275683356&package=com.ss.android.ugc.aweme&mcc_mnc=46000&first_launch_timestamp=1788265682&last_deeplink_update_version_code=0&cpu_support64=true&host_abi=arm64-v8a&is_guest_mode=0&app_type=normal&minor_status=0&appTheme=light&is_preinstall=0&need_personal_recommend=1&is_android_pad=0&is_android_fold=0&ts=1788275682&cdid=3c8e225d-27e2-4294-8873-9009960e7908&rom=GOOGLE&has_alipay=0&p_switch=1&rom_version=unknown&luckydog_api_verison=8.87.0-rc.1&luckydog_sdk_verison&luckydog_sdk_verison&is_teen_mode=0&status_bar_height=48&lucky_is_32=0&lucky_device_score=8.4364&lucky_device_type=Pixel+6&luckydog_base=ZWkSTskzn9-4_3mhabJfkkR2YvxwBoxiW_rj9VMoqp8uV8Dnf0f6dK7FSZbP_-AydNGWOQD7rvaKeoOAQiH0yX53LPEKSCcT3H7wiR2TaYCUAPcqpsE2JkDGG0-C8LiLPOPbVM3RPQF8jswe2cacoMSNQRsHNuuAWp1VRGjbkUg&luckydog_token=wXnov5t9s9cQ0rPwC9vlX1fC8noemPhjug21LcHCB9_Rp1n5ZVN1FhQwoc1xkfRx&luckydog_data=vMVxwNDHRsvj9mg9HHkvrA
52	200	headers=11	body=489	url=https://polaris.zijieapi.com/luckycat/activity/settings/get_dynamic_settings/?luckydog_base=ZWkSTskzn9-4_3mhabJfkkR2YvxwBoxiW_rj9VMoqp8uV8Dnf0f6dK7FSZbP_-AydNGWOQD7rvaKeoOAQiH0yX53LPEKSCcT3H7wiR2TaYCUAPcqpsE2JkDGG0-C8LiLPOPbVM3RPQF8jswe2cacoMSNQRsHNuuAWp1VRGjbkUg&luckydog_token=wXnov5t9s9cQ0rPwC9vlX1fC8noemPhjug21LcHCB9_Rp1n5ZVN1FhQwoc1xkfRx&luckydog_data=vMVxwNDHRsvj9mg9HHkvrA&device_platform=android&klink_egdi=AAL6F2JRRmTyRcmhfWO8fpeIax20xWdbnFyoOkbHLTA1hgY6i5yr6vS9&iid=3313280560987770&device_id=4087336283154583&ac=wifi&channel=vivo_1128_64&aid=1128&app_name=aweme&version_code=350100&version_name=35.1.0&os=android&ssmix=a&device_type=Pixel+6&device_brand=google&language=zh&os_api=35&os_version=15&manifest_version_code=350101&resolution=1080*2209&dpi=420&update_version_code=35109900&_rticket=1788275683699&package=com.ss.android.ugc.aweme&mcc_mnc=46000&first_launch_timestamp=1788265682&last_deeplink_update_version_code=0&cpu_support64=true&host_abi=arm64-v8a&is_guest_mode=0&app_type=normal&minor_status=0&appTheme=light&is_preinstall=0&need_personal_recommend=1&is_android_pad=0&is_android_fold=0&ts=1788275683&cdid=3c8e225d-27e2-4294-8873-9009960e7908&rom=GOOGLE&has_alipay=0&p_switch=1&rom_version=unknown&luckydog_api_verison=8.87.0-rc.1&luckydog_sdk_verison=8.87.0-rc.1&is_teen_mode=0&status_bar_height=48&lucky_is_32=0&lucky_device_score=8.4364&lucky_device_type=Pixel+6
53	200	headers=11	body=493	url=https://gecko.zijieapi.com/gkx/api/settings/v3?klink_egdi=AAL6F2JRRmTyRcmhfWO8fpeIax20xWdbnFyoOkbHLTA1hgY6i5yr6vS9&iid=3313280560987770&device_id=4087336283154583&ac=wifi&channel=vivo_1128_64&aid=1128&app_name=aweme&version_code=350100&version_name=35.1.0&device_platform=android&os=android&ssmix=a&device_type=Pixel+6&device_brand=google&language=zh&os_api=35&os_version=15&manifest_version_code=350101&resolution=1080*2209&dpi=420&update_version_code=35109900&_rticket=1788275684094&package=com.ss.android.ugc.aweme&mcc_mnc=46000&first_launch_timestamp=1788265682&last_deeplink_update_version_code=0&cpu_support64=true&host_abi=arm64-v8a&is_guest_mode=0&app_type=normal&minor_status=0&appTheme=light&is_preinstall=0&need_personal_recommend=1&is_android_pad=0&is_android_fold=0&ts=1788275683&cdid=3c8e225d-27e2-4294-8873-9009960e7908
54	200	headers=12	body=392	url=https://polaris.zijieapi.com/luckycat/activity/settings/get_static_settings/?luckydog_base=ZWkSTskzn9-4_3mhabJfkkR2YvxwBoxiW_rj9VMoqp8uV8Dnf0f6dK7FSZbP_-AydNGWOQD7rvaKeoOAQiH0yX53LPEKSCcT3H7wiR2TaYCUAPcqpsE2JkDGG0-C8LiLPOPbVM3RPQF8jswe2cacoMSNQRsHNuuAWp1VRGjbkUg&luckydog_token=wXnov5t9s9cQ0rPwC9vlX1fC8noemPhjug21LcHCB9_Rp1n5ZVN1FhQwoc1xkfRx&luckydog_data=vMVxwNDHRsvj9mg9HHkvrA&device_platform=android&klink_egdi=AAL6F2JRRmTyRcmhfWO8fpeIax20xWdbnFyoOkbHLTA1hgY6i5yr6vS9&iid=3313280560987770&device_id=4087336283154583&ac=wifi&channel=vivo_1128_64&aid=1128&app_name=aweme&version_code=350100&version_name=35.1.0&os=android&ssmix=a&device_type=Pixel+6&device_brand=google&language=zh&os_api=35&os_version=15&manifest_version_code=350101&resolution=1080*2209&dpi=420&update_version_code=35109900&_rticket=1788275684399&package=com.ss.android.ugc.aweme&mcc_mnc=46000&first_launch_timestamp=1788265682&last_deeplink_update_version_code=0&cpu_support64=true&host_abi=arm64-v8a&is_guest_mode=0&app_type=normal&minor_status=0&appTheme=light&is_preinstall=0&need_personal_recommend=1&is_android_pad=0&is_android_fold=0&ts=1788275683&cdid=3c8e225d-27e2-4294-8873-9009960e7908&rom=GOOGLE&has_alipay=0&p_switch=1&rom_version=unknown&luckydog_api_verison=8.87.0-rc.1&luckydog_sdk_verison=8.87.0-rc.1&is_teen_mode=0&status_bar_height=48&lucky_is_32=0&lucky_device_score=8.4364&lucky_device_type=Pixel+6
55	200	headers=11	body=460	url=https://polaris.zijieapi.com/luckycat/crossover/v:version/general_get_time_token/?klink_egdi=AAL6F2JRRmTyRcmhfWO8fpeIax20xWdbnFyoOkbHLTA1hgY6i5yr6vS9&iid=3313280560987770&device_id=4087336283154583&ac=wifi&channel=vivo_1128_64&aid=1128&app_name=aweme&version_code=350100&version_name=35.1.0&device_platform=android&os=android&ssmix=a&device_type=Pixel+6&device_brand=google&language=zh&os_api=35&os_version=15&manifest_version_code=350101&resolution=1080*2209&dpi=420&update_version_code=35109900&_rticket=1788275684775&package=com.ss.android.ugc.aweme&mcc_mnc=46000&first_launch_timestamp=1788265682&last_deeplink_update_version_code=0&cpu_support64=true&host_abi=arm64-v8a&is_guest_mode=0&app_type=normal&minor_status=0&appTheme=light&is_preinstall=0&need_personal_recommend=1&is_android_pad=0&is_android_fold=0&ts=1788275684&cdid=3c8e225d-27e2-4294-8873-9009960e7908&rom=GOOGLE&has_alipay=0&p_switch=1&rom_version=unknown&luckydog_api_verison=8.87.0-rc.1&luckydog_sdk_verison=8.87.0-rc.1&is_teen_mode=0&status_bar_height=48&lucky_is_32=0&lucky_device_score=8.4364&lucky_device_type=Pixel+6&luckydog_base=ZWkSTskzn9-4_3mhabJfkkR2YvxwBoxiW_rj9VMoqp8uV8Dnf0f6dK7FSZbP_-AydNGWOQD7rvaKeoOAQiH0yX53LPEKSCcT3H7wiR2TaYCUAPcqpsE2JkDGG0-C8LiLPOPbVM3RPQF8jswe2cacoMSNQRsHNuuAWp1VRGjbkUg&luckydog_token=wXnov5t9s9cQ0rPwC9vlX1fC8noemPhjug21LcHCB9_Rp1n5ZVN1FhQwoc1xkfRx&luckydog_data=vMVxwNDHRsvj9mg9HHkvrA
56	200	headers=8	body=0	url=https://aweme.snssdk.com/service/settings/v2/?has_local_cache=true&app=1&default=1&settings_time=1788275356&klink_egdi=AAL6F2JRRmTyRcmhfWO8fpeIax20xWdbnFyoOkbHLTA1hgY6i5yr6vS9&iid=3313280560987770&device_id=4087336283154583&ac=wifi&channel=vivo_1128_64&aid=1128&app_name=aweme&version_code=350100&version_name=35.1.0&device_platform=android&os=android&ssmix=a&device_type=Pixel+6&device_brand=google&language=zh&os_api=35&os_version=15&manifest_version_code=350101&resolution=1080*2209&dpi=420&update_version_code=35109900&_rticket=1788275684157&package=com.ss.android.ugc.aweme&mcc_mnc=46000&first_launch_timestamp=1788265682&last_deeplink_update_version_code=0&cpu_support64=true&host_abi=arm64-v8a&is_guest_mode=0&app_type=normal&minor_status=0&appTheme=light&is_preinstall=0&need_personal_recommend=1&is_android_pad=0&is_android_fold=0&ts=1788275683&cdid=3c8e225d-27e2-4294-8873-9009960e7908
57	200	headers=0	body=0	url=https://aweme.snssdk.com/service/settings/v2/?has_local_cache=true&app=1&default=1&settings_time=1788275356&klink_egdi=AAL6F2JRRmTyRcmhfWO8fpeIax20xWdbnFyoOkbHLTA1hgY6i5yr6vS9&iid=3313280560987770&device_id=4087336283154583&ac=wifi&channel=vivo_1128_64&aid=1128&app_name=aweme&version_code=350100&version_name=35.1.0&device_platform=android&os=android&ssmix=a&device_type=Pixel+6&device_brand=google&language=zh&os_api=35&os_version=15&manifest_version_code=350101&resolution=1080*2209&dpi=420&update_version_code=35109900&_rticket=1788275684157&package=com.ss.android.ugc.aweme&mcc_mnc=46000&first_launch_timestamp=1788265682&last_deeplink_update_version_code=0&cpu_support64=true&host_abi=arm64-v8a&is_guest_mode=0&app_type=normal&minor_status=0&appTheme=light&is_preinstall=0&need_personal_recommend=1&is_android_pad=0&is_android_fold=0&ts=1788275683&cdid=3c8e225d-27e2-4294-8873-9009960e7908
58	200	headers=0	body=0	url=https://aweme.snssdk.com/service/settings/v2/?has_local_cache=true&app=1&default=1&settings_time=1788275356&klink_egdi=AAL6F2JRRmTyRcmhfWO8fpeIax20xWdbnFyoOkbHLTA1hgY6i5yr6vS9&iid=3313280560987770&device_id=4087336283154583&ac=wifi&channel=vivo_1128_64&aid=1128&app_name=aweme&version_code=350100&version_name=35.1.0&device_platform=android&os=android&ssmix=a&device_type=Pixel+6&device_brand=google&language=zh&os_api=35&os_version=15&manifest_version_code=350101&resolution=1080*2209&dpi=420&update_version_code=35109900&_rticket=1788275684157&package=com.ss.android.ugc.aweme&mcc_mnc=46000&first_launch_timestamp=1788265682&last_deeplink_update_version_code=0&cpu_support64=true&host_abi=arm64-v8a&is_guest_mode=0&app_type=normal&minor_status=0&appTheme=light&is_preinstall=0&need_personal_recommend=1&is_android_pad=0&is_android_fold=0&ts=1788275683&cdid=3c8e225d-27e2-4294-8873-9009960e7908
59	200	headers=11	body=460	url=https://polaris.zijieapi.com/luckycat/crossover/v:version/ack_install/?klink_egdi=AAL6F2JRRmTyRcmhfWO8fpeIax20xWdbnFyoOkbHLTA1hgY6i5yr6vS9&iid=3313280560987770&device_id=4087336283154583&ac=wifi&channel=vivo_1128_64&aid=1128&app_name=aweme&version_code=350100&version_name=35.1.0&device_platform=android&os=android&ssmix=a&device_type=Pixel+6&device_brand=google&language=zh&os_api=35&os_version=15&manifest_version_code=350101&resolution=1080*2209&dpi=420&update_version_code=35109900&_rticket=1788275685776&package=com.ss.android.ugc.aweme&mcc_mnc=46000&first_launch_timestamp=1788265682&last_deeplink_update_version_code=0&cpu_support64=true&host_abi=arm64-v8a&is_guest_mode=0&app_type=normal&minor_status=0&appTheme=light&is_preinstall=0&need_personal_recommend=1&is_android_pad=0&is_android_fold=0&ts=1788275685&cdid=3c8e225d-27e2-4294-8873-9009960e7908&rom=GOOGLE&has_alipay=0&p_switch=1&rom_version=unknown&luckydog_api_verison=8.87.0-rc.1&luckydog_sdk_verison=8.87.0-rc.1&is_teen_mode=0&status_bar_height=48&lucky_is_32=0&lucky_device_score=8.4364&lucky_device_type=Pixel+6&luckydog_base=ZWkSTskzn9-4_3mhabJfkkR2YvxwBoxiW_rj9VMoqp8uV8Dnf0f6dK7FSZbP_-AydNGWOQD7rvaKeoOAQiH0yX53LPEKSCcT3H7wiR2TaYCUAPcqpsE2JkDGG0-C8LiLPOPbVM3RPQF8jswe2cacoMSNQRsHNuuAWp1VRGjbkUg&luckydog_token=wXnov5t9s9cQ0rPwC9vlX1fC8noemPhjug21LcHCB9_Rp1n5ZVN1FhQwoc1xkfRx&luckydog_data=vMVxwNDHRsvj9mg9HHkvrA
60	200	headers=8	body=0	url=https://aweme.snssdk.com/aweme/ug/general/cold_start?klink_egdi=AAL6F2JRRmTyRcmhfWO8fpeIax20xWdbnFyoOkbHLTA1hgY6i5yr6vS9&iid=3313280560987770&device_id=4087336283154583&ac=wifi&channel=vivo_1128_64&aid=1128&app_name=aweme&version_code=350100&version_name=35.1.0&device_platform=android&os=android&ssmix=a&device_type=Pixel+6&device_brand=google&language=zh&os_api=35&os_version=15&manifest_version_code=350101&resolution=1080*2209&dpi=420&update_version_code=35109900&_rticket=1788275686325&package=com.ss.android.ugc.aweme&mcc_mnc=46000&first_launch_timestamp=1788265682&last_deeplink_update_version_code=0&cpu_support64=true&host_abi=arm64-v8a&is_guest_mode=0&app_type=normal&minor_status=0&appTheme=light&is_preinstall=0&need_personal_recommend=1&is_android_pad=0&is_android_fold=0&ts=1788275685&cdid=3c8e225d-27e2-4294-8873-9009960e7908&luckydog_base=ZWkSTskzn9-4_3mhabJfkkR2YvxwBoxiW_rj9VMoqp8uV8Dnf0f6dK7FSZbP_-AydNGWOQD7rvaKeoOAQiH0yX53LPEKSCcT3H7wiR2TaYCUAPcqpsE2JkDGG0-C8LiLPOPbVM3RPQF8jswe2cacoMSNQRsHNuuAWp1VRGjbkUg&luckydog_token=wXnov5t9s9cQ0rPwC9vlX1fC8noemPhjug21LcHCB9_Rp1n5ZVN1FhQwoc1xkfRx&luckydog_data=vMVxwNDHRsvj9mg9HHkvrA
61	200	headers=0	body=0	url=https://aweme.snssdk.com/aweme/ug/general/cold_start?klink_egdi=AAL6F2JRRmTyRcmhfWO8fpeIax20xWdbnFyoOkbHLTA1hgY6i5yr6vS9&iid=3313280560987770&device_id=4087336283154583&ac=wifi&channel=vivo_1128_64&aid=1128&app_name=aweme&version_code=350100&version_name=35.1.0&device_platform=android&os=android&ssmix=a&device_type=Pixel+6&device_brand=google&language=zh&os_api=35&os_version=15&manifest_version_code=350101&resolution=1080*2209&dpi=420&update_version_code=35109900&_rticket=1788275686325&package=com.ss.android.ugc.aweme&mcc_mnc=46000&first_launch_timestamp=1788265682&last_deeplink_update_version_code=0&cpu_support64=true&host_abi=arm64-v8a&is_guest_mode=0&app_type=normal&minor_status=0&appTheme=light&is_preinstall=0&need_personal_recommend=1&is_android_pad=0&is_android_fold=0&ts=1788275685&cdid=3c8e225d-27e2-4294-8873-9009960e7908&luckydog_base=ZWkSTskzn9-4_3mhabJfkkR2YvxwBoxiW_rj9VMoqp8uV8Dnf0f6dK7FSZbP_-AydNGWOQD7rvaKeoOAQiH0yX53LPEKSCcT3H7wiR2TaYCUAPcqpsE2JkDGG0-C8LiLPOPbVM3RPQF8jswe2cacoMSNQRsHNuuAWp1VRGjbkUg&luckydog_token=wXnov5t9s9cQ0rPwC9vlX1fC8noemPhjug21LcHCB9_Rp1n5ZVN1FhQwoc1xkfRx&luckydog_data=vMVxwNDHRsvj9mg9HHkvrA
62	200	headers=0	body=0	url=https://aweme.snssdk.com/aweme/ug/general/cold_start?klink_egdi=AAL6F2JRRmTyRcmhfWO8fpeIax20xWdbnFyoOkbHLTA1hgY6i5yr6vS9&iid=3313280560987770&device_id=4087336283154583&ac=wifi&channel=vivo_1128_64&aid=1128&app_name=aweme&version_code=350100&version_name=35.1.0&device_platform=android&os=android&ssmix=a&device_type=Pixel+6&device_brand=google&language=zh&os_api=35&os_version=15&manifest_version_code=350101&resolution=1080*2209&dpi=420&update_version_code=35109900&_rticket=1788275686325&package=com.ss.android.ugc.aweme&mcc_mnc=46000&first_launch_timestamp=1788265682&last_deeplink_update_version_code=0&cpu_support64=true&host_abi=arm64-v8a&is_guest_mode=0&app_type=normal&minor_status=0&appTheme=light&is_preinstall=0&need_personal_recommend=1&is_android_pad=0&is_android_fold=0&ts=1788275685&cdid=3c8e225d-27e2-4294-8873-9009960e7908&luckydog_base=ZWkSTskzn9-4_3mhabJfkkR2YvxwBoxiW_rj9VMoqp8uV8Dnf0f6dK7FSZbP_-AydNGWOQD7rvaKeoOAQiH0yX53LPEKSCcT3H7wiR2TaYCUAPcqpsE2JkDGG0-C8LiLPOPbVM3RPQF8jswe2cacoMSNQRsHNuuAWp1VRGjbkUg&luckydog_token=wXnov5t9s9cQ0rPwC9vlX1fC8noemPhjug21LcHCB9_Rp1n5ZVN1FhQwoc1xkfRx&luckydog_data=vMVxwNDHRsvj9mg9HHkvrA
63	200	headers=8	body=127	url=https://aweme.snssdk.com/api/v2/resource/asset-sdk
64	200	headers=8	body=0	url=https://aweme.snssdk.com/aweme/v2/undertaking/settings/?brand_sys_version=0&total_not_incentive_share=0&widget_info=%7B%22follow_small_widget%22%3Afalse%2C%22message_small_widget%22%3Afalse%2C%22friend_message_widget%22%3Afalse%2C%22mall_guide_widget%22%3Afalse%7D&klink_egdi=AAL6F2JRRmTyRcmhfWO8fpeIax20xWdbnFyoOkbHLTA1hgY6i5yr6vS9&iid=3313280560987770&device_id=4087336283154583&ac=wifi&channel=vivo_1128_64&aid=1128&app_name=aweme&version_code=350100&version_name=35.1.0&device_platform=android&os=android&ssmix=a&device_type=Pixel+6&device_brand=google&language=zh&os_api=35&os_version=15&manifest_version_code=350101&resolution=1080*2209&dpi=420&update_version_code=35109900&_rticket=1788275686597&package=com.ss.android.ugc.aweme&mcc_mnc=46000&first_launch_timestamp=1788265682&last_deeplink_update_version_code=0&cpu_support64=true&host_abi=arm64-v8a&is_guest_mode=0&app_type=normal&minor_status=0&appTheme=light&is_preinstall=0&need_personal_recommend=1&is_android_pad=0&is_android_fold=0&ts=1788275686&cdid=3c8e225d-27e2-4294-8873-9009960e7908
65	200	headers=0	body=0	url=https://aweme.snssdk.com/aweme/v2/undertaking/settings/?brand_sys_version=0&total_not_incentive_share=0&widget_info=%7B%22follow_small_widget%22%3Afalse%2C%22message_small_widget%22%3Afalse%2C%22friend_message_widget%22%3Afalse%2C%22mall_guide_widget%22%3Afalse%7D&klink_egdi=AAL6F2JRRmTyRcmhfWO8fpeIax20xWdbnFyoOkbHLTA1hgY6i5yr6vS9&iid=3313280560987770&device_id=4087336283154583&ac=wifi&channel=vivo_1128_64&aid=1128&app_name=aweme&version_code=350100&version_name=35.1.0&device_platform=android&os=android&ssmix=a&device_type=Pixel+6&device_brand=google&language=zh&os_api=35&os_version=15&manifest_version_code=350101&resolution=1080*2209&dpi=420&update_version_code=35109900&_rticket=1788275686597&package=com.ss.android.ugc.aweme&mcc_mnc=46000&first_launch_timestamp=1788265682&last_deeplink_update_version_code=0&cpu_support64=true&host_abi=arm64-v8a&is_guest_mode=0&app_type=normal&minor_status=0&appTheme=light&is_preinstall=0&need_personal_recommend=1&is_android_pad=0&is_android_fold=0&ts=1788275686&cdid=3c8e225d-27e2-4294-8873-9009960e7908
66	200	headers=0	body=0	url=https://aweme.snssdk.com/aweme/v2/undertaking/settings/?brand_sys_version=0&total_not_incentive_share=0&widget_info=%7B%22follow_small_widget%22%3Afalse%2C%22message_small_widget%22%3Afalse%2C%22friend_message_widget%22%3Afalse%2C%22mall_guide_widget%22%3Afalse%7D&klink_egdi=AAL6F2JRRmTyRcmhfWO8fpeIax20xWdbnFyoOkbHLTA1hgY6i5yr6vS9&iid=3313280560987770&device_id=4087336283154583&ac=wifi&channel=vivo_1128_64&aid=1128&app_name=aweme&version_code=350100&version_name=35.1.0&device_platform=android&os=android&ssmix=a&device_type=Pixel+6&device_brand=google&language=zh&os_api=35&os_version=15&manifest_version_code=350101&resolution=1080*2209&dpi=420&update_version_code=35109900&_rticket=1788275686597&package=com.ss.android.ugc.aweme&mcc_mnc=46000&first_launch_timestamp=1788265682&last_deeplink_update_version_code=0&cpu_support64=true&host_abi=arm64-v8a&is_guest_mode=0&app_type=normal&minor_status=0&appTheme=light&is_preinstall=0&need_personal_recommend=1&is_android_pad=0&is_android_fold=0&ts=1788275686&cdid=3c8e225d-27e2-4294-8873-9009960e7908
67	200	headers=8	body=0	url=https://aweme.snssdk.com/aweme/homepage/component/?interface_version=v2&domain_data_hash=%7B%22homepage%22%3A%225715cdaac14dc017813156e6d4ce5604%22%2C%22feed%22%3A%22dd80676eddbc9994a78cbdd96eacf786%22%2C%22pop_view%22%3A%229631dcbbd6404968da6fd89bd2faed56%22%7D&optimize_link_enable=1&klink_egdi=AAL6F2JRRmTyRcmhfWO8fpeIax20xWdbnFyoOkbHLTA1hgY6i5yr6vS9&iid=3313280560987770&device_id=4087336283154583&ac=wifi&channel=vivo_1128_64&aid=1128&app_name=aweme&version_code=350100&version_name=35.1.0&device_platform=android&os=android&ssmix=a&device_type=Pixel+6&device_brand=google&language=zh&os_api=35&os_version=15&manifest_version_code=350101&resolution=1080*2209&dpi=420&update_version_code=35109900&_rticket=1788275686869&package=com.ss.android.ugc.aweme&mcc_mnc=46000&first_launch_timestamp=1788265682&last_deeplink_update_version_code=0&cpu_support64=true&host_abi=arm64-v8a&is_guest_mode=0&app_type=normal&minor_status=0&appTheme=light&is_preinstall=0&need_personal_recommend=1&is_android_pad=0&is_android_fold=0&ts=1788275686&cdid=3c8e225d-27e2-4294-8873-9009960e7908
68	200	headers=0	body=0	url=https://aweme.snssdk.com/aweme/homepage/component/?interface_version=v2&domain_data_hash=%7B%22homepage%22%3A%225715cdaac14dc017813156e6d4ce5604%22%2C%22feed%22%3A%22dd80676eddbc9994a78cbdd96eacf786%22%2C%22pop_view%22%3A%229631dcbbd6404968da6fd89bd2faed56%22%7D&optimize_link_enable=1&klink_egdi=AAL6F2JRRmTyRcmhfWO8fpeIax20xWdbnFyoOkbHLTA1hgY6i5yr6vS9&iid=3313280560987770&device_id=4087336283154583&ac=wifi&channel=vivo_1128_64&aid=1128&app_name=aweme&version_code=350100&version_name=35.1.0&device_platform=android&os=android&ssmix=a&device_type=Pixel+6&device_brand=google&language=zh&os_api=35&os_version=15&manifest_version_code=350101&resolution=1080*2209&dpi=420&update_version_code=35109900&_rticket=1788275686869&package=com.ss.android.ugc.aweme&mcc_mnc=46000&first_launch_timestamp=1788265682&last_deeplink_update_version_code=0&cpu_support64=true&host_abi=arm64-v8a&is_guest_mode=0&app_type=normal&minor_status=0&appTheme=light&is_preinstall=0&need_personal_recommend=1&is_android_pad=0&is_android_fold=0&ts=1788275686&cdid=3c8e225d-27e2-4294-8873-9009960e7908
69	200	headers=0	body=0	url=https://aweme.snssdk.com/aweme/homepage/component/?interface_version=v2&domain_data_hash=%7B%22homepage%22%3A%225715cdaac14dc017813156e6d4ce5604%22%2C%22feed%22%3A%22dd80676eddbc9994a78cbdd96eacf786%22%2C%22pop_view%22%3A%229631dcbbd6404968da6fd89bd2faed56%22%7D&optimize_link_enable=1&klink_egdi=AAL6F2JRRmTyRcmhfWO8fpeIax20xWdbnFyoOkbHLTA1hgY6i5yr6vS9&iid=3313280560987770&device_id=4087336283154583&ac=wifi&channel=vivo_1128_64&aid=1128&app_name=aweme&version_code=350100&version_name=35.1.0&device_platform=android&os=android&ssmix=a&device_type=Pixel+6&device_brand=google&language=zh&os_api=35&os_version=15&manifest_version_code=350101&resolution=1080*2209&dpi=420&update_version_code=35109900&_rticket=1788275686869&package=com.ss.android.ugc.aweme&mcc_mnc=46000&first_launch_timestamp=1788265682&last_deeplink_update_version_code=0&cpu_support64=true&host_abi=arm64-v8a&is_guest_mode=0&app_type=normal&minor_status=0&appTheme=light&is_preinstall=0&need_personal_recommend=1&is_android_pad=0&is_android_fold=0&ts=1788275686&cdid=3c8e225d-27e2-4294-8873-9009960e7908
70	200	headers=8	body=0	url=https://aweme.snssdk.com/service/settings/v3/?iid=3313280560987770&sdk_version_name=0.3.4-rc.8&is_foreground=true&device_type=Pixel+6&language=zh&widget_window_w=1080&os_detail_type=android&device_manufacturer=Google&update_version_code=35109900&rom=13003188&caller_name=UserEngagement&widget_window_h_dp=914&os_api=35&settings_time=1788271793&widget_dpi=420.0&dpi=420&widget_rom=35&package=com.ss.android.ugc.aweme&device_id=4087336283154583&os=android&client_time=1788275686375&widget_window_w_dp=411&os_version=15&version_code=350100&request_source=settings_source_sdk&app_name=aweme&sdk_version_code=304&version_name=35.1.0&device_brand=google&device_platform=android&aid=1128&widget_window_h=2400&rom_version=35&cid=8ac1f505-5b1e-444f-b9d2-da41909763c0&klink_egdi=AAL6F2JRRmTyRcmhfWO8fpeIax20xWdbnFyoOkbHLTA1hgY6i5yr6vS9&ac=wifi&channel=vivo_1128_64&ssmix=a&manifest_version_code=350101&resolution=1080*2209&_rticket=1788275686379&mcc_mnc=46000&first_launch_timestamp=1788265682&last_deeplink_update_version_code=0&cpu_support64=true&host_abi=arm64-v8a&is_guest_mode=0&app_type=normal&minor_status=0&appTheme=light&is_preinstall=0&need_personal_recommend=1&is_android_pad=0&is_android_fold=0&ts=1788275685&cdid=3c8e225d-27e2-4294-8873-9009960e7908&luckydog_base=ZWkSTskzn9-4_3mhabJfkkR2YvxwBoxiW_rj9VMoqp8uV8Dnf0f6dK7FSZbP_-AydNGWOQD7rvaKeoOAQiH0yX53LPEKSCcT3H7wiR2TaYCUAPcqpsE2JkDGG0-C8LiLPOPbVM3RPQF8jswe2cacoMSNQRsHNuuAWp1VRGjbkUg&luckydog_token=wXnov5t9s9cQ0rPwC9vlX1fC8noemPhjug21LcHCB9_Rp1n5ZVN1FhQwoc1xkfRx&luckydog_data=vMVxwNDHRsvj9mg9HHkvrA
71	200	headers=0	body=0	url=https://aweme.snssdk.com/service/settings/v3/?iid=3313280560987770&sdk_version_name=0.3.4-rc.8&is_foreground=true&device_type=Pixel+6&language=zh&widget_window_w=1080&os_detail_type=android&device_manufacturer=Google&update_version_code=35109900&rom=13003188&caller_name=UserEngagement&widget_window_h_dp=914&os_api=35&settings_time=1788271793&widget_dpi=420.0&dpi=420&widget_rom=35&package=com.ss.android.ugc.aweme&device_id=4087336283154583&os=android&client_time=1788275686375&widget_window_w_dp=411&os_version=15&version_code=350100&request_source=settings_source_sdk&app_name=aweme&sdk_version_code=304&version_name=35.1.0&device_brand=google&device_platform=android&aid=1128&widget_window_h=2400&rom_version=35&cid=8ac1f505-5b1e-444f-b9d2-da41909763c0&klink_egdi=AAL6F2JRRmTyRcmhfWO8fpeIax20xWdbnFyoOkbHLTA1hgY6i5yr6vS9&ac=wifi&channel=vivo_1128_64&ssmix=a&manifest_version_code=350101&resolution=1080*2209&_rticket=1788275686379&mcc_mnc=46000&first_launch_timestamp=1788265682&last_deeplink_update_version_code=0&cpu_support64=true&host_abi=arm64-v8a&is_guest_mode=0&app_type=normal&minor_status=0&appTheme=light&is_preinstall=0&need_personal_recommend=1&is_android_pad=0&is_android_fold=0&ts=1788275685&cdid=3c8e225d-27e2-4294-8873-9009960e7908&luckydog_base=ZWkSTskzn9-4_3mhabJfkkR2YvxwBoxiW_rj9VMoqp8uV8Dnf0f6dK7FSZbP_-AydNGWOQD7rvaKeoOAQiH0yX53LPEKSCcT3H7wiR2TaYCUAPcqpsE2JkDGG0-C8LiLPOPbVM3RPQF8jswe2cacoMSNQRsHNuuAWp1VRGjbkUg&luckydog_token=wXnov5t9s9cQ0rPwC9vlX1fC8noemPhjug21LcHCB9_Rp1n5ZVN1FhQwoc1xkfRx&luckydog_data=vMVxwNDHRsvj9mg9HHkvrA
72	200	headers=0	body=0	url=https://aweme.snssdk.com/service/settings/v3/?iid=3313280560987770&sdk_version_name=0.3.4-rc.8&is_foreground=true&device_type=Pixel+6&language=zh&widget_window_w=1080&os_detail_type=android&device_manufacturer=Google&update_version_code=35109900&rom=13003188&caller_name=UserEngagement&widget_window_h_dp=914&os_api=35&settings_time=1788271793&widget_dpi=420.0&dpi=420&widget_rom=35&package=com.ss.android.ugc.aweme&device_id=4087336283154583&os=android&client_time=1788275686375&widget_window_w_dp=411&os_version=15&version_code=350100&request_source=settings_source_sdk&app_name=aweme&sdk_version_code=304&version_name=35.1.0&device_brand=google&device_platform=android&aid=1128&widget_window_h=2400&rom_version=35&cid=8ac1f505-5b1e-444f-b9d2-da41909763c0&klink_egdi=AAL6F2JRRmTyRcmhfWO8fpeIax20xWdbnFyoOkbHLTA1hgY6i5yr6vS9&ac=wifi&channel=vivo_1128_64&ssmix=a&manifest_version_code=350101&resolution=1080*2209&_rticket=1788275686379&mcc_mnc=46000&first_launch_timestamp=1788265682&last_deeplink_update_version_code=0&cpu_support64=true&host_abi=arm64-v8a&is_guest_mode=0&app_type=normal&minor_status=0&appTheme=light&is_preinstall=0&need_personal_recommend=1&is_android_pad=0&is_android_fold=0&ts=1788275685&cdid=3c8e225d-27e2-4294-8873-9009960e7908&luckydog_base=ZWkSTskzn9-4_3mhabJfkkR2YvxwBoxiW_rj9VMoqp8uV8Dnf0f6dK7FSZbP_-AydNGWOQD7rvaKeoOAQiH0yX53LPEKSCcT3H7wiR2TaYCUAPcqpsE2JkDGG0-C8LiLPOPbVM3RPQF8jswe2cacoMSNQRsHNuuAWp1VRGjbkUg&luckydog_token=wXnov5t9s9cQ0rPwC9vlX1fC8noemPhjug21LcHCB9_Rp1n5ZVN1FhQwoc1xkfRx&luckydog_data=vMVxwNDHRsvj9mg9HHkvrA
73	200	headers=11	body=18550	url=https://aweme.snssdk.com/service/2/app_log/?version_code=350100&device_platform=android&device_id=4087336283154583&aid=1128&iid=3313280560987770&tt_data=a
74	200	headers=9	body=1060	url=https://mssdk.bytedance.com/sdi/get_token?lc_id=1588093228&platform=android&device_platform=android&sdk_ver=v04.09.05-ml-android&sdk_ver_code=67699968&app_ver=35.1.0&version_code=350101&aid=1128&sdkid&subaid&iid=3313280560987770&did=4087336283154583&bd_did&client_type=inhouse&region_type=ml&mode=2&full_update_version_code=35109900
75	200	headers=8	body=0	url=https://aweme.snssdk.com/service/settings/v3/?klink_egdi=AAL6F2JRRmTyRcmhfWO8fpeIax20xWdbnFyoOkbHLTA1hgY6i5yr6vS9&iid=3313280560987770&device_id=4087336283154583&ac=wifi&channel=vivo_1128_64&aid=4263&app_name=aweme&version_code=350100&version_name=35.1.0&device_platform=android&os=android&ssmix=a&device_type=Pixel+6&device_brand=google&language=zh&os_api=35&os_version=15&manifest_version_code=350101&resolution=1080*2209&dpi=420&update_version_code=35109900&_rticket=1788275689538&package=com.ss.android.ugc.aweme&mcc_mnc=46000&first_launch_timestamp=1788265682&last_deeplink_update_version_code=0&cpu_support64=true&host_abi=arm64-v8a&is_guest_mode=0&app_type=normal&minor_status=0&appTheme=light&is_preinstall=0&need_personal_recommend=1&is_android_pad=0&is_android_fold=0&ts=1788275688&cdid=3c8e225d-27e2-4294-8873-9009960e7908&luckydog_base=ZWkSTskzn9-4_3mhabJfkkR2YvxwBoxiW_rj9VMoqp8uV8Dnf0f6dK7FSZbP_-AydNGWOQD7rvaKeoOAQiH0yX53LPEKSCcT3H7wiR2TaYCUAPcqpsE2JkDGG0-C8LiLPOPbVM3RPQF8jswe2cacoMSNQRsHNuuAWp1VRGjbkUg&luckydog_token=wXnov5t9s9cQ0rPwC9vlX1fC8noemPhjug21LcHCB9_Rp1n5ZVN1FhQwoc1xkfRx&luckydog_data=vMVxwNDHRsvj9mg9HHkvrA
76	200	headers=0	body=0	url=https://aweme.snssdk.com/service/settings/v3/?klink_egdi=AAL6F2JRRmTyRcmhfWO8fpeIax20xWdbnFyoOkbHLTA1hgY6i5yr6vS9&iid=3313280560987770&device_id=4087336283154583&ac=wifi&channel=vivo_1128_64&aid=4263&app_name=aweme&version_code=350100&version_name=35.1.0&device_platform=android&os=android&ssmix=a&device_type=Pixel+6&device_brand=google&language=zh&os_api=35&os_version=15&manifest_version_code=350101&resolution=1080*2209&dpi=420&update_version_code=35109900&_rticket=1788275689538&package=com.ss.android.ugc.aweme&mcc_mnc=46000&first_launch_timestamp=1788265682&last_deeplink_update_version_code=0&cpu_support64=true&host_abi=arm64-v8a&is_guest_mode=0&app_type=normal&minor_status=0&appTheme=light&is_preinstall=0&need_personal_recommend=1&is_android_pad=0&is_android_fold=0&ts=1788275688&cdid=3c8e225d-27e2-4294-8873-9009960e7908&luckydog_base=ZWkSTskzn9-4_3mhabJfkkR2YvxwBoxiW_rj9VMoqp8uV8Dnf0f6dK7FSZbP_-AydNGWOQD7rvaKeoOAQiH0yX53LPEKSCcT3H7wiR2TaYCUAPcqpsE2JkDGG0-C8LiLPOPbVM3RPQF8jswe2cacoMSNQRsHNuuAWp1VRGjbkUg&luckydog_token=wXnov5t9s9cQ0rPwC9vlX1fC8noemPhjug21LcHCB9_Rp1n5ZVN1FhQwoc1xkfRx&luckydog_data=vMVxwNDHRsvj9mg9HHkvrA
77	200	headers=0	body=0	url=https://aweme.snssdk.com/service/settings/v3/?klink_egdi=AAL6F2JRRmTyRcmhfWO8fpeIax20xWdbnFyoOkbHLTA1hgY6i5yr6vS9&iid=3313280560987770&device_id=4087336283154583&ac=wifi&channel=vivo_1128_64&aid=4263&app_name=aweme&version_code=350100&version_name=35.1.0&device_platform=android&os=android&ssmix=a&device_type=Pixel+6&device_brand=google&language=zh&os_api=35&os_version=15&manifest_version_code=350101&resolution=1080*2209&dpi=420&update_version_code=35109900&_rticket=1788275689538&package=com.ss.android.ugc.aweme&mcc_mnc=46000&first_launch_timestamp=1788265682&last_deeplink_update_version_code=0&cpu_support64=true&host_abi=arm64-v8a&is_guest_mode=0&app_type=normal&minor_status=0&appTheme=light&is_preinstall=0&need_personal_recommend=1&is_android_pad=0&is_android_fold=0&ts=1788275688&cdid=3c8e225d-27e2-4294-8873-9009960e7908&luckydog_base=ZWkSTskzn9-4_3mhabJfkkR2YvxwBoxiW_rj9VMoqp8uV8Dnf0f6dK7FSZbP_-AydNGWOQD7rvaKeoOAQiH0yX53LPEKSCcT3H7wiR2TaYCUAPcqpsE2JkDGG0-C8LiLPOPbVM3RPQF8jswe2cacoMSNQRsHNuuAWp1VRGjbkUg&luckydog_token=wXnov5t9s9cQ0rPwC9vlX1fC8noemPhjug21LcHCB9_Rp1n5ZVN1FhQwoc1xkfRx&luckydog_data=vMVxwNDHRsvj9mg9HHkvrA
78	200	headers=9	body=10114	url=https://mssdk.bytedance.com/ri/report?lc_id=1588093228&platform=android&device_platform=android&sdk_ver=v04.09.05-ml-android&sdk_ver_code=67699968&app_ver=35.1.0&version_code=350101&aid=1128&sdkid&subaid&iid=3313280560987770&did=4087336283154583&bd_did&client_type=inhouse&region_type=ml&mode=3&full_update_version_code=35109900
79	200	headers=13	body=149	url=https://ecom.snssdk.com/aweme/v2/commerce/bubble/trigger?klink_egdi=AAL6F2JRRmTyRcmhfWO8fpeIax20xWdbnFyoOkbHLTA1hgY6i5yr6vS9&iid=3313280560987770&device_id=4087336283154583&ac=wifi&channel=vivo_1128_64&aid=1128&app_name=aweme&version_code=350100&version_name=35.1.0&device_platform=android&os=android&ssmix=a&device_type=Pixel+6&device_brand=google&language=zh&os_api=35&os_version=15&manifest_version_code=350101&resolution=1080*2209&dpi=420&update_version_code=35109900&_rticket=1788275691196&package=com.ss.android.ugc.aweme&mcc_mnc=46000&first_launch_timestamp=1788265682&last_deeplink_update_version_code=0&cpu_support64=true&host_abi=arm64-v8a&is_guest_mode=0&app_type=normal&minor_status=0&appTheme=light&is_preinstall=0&need_personal_recommend=1&is_android_pad=0&is_android_fold=0&ts=1788275690&cdid=3c8e225d-27e2-4294-8873-9009960e7908
80	200	headers=9	body=1260	url=https://webcast.amemv.com/webcast/trace/report/?compress_type=gzip&klink_egdi=AAL6F2JRRmTyRcmhfWO8fpeIax20xWdbnFyoOkbHLTA1hgY6i5yr6vS9&iid=3313280560987770&device_id=4087336283154583&ac=wifi&channel=vivo_1128_64&aid=1128&app_name=aweme&version_code=350100&version_name=35.1.0&device_platform=android&os=android&ssmix=a&device_type=Pixel+6&device_brand=google&language=zh&os_api=35&os_version=15&manifest_version_code=350101&resolution=1080*2209&dpi=420&update_version_code=35109900&_rticket=1788275691660&package=com.ss.android.ugc.aweme&mcc_mnc=46000&first_launch_timestamp=1788265682&last_deeplink_update_version_code=0&cpu_support64=true&host_abi=arm64-v8a&is_guest_mode=0&app_type=normal&minor_status=0&appTheme=light&is_preinstall=0&need_personal_recommend=1&is_android_pad=0&is_android_fold=0&ts=1788275690&cdid=3c8e225d-27e2-4294-8873-9009960e7908
81	200	headers=12	body=515	url=https://aweme.snssdk.com/aweme/v1/aweme/stats/?klink_egdi=AAL6F2JRRmTyRcmhfWO8fpeIax20xWdbnFyoOkbHLTA1hgY6i5yr6vS9&iid=3313280560987770&device_id=4087336283154583&ac=wifi&channel=vivo_1128_64&aid=1128&app_name=aweme&version_code=350100&version_name=35.1.0&device_platform=android&os=android&ssmix=a&device_type=Pixel+6&device_brand=google&language=zh&os_api=35&os_version=15&manifest_version_code=350101&resolution=1080*2209&dpi=420&update_version_code=35109900&_rticket=1788275693260&package=com.ss.android.ugc.aweme&mcc_mnc=46000&first_launch_timestamp=1788265682&last_deeplink_update_version_code=0&cpu_support64=true&host_abi=arm64-v8a&is_guest_mode=0&app_type=normal&minor_status=0&appTheme=light&is_preinstall=0&need_personal_recommend=1&is_android_pad=0&is_android_fold=0&ts=1788275692&cdid=3c8e225d-27e2-4294-8873-9009960e7908
82	200	headers=9	body=0	url=https://aweme.snssdk.com/service/settings/v3/?caller_name=kite_device_android&device_id=4087336283154583&iid=3313280560987770&channel=vivo_1128_64&version_code=350100&device_platform=android&device_type=Pixel+6&aid=1128&klink_egdi=AAL6F2JRRmTyRcmhfWO8fpeIax20xWdbnFyoOkbHLTA1hgY6i5yr6vS9&ac=wifi&app_name=aweme&version_name=35.1.0&os=android&ssmix=a&device_brand=google&language=zh&os_api=35&os_version=15&manifest_version_code=350101&resolution=1080*2209&dpi=420&update_version_code=35109900&_rticket=1788275694708&package=com.ss.android.ugc.aweme&mcc_mnc=46000&first_launch_timestamp=1788265682&last_deeplink_update_version_code=0&cpu_support64=true&host_abi=arm64-v8a&is_guest_mode=0&app_type=normal&minor_status=0&appTheme=light&is_preinstall=0&need_personal_recommend=1&is_android_pad=0&is_android_fold=0&ts=1788275693&cdid=3c8e225d-27e2-4294-8873-9009960e7908&luckydog_base=ZWkSTskzn9-4_3mhabJfkkR2YvxwBoxiW_rj9VMoqp8uV8Dnf0f6dK7FSZbP_-AydNGWOQD7rvaKeoOAQiH0yX53LPEKSCcT3H7wiR2TaYCUAPcqpsE2JkDGG0-C8LiLPOPbVM3RPQF8jswe2cacoMSNQRsHNuuAWp1VRGjbkUg&luckydog_token=wXnov5t9s9cQ0rPwC9vlX1fC8noemPhjug21LcHCB9_Rp1n5ZVN1FhQwoc1xkfRx&luckydog_data=vMVxwNDHRsvj9mg9HHkvrA
83	200	headers=0	body=0	url=https://aweme.snssdk.com/service/settings/v3/?caller_name=kite_device_android&device_id=4087336283154583&iid=3313280560987770&channel=vivo_1128_64&version_code=350100&device_platform=android&device_type=Pixel+6&aid=1128&klink_egdi=AAL6F2JRRmTyRcmhfWO8fpeIax20xWdbnFyoOkbHLTA1hgY6i5yr6vS9&ac=wifi&app_name=aweme&version_name=35.1.0&os=android&ssmix=a&device_brand=google&language=zh&os_api=35&os_version=15&manifest_version_code=350101&resolution=1080*2209&dpi=420&update_version_code=35109900&_rticket=1788275694708&package=com.ss.android.ugc.aweme&mcc_mnc=46000&first_launch_timestamp=1788265682&last_deeplink_update_version_code=0&cpu_support64=true&host_abi=arm64-v8a&is_guest_mode=0&app_type=normal&minor_status=0&appTheme=light&is_preinstall=0&need_personal_recommend=1&is_android_pad=0&is_android_fold=0&ts=1788275693&cdid=3c8e225d-27e2-4294-8873-9009960e7908&luckydog_base=ZWkSTskzn9-4_3mhabJfkkR2YvxwBoxiW_rj9VMoqp8uV8Dnf0f6dK7FSZbP_-AydNGWOQD7rvaKeoOAQiH0yX53LPEKSCcT3H7wiR2TaYCUAPcqpsE2JkDGG0-C8LiLPOPbVM3RPQF8jswe2cacoMSNQRsHNuuAWp1VRGjbkUg&luckydog_token=wXnov5t9s9cQ0rPwC9vlX1fC8noemPhjug21LcHCB9_Rp1n5ZVN1FhQwoc1xkfRx&luckydog_data=vMVxwNDHRsvj9mg9HHkvrA
84	200	headers=0	body=0	url=https://aweme.snssdk.com/service/settings/v3/?caller_name=kite_device_android&device_id=4087336283154583&iid=3313280560987770&channel=vivo_1128_64&version_code=350100&device_platform=android&device_type=Pixel+6&aid=1128&klink_egdi=AAL6F2JRRmTyRcmhfWO8fpeIax20xWdbnFyoOkbHLTA1hgY6i5yr6vS9&ac=wifi&app_name=aweme&version_name=35.1.0&os=android&ssmix=a&device_brand=google&language=zh&os_api=35&os_version=15&manifest_version_code=350101&resolution=1080*2209&dpi=420&update_version_code=35109900&_rticket=1788275694708&package=com.ss.android.ugc.aweme&mcc_mnc=46000&first_launch_timestamp=1788265682&last_deeplink_update_version_code=0&cpu_support64=true&host_abi=arm64-v8a&is_guest_mode=0&app_type=normal&minor_status=0&appTheme=light&is_preinstall=0&need_personal_recommend=1&is_android_pad=0&is_android_fold=0&ts=1788275693&cdid=3c8e225d-27e2-4294-8873-9009960e7908&luckydog_base=ZWkSTskzn9-4_3mhabJfkkR2YvxwBoxiW_rj9VMoqp8uV8Dnf0f6dK7FSZbP_-AydNGWOQD7rvaKeoOAQiH0yX53LPEKSCcT3H7wiR2TaYCUAPcqpsE2JkDGG0-C8LiLPOPbVM3RPQF8jswe2cacoMSNQRsHNuuAWp1VRGjbkUg&luckydog_token=wXnov5t9s9cQ0rPwC9vlX1fC8noemPhjug21LcHCB9_Rp1n5ZVN1FhQwoc1xkfRx&luckydog_data=vMVxwNDHRsvj9mg9HHkvrA
85	200	headers=8	body=0	url=https://abtest-ch.snssdk.com/common?cj_pay_sdk_version=7.6.9&ecomterm_sdk_version=39200&klink_egdi=AAL6F2JRRmTyRcmhfWO8fpeIax20xWdbnFyoOkbHLTA1hgY6i5yr6vS9&iid=3313280560987770&device_id=4087336283154583&ac=wifi&channel=vivo_1128_64&aid=1128&app_name=aweme&version_code=350100&version_name=35.1.0&device_platform=android&os=android&ssmix=a&device_type=Pixel+6&device_brand=google&language=zh&os_api=35&os_version=15&manifest_version_code=350101&resolution=1080*2209&dpi=420&update_version_code=35109900&_rticket=1788275698924&package=com.ss.android.ugc.aweme&mcc_mnc=46000&first_launch_timestamp=1788265682&last_deeplink_update_version_code=0&cpu_support64=true&host_abi=arm64-v8a&is_guest_mode=0&app_type=normal&minor_status=0&appTheme=light&is_preinstall=0&need_personal_recommend=1&is_android_pad=0&is_android_fold=0&ts=1788275697&cdid=3c8e225d-27e2-4294-8873-9009960e7908
86	200	headers=0	body=0	url=https://abtest-ch.snssdk.com/common?cj_pay_sdk_version=7.6.9&ecomterm_sdk_version=39200&klink_egdi=AAL6F2JRRmTyRcmhfWO8fpeIax20xWdbnFyoOkbHLTA1hgY6i5yr6vS9&iid=3313280560987770&device_id=4087336283154583&ac=wifi&channel=vivo_1128_64&aid=1128&app_name=aweme&version_code=350100&version_name=35.1.0&device_platform=android&os=android&ssmix=a&device_type=Pixel+6&device_brand=google&language=zh&os_api=35&os_version=15&manifest_version_code=350101&resolution=1080*2209&dpi=420&update_version_code=35109900&_rticket=1788275698924&package=com.ss.android.ugc.aweme&mcc_mnc=46000&first_launch_timestamp=1788265682&last_deeplink_update_version_code=0&cpu_support64=true&host_abi=arm64-v8a&is_guest_mode=0&app_type=normal&minor_status=0&appTheme=light&is_preinstall=0&need_personal_recommend=1&is_android_pad=0&is_android_fold=0&ts=1788275697&cdid=3c8e225d-27e2-4294-8873-9009960e7908
87	200	headers=0	body=0	url=https://abtest-ch.snssdk.com/common?cj_pay_sdk_version=7.6.9&ecomterm_sdk_version=39200&klink_egdi=AAL6F2JRRmTyRcmhfWO8fpeIax20xWdbnFyoOkbHLTA1hgY6i5yr6vS9&iid=3313280560987770&device_id=4087336283154583&ac=wifi&channel=vivo_1128_64&aid=1128&app_name=aweme&version_code=350100&version_name=35.1.0&device_platform=android&os=android&ssmix=a&device_type=Pixel+6&device_brand=google&language=zh&os_api=35&os_version=15&manifest_version_code=350101&resolution=1080*2209&dpi=420&update_version_code=35109900&_rticket=1788275698924&package=com.ss.android.ugc.aweme&mcc_mnc=46000&first_launch_timestamp=1788265682&last_deeplink_update_version_code=0&cpu_support64=true&host_abi=arm64-v8a&is_guest_mode=0&app_type=normal&minor_status=0&appTheme=light&is_preinstall=0&need_personal_recommend=1&is_android_pad=0&is_android_fold=0&ts=1788275697&cdid=3c8e225d-27e2-4294-8873-9009960e7908
88	200	headers=9	body=10178	url=https://mssdk.bytedance.com/ri/report?lc_id=1588093228&platform=android&device_platform=android&sdk_ver=v04.09.05-ml-android&sdk_ver_code=67699968&app_ver=35.1.0&version_code=350101&aid=1128&sdkid&subaid&iid=3313280560987770&did=4087336283154583&bd_did&client_type=inhouse&region_type=ml&mode=3&full_update_version_code=35109900
89	200	headers=9	body=10162	url=https://mssdk.bytedance.com/ri/report?lc_id=1588093228&platform=android&device_platform=android&sdk_ver=v04.09.05-ml-android&sdk_ver_code=67699968&app_ver=35.1.0&version_code=350101&aid=1128&sdkid&subaid&iid=3313280560987770&did=4087336283154583&bd_did&client_type=inhouse&region_type=ml&mode=3&full_update_version_code=35109900
90	200	headers=12	body=564	url=https://aweme.snssdk.com/aweme/v1/aweme/stats/?klink_egdi=AAL6F2JRRmTyRcmhfWO8fpeIax20xWdbnFyoOkbHLTA1hgY6i5yr6vS9&iid=3313280560987770&device_id=4087336283154583&ac=wifi&channel=vivo_1128_64&aid=1128&app_name=aweme&version_code=350100&version_name=35.1.0&device_platform=android&os=android&ssmix=a&device_type=Pixel+6&device_brand=google&language=zh&os_api=35&os_version=15&manifest_version_code=350101&resolution=1080*2209&dpi=420&update_version_code=35109900&_rticket=1788275701824&package=com.ss.android.ugc.aweme&mcc_mnc=46000&first_launch_timestamp=1788265682&last_deeplink_update_version_code=0&cpu_support64=true&host_abi=arm64-v8a&is_guest_mode=0&app_type=normal&minor_status=0&appTheme=light&is_preinstall=0&need_personal_recommend=1&is_android_pad=0&is_android_fold=0&ts=1788275700&cdid=3c8e225d-27e2-4294-8873-9009960e7908
91	200	headers=11	body=51	url=https://aweme.snssdk.com/aweme/v2/video/safety/check/?klink_egdi=AAL6F2JRRmTyRcmhfWO8fpeIax20xWdbnFyoOkbHLTA1hgY6i5yr6vS9&iid=3313280560987770&device_id=4087336283154583&ac=wifi&channel=vivo_1128_64&aid=1128&app_name=aweme&version_code=350100&version_name=35.1.0&device_platform=android&os=android&ssmix=a&device_type=Pixel+6&device_brand=google&language=zh&os_api=35&os_version=15&manifest_version_code=350101&resolution=1080*2209&dpi=420&update_version_code=35109900&_rticket=1788275703873&package=com.ss.android.ugc.aweme&mcc_mnc=46000&first_launch_timestamp=1788265682&last_deeplink_update_version_code=0&cpu_support64=true&host_abi=arm64-v8a&is_guest_mode=0&app_type=normal&minor_status=0&appTheme=light&is_preinstall=0&need_personal_recommend=1&is_android_pad=0&is_android_fold=0&ts=1788275702&cdid=3c8e225d-27e2-4294-8873-9009960e7908
92	200	headers=3	body=0	url=https://lf-webcast-gr-sourcecdn.bytegecko.com/obj/byte-gurd-source-gr/webcast/cdn/api/scheme_config/api.roma.config.json?sdkVersion=1&klink_egdi=AAL6F2JRRmTyRcmhfWO8fpeIax20xWdbnFyoOkbHLTA1hgY6i5yr6vS9&iid=3313280560987770&device_id=4087336283154583&ac=wifi&channel=vivo_1128_64&aid=1128&app_name=aweme&version_code=350100&version_name=35.1.0&device_platform=android&os=android&ssmix=a&device_type=Pixel+6&device_brand=google&language=zh&os_api=35&os_version=15&manifest_version_code=350101&resolution=1080*2209&dpi=420&update_version_code=35109900&_rticket=1788275703722&package=com.ss.android.ugc.aweme&mcc_mnc=46000&first_launch_timestamp=1788265682&last_deeplink_update_version_code=0&cpu_support64=true&host_abi=arm64-v8a&is_guest_mode=0&app_type=normal&minor_status=0&appTheme=light&is_preinstall=0&need_personal_recommend=1&is_android_pad=0&is_android_fold=0&ts=1788275702&cdid=3c8e225d-27e2-4294-8873-9009960e7908
93	200	headers=0	body=0	url=https://lf-webcast-gr-sourcecdn.bytegecko.com/obj/byte-gurd-source-gr/webcast/cdn/api/scheme_config/api.roma.config.json?sdkVersion=1&klink_egdi=AAL6F2JRRmTyRcmhfWO8fpeIax20xWdbnFyoOkbHLTA1hgY6i5yr6vS9&iid=3313280560987770&device_id=4087336283154583&ac=wifi&channel=vivo_1128_64&aid=1128&app_name=aweme&version_code=350100&version_name=35.1.0&device_platform=android&os=android&ssmix=a&device_type=Pixel+6&device_brand=google&language=zh&os_api=35&os_version=15&manifest_version_code=350101&resolution=1080*2209&dpi=420&update_version_code=35109900&_rticket=1788275703722&package=com.ss.android.ugc.aweme&mcc_mnc=46000&first_launch_timestamp=1788265682&last_deeplink_update_version_code=0&cpu_support64=true&host_abi=arm64-v8a&is_guest_mode=0&app_type=normal&minor_status=0&appTheme=light&is_preinstall=0&need_personal_recommend=1&is_android_pad=0&is_android_fold=0&ts=1788275702&cdid=3c8e225d-27e2-4294-8873-9009960e7908
94	200	headers=0	body=0	url=https://lf-webcast-gr-sourcecdn.bytegecko.com/obj/byte-gurd-source-gr/webcast/cdn/api/scheme_config/api.roma.config.json?sdkVersion=1&klink_egdi=AAL6F2JRRmTyRcmhfWO8fpeIax20xWdbnFyoOkbHLTA1hgY6i5yr6vS9&iid=3313280560987770&device_id=4087336283154583&ac=wifi&channel=vivo_1128_64&aid=1128&app_name=aweme&version_code=350100&version_name=35.1.0&device_platform=android&os=android&ssmix=a&device_type=Pixel+6&device_brand=google&language=zh&os_api=35&os_version=15&manifest_version_code=350101&resolution=1080*2209&dpi=420&update_version_code=35109900&_rticket=1788275703722&package=com.ss.android.ugc.aweme&mcc_mnc=46000&first_launch_timestamp=1788265682&last_deeplink_update_version_code=0&cpu_support64=true&host_abi=arm64-v8a&is_guest_mode=0&app_type=normal&minor_status=0&appTheme=light&is_preinstall=0&need_personal_recommend=1&is_android_pad=0&is_android_fold=0&ts=1788275702&cdid=3c8e225d-27e2-4294-8873-9009960e7908
95	200	headers=8	body=0	url=https://aweme.snssdk.com/aweme/v1/danmaku/activity/get/?klink_egdi=AAL6F2JRRmTyRcmhfWO8fpeIax20xWdbnFyoOkbHLTA1hgY6i5yr6vS9&iid=3313280560987770&device_id=4087336283154583&ac=wifi&channel=vivo_1128_64&aid=1128&app_name=aweme&version_code=350100&version_name=35.1.0&device_platform=android&os=android&ssmix=a&device_type=Pixel+6&device_brand=google&language=zh&os_api=35&os_version=15&manifest_version_code=350101&resolution=1080*2209&dpi=420&update_version_code=35109900&_rticket=1788275704742&package=com.ss.android.ugc.aweme&mcc_mnc=46000&first_launch_timestamp=1788265682&last_deeplink_update_version_code=0&cpu_support64=true&host_abi=arm64-v8a&is_guest_mode=0&app_type=normal&minor_status=0&appTheme=light&is_preinstall=0&need_personal_recommend=1&is_android_pad=0&is_android_fold=0&ts=1788275703&cdid=3c8e225d-27e2-4294-8873-9009960e7908
96	200	headers=0	body=0	url=https://aweme.snssdk.com/aweme/v1/danmaku/activity/get/?klink_egdi=AAL6F2JRRmTyRcmhfWO8fpeIax20xWdbnFyoOkbHLTA1hgY6i5yr6vS9&iid=3313280560987770&device_id=4087336283154583&ac=wifi&channel=vivo_1128_64&aid=1128&app_name=aweme&version_code=350100&version_name=35.1.0&device_platform=android&os=android&ssmix=a&device_type=Pixel+6&device_brand=google&language=zh&os_api=35&os_version=15&manifest_version_code=350101&resolution=1080*2209&dpi=420&update_version_code=35109900&_rticket=1788275704742&package=com.ss.android.ugc.aweme&mcc_mnc=46000&first_launch_timestamp=1788265682&last_deeplink_update_version_code=0&cpu_support64=true&host_abi=arm64-v8a&is_guest_mode=0&app_type=normal&minor_status=0&appTheme=light&is_preinstall=0&need_personal_recommend=1&is_android_pad=0&is_android_fold=0&ts=1788275703&cdid=3c8e225d-27e2-4294-8873-9009960e7908
97	200	headers=0	body=0	url=https://aweme.snssdk.com/aweme/v1/danmaku/activity/get/?klink_egdi=AAL6F2JRRmTyRcmhfWO8fpeIax20xWdbnFyoOkbHLTA1hgY6i5yr6vS9&iid=3313280560987770&device_id=4087336283154583&ac=wifi&channel=vivo_1128_64&aid=1128&app_name=aweme&version_code=350100&version_name=35.1.0&device_platform=android&os=android&ssmix=a&device_type=Pixel+6&device_brand=google&language=zh&os_api=35&os_version=15&manifest_version_code=350101&resolution=1080*2209&dpi=420&update_version_code=35109900&_rticket=1788275704742&package=com.ss.android.ugc.aweme&mcc_mnc=46000&first_launch_timestamp=1788265682&last_deeplink_update_version_code=0&cpu_support64=true&host_abi=arm64-v8a&is_guest_mode=0&app_type=normal&minor_status=0&appTheme=light&is_preinstall=0&need_personal_recommend=1&is_android_pad=0&is_android_fold=0&ts=1788275703&cdid=3c8e225d-27e2-4294-8873-9009960e7908
98	200	headers=13	body=4726	url=https://mon.snssdk.com/monitor/collect/batch/?sdk_version=1&is_guest_mode=0&manifest_version_code=350101&_rticket=1788275667165&app_type=normal&device_model=Pixel+6&is_preinstall=0&iid=3313280560987770&channel=vivo_1128_64&is_android_pad=0&device_type=Pixel+6&language=zh&cpu_support64=true&host_abi=arm64-v8a&resolution=1080*2209&update_version_code=35109900&cdid=3c8e225d-27e2-4294-8873-9009960e7908&minor_status=0&appTheme=light&os_api=35&klink_egdi=AAL6F2JRRmTyRcmhfWO8fpeIax20xWdbnFyoOkbHLTA1hgY6i5yr6vS9&is_android_fold=0&dpi=420&app_id=1128&ac=wifi&package=com.ss.android.ugc.aweme&os=Android&device_id=4087336283154583&mcc_mnc=46000&os_version=15&tt_data=a&version_code=350100&last_deeplink_update_version_code=0&slardar-zstd-version=app.1128.Android.monitor.1722928576&overall_score=8.4364&app_name=aweme&version_name=35.1.0&device_brand=google&need_personal_recommend=1&ssmix=a&device_platform=android&first_launch_timestamp=1788265682&aid=1128&ts=1788275667
