1	200	headers=0	body=254	url=https://aweme.snssdk.com/aweme/homepage/render/?is_click_agree_privacy=false&client_ability=1&client_mode=0&reason=cold_launch&req_interval=0&sec_uid&klink_egdi=AAL6F2JRRmTyRcmhfWO8fpeIax20xWdbnFyoOkbHLTA1hgY6i5yr6vS9&iid=3313280560987770&device_id=4087336283154583&ac=wifi&channel=vivo_1128_64&aid=1128&app_name=aweme&version_code=350100&version_name=35.1.0&device_platform=android&os=android&ssmix=a&device_type=Pixel+6&device_brand=google&language=zh&os_api=35&os_version=15&manifest_version_code=350101&resolution=1080*2209&dpi=420&update_version_code=35109900&_rticket=1788277041063&package=com.ss.android.ugc.aweme&mcc_mnc=46000&first_launch_timestamp=1788265682&last_deeplink_update_version_code=0&cpu_support64=true&host_abi=arm64-v8a&is_guest_mode=0&app_type=normal&minor_status=0&appTheme=light&is_preinstall=0&need_personal_recommend=1&is_android_pad=0&is_android_fold=0&ts=1788277040&cdid=3c8e225d-27e2-4294-8873-9009960e7908
2	200	headers=0	body=9458	url=https://aweme.snssdk.com/aweme/v2/feed/?type=0&max_cursor=0&min_cursor=0&count=6&volume=0.0&pull_type=0&need_relieve_aweme=0&filter_warn=0&req_from=enter_auto&is_cold_start=1&address_book_access=2&gps_access=2&splash_cid=-3&splash_type=-1&cached_item_num=0&last_ad_show_interval=-1&download_sdk_info=%7B%7D&action_mask=-1&action_mask_detail=%7B%7D&action_mask_info=%7B%7D&ad_extra&teen_protector_vote_aweme_count=0&last_teen_protector_vote_aweme_interval=0&sp=-1&is_order_flow=0&user_avatar_shrink=96_96&screen_type=1&pitaya_type=0&location_permission=false&enable_url_compress=1&recent_gids&recent_gids_first_time=null&launch_times=107&feed_recommend_req_index=3&audio_value=0&font_category=2&recent_items&play_style=0&filter_live_cell=false&addiction_info=%7B%0A%22previous_display_aweme%22%3A+%22%22%2C%0A%22previous_display_time%22%3A+0%2C%0A%22previous_display_passback%22%3A+%22%22%2C%0A%22today_usage%22%3A+0%2C%0A%22today_fatigue%22%3A+0%2C%0A%22current_session_usage%22%3A+0%2C%0A%22current_session_start_time%22%3A+0%2C%0A%22is_avoid%22%3A+1%0A%7D&client_extra&from_push=0&show_unread_entrance=0&show_jump_tab_list&danmaku_switch_status=0&elder_mode=0&need_hotlist_card=false&mock_info&life_card_accept=1023&life_card_unexposed_cards&nearby_extra_data=%7B%22nearby_tab_name%22%3A%22%E5%90%8C%E5%9F%8E%22%2C%22groupon_tab_name%22%3A%22%E5%9B%A2%E8%B4%AD%22%2C%22has_groupon_tab%22%3Atrue%2C%22groupon_tab_index%22%3A5%7D&tab_guide&klink_egdi=AAL6F2JRRmTyRcmhfWO8fpeIax20xWdbnFyoOkbHLTA1hgY6i5yr6vS9&iid=3313280560987770&device_id=4087336283154583&ac=wifi&channel=vivo_1128_64&aid=1128&app_name=aweme&version_code=350100&version_name=35.1.0&device_platform=android&os=android&ssmix=a&device_type=Pixel+6&device_brand=google&language=zh&os_api=35&os_version=15&manifest_version_code=350101&resolution=1080*2209&dpi=420&update_version_code=35109900&_rticket=1788277041239&package=com.ss.android.ugc.aweme&mcc_mnc=46000&first_launch_timestamp=1788265682&last_deeplink_update_version_code=0&cpu_support64=true&host_abi=arm64-v8a&is_guest_mode=0&app_type=normal&minor_status=0&appTheme=light&is_preinstall=0&need_personal_recommend=1&is_android_pad=0&is_android_fold=0&ts=1788277040&cdid=3c8e225d-27e2-4294-8873-9009960e7908&error_monitor_info=%5B%5D&ug_ab_params=%7B%7D&ug_custom_key=%7B%22widget_install_status%22%3A%220%22%7D
3	200	headers=0	body=254	url=https://aweme.snssdk.com/aweme/homepage/render/?is_click_agree_privacy=false&client_ability=1&client_mode=0&reason=cold_launch&req_interval=0&sec_uid&klink_egdi=AAL6F2JRRmTyRcmhfWO8fpeIax20xWdbnFyoOkbHLTA1hgY6i5yr6vS9&iid=3313280560987770&device_id=4087336283154583&ac=wifi&channel=vivo_1128_64&aid=1128&app_name=aweme&version_code=350100&version_name=35.1.0&device_platform=android&os=android&ssmix=a&device_type=Pixel+6&device_brand=google&language=zh&os_api=35&os_version=15&manifest_version_code=350101&resolution=1080*2209&dpi=420&update_version_code=35109900&_rticket=1788277041215&package=com.ss.android.ugc.aweme&mcc_mnc=46000&first_launch_timestamp=1788265682&last_deeplink_update_version_code=0&cpu_support64=true&host_abi=arm64-v8a&is_guest_mode=0&app_type=normal&minor_status=0&appTheme=light&is_preinstall=0&need_personal_recommend=1&is_android_pad=0&is_android_fold=0&ts=1788277040&cdid=3c8e225d-27e2-4294-8873-9009960e7908
4	200	headers=0	body=3622	url=https://aweme.snssdk.com/service/2/app_log/?version_code=350100&device_platform=android&device_id=4087336283154583&aid=1128&iid=3313280560987770&tt_data=a
5	200	headers=0	body=321	url=https://aweme.snssdk.com/aweme/homepage/report/?klink_egdi=AAL6F2JRRmTyRcmhfWO8fpeIax20xWdbnFyoOkbHLTA1hgY6i5yr6vS9&iid=3313280560987770&device_id=4087336283154583&ac=wifi&channel=vivo_1128_64&aid=1128&app_name=aweme&version_code=350100&version_name=35.1.0&device_platform=android&os=android&ssmix=a&device_type=Pixel+6&device_brand=google&language=zh&os_api=35&os_version=15&manifest_version_code=350101&resolution=1080*2209&dpi=420&update_version_code=35109900&_rticket=1788277041414&package=com.ss.android.ugc.aweme&mcc_mnc=46000&first_launch_timestamp=1788265682&last_deeplink_update_version_code=0&cpu_support64=true&host_abi=arm64-v8a&is_guest_mode=0&app_type=normal&minor_status=0&appTheme=light&is_preinstall=0&need_personal_recommend=1&is_android_pad=0&is_android_fold=0&ts=1788277040&cdid=3c8e225d-27e2-4294-8873-9009960e7908
6	200	headers=0	body=963	url=https://aweme.snssdk.com/aweme/inner_reach/data?klink_egdi=AAL6F2JRRmTyRcmhfWO8fpeIax20xWdbnFyoOkbHLTA1hgY6i5yr6vS9&iid=3313280560987770&device_id=4087336283154583&ac=wifi&channel=vivo_1128_64&aid=1128&app_name=aweme&version_code=350100&version_name=35.1.0&device_platform=android&os=android&ssmix=a&device_type=Pixel+6&device_brand=google&language=zh&os_api=35&os_version=15&manifest_version_code=350101&resolution=1080*2209&dpi=420&update_version_code=35109900&_rticket=1788277041451&package=com.ss.android.ugc.aweme&mcc_mnc=46000&first_launch_timestamp=1788265682&last_deeplink_update_version_code=0&cpu_support64=true&host_abi=arm64-v8a&is_guest_mode=0&app_type=normal&minor_status=0&appTheme=light&is_preinstall=0&need_personal_recommend=1&is_android_pad=0&is_android_fold=0&ts=1788277040&cdid=3c8e225d-27e2-4294-8873-9009960e7908
7	200	headers=11	body=53	url=https://aweme.snssdk.com/aweme/v2/startup/popups/?diversion_channel&diversion_user_type&luckydog_cross_token&luckydog_task_type&gd_label&diversion_channel_type&klink_egdi=AAL6F2JRRmTyRcmhfWO8fpeIax20xWdbnFyoOkbHLTA1hgY6i5yr6vS9&iid=3313280560987770&device_id=4087336283154583&ac=wifi&channel=vivo_1128_64&aid=1128&app_name=aweme&version_code=350100&version_name=35.1.0&device_platform=android&os=android&ssmix=a&device_type=Pixel+6&device_brand=google&language=zh&os_api=35&os_version=15&manifest_version_code=350101&resolution=1080*2209&dpi=420&update_version_code=35109900&_rticket=1788277042219&package=com.ss.android.ugc.aweme&mcc_mnc=46000&first_launch_timestamp=1788265682&last_deeplink_update_version_code=0&cpu_support64=true&host_abi=arm64-v8a&is_guest_mode=0&app_type=normal&minor_status=0&appTheme=light&is_preinstall=0&need_personal_recommend=1&is_android_pad=0&is_android_fold=0&ts=1788277041&cdid=3c8e225d-27e2-4294-8873-9009960e7908
8	200	headers=0	body=0	url=https://aweme.snssdk.com/passport/login/panel_theme/?klink_egdi=AAL6F2JRRmTyRcmhfWO8fpeIax20xWdbnFyoOkbHLTA1hgY6i5yr6vS9&iid=3313280560987770&device_id=4087336283154583&ac=wifi&channel=vivo_1128_64&aid=1128&app_name=aweme&version_code=350100&version_name=35.1.0&device_platform=android&os=android&ssmix=a&device_type=Pixel+6&device_brand=google&language=zh&os_api=35&os_version=15&manifest_version_code=350101&resolution=1080*2209&dpi=420&update_version_code=35109900&_rticket=1788277042358&package=com.ss.android.ugc.aweme&mcc_mnc=46000&first_launch_timestamp=1788265682&last_deeplink_update_version_code=0&cpu_support64=true&host_abi=arm64-v8a&is_guest_mode=0&app_type=normal&minor_status=0&appTheme=light&is_preinstall=0&need_personal_recommend=1&is_android_pad=0&is_android_fold=0&ts=1788277041&cdid=3c8e225d-27e2-4294-8873-9009960e7908
9	200	headers=8	body=0	url=https://abtest-ch.snssdk.com/common?aid=1128&device_id=4087336283154583&klink_egdi=AAL6F2JRRmTyRcmhfWO8fpeIax20xWdbnFyoOkbHLTA1hgY6i5yr6vS9&iid=3313280560987770&ac=wifi&channel=vivo_1128_64&app_name=aweme&version_code=350100&version_name=35.1.0&device_platform=android&os=android&ssmix=a&device_type=Pixel+6&device_brand=google&language=zh&os_api=35&os_version=15&manifest_version_code=350101&resolution=1080*2209&dpi=420&update_version_code=35109900&_rticket=1788277042479&package=com.ss.android.ugc.aweme&mcc_mnc=46000&first_launch_timestamp=1788265682&last_deeplink_update_version_code=0&cpu_support64=true&host_abi=arm64-v8a&is_guest_mode=0&app_type=normal&minor_status=0&appTheme=light&is_preinstall=0&need_personal_recommend=1&is_android_pad=0&is_android_fold=0&ts=1788277041&cdid=3c8e225d-27e2-4294-8873-9009960e7908
10	200	headers=11	body=487	url=https://gecko.zijieapi.com/gkx/api/settings/v3?klink_egdi=AAL6F2JRRmTyRcmhfWO8fpeIax20xWdbnFyoOkbHLTA1hgY6i5yr6vS9&iid=3313280560987770&device_id=4087336283154583&ac=wifi&channel=vivo_1128_64&aid=1128&app_name=aweme&version_code=350100&version_name=35.1.0&device_platform=android&os=android&ssmix=a&device_type=Pixel+6&device_brand=google&language=zh&os_api=35&os_version=15&manifest_version_code=350101&resolution=1080*2209&dpi=420&update_version_code=35109900&_rticket=1788277042779&package=com.ss.android.ugc.aweme&mcc_mnc=46000&first_launch_timestamp=1788265682&last_deeplink_update_version_code=0&cpu_support64=true&host_abi=arm64-v8a&is_guest_mode=0&app_type=normal&minor_status=0&appTheme=light&is_preinstall=0&need_personal_recommend=1&is_android_pad=0&is_android_fold=0&ts=1788277041&cdid=3c8e225d-27e2-4294-8873-9009960e7908
11	200	headers=11	body=2025	url=https://gecko.zijieapi.com/gkx/api/resource/v7/coldstart?klink_egdi=AAL6F2JRRmTyRcmhfWO8fpeIax20xWdbnFyoOkbHLTA1hgY6i5yr6vS9&iid=3313280560987770&device_id=4087336283154583&ac=wifi&channel=vivo_1128_64&aid=1128&app_name=aweme&version_code=350100&version_name=35.1.0&device_platform=android&os=android&ssmix=a&device_type=Pixel+6&device_brand=google&language=zh&os_api=35&os_version=15&manifest_version_code=350101&resolution=1080*2209&dpi=420&update_version_code=35109900&_rticket=1788277043038&package=com.ss.android.ugc.aweme&mcc_mnc=46000&first_launch_timestamp=1788265682&last_deeplink_update_version_code=0&cpu_support64=true&host_abi=arm64-v8a&is_guest_mode=0&app_type=normal&minor_status=0&appTheme=light&is_preinstall=0&need_personal_recommend=1&is_android_pad=0&is_android_fold=0&ts=1788277041&cdid=3c8e225d-27e2-4294-8873-9009960e7908
12	200	headers=12	body=1228	url=https://security.snssdk.com/api/plugin/config/v2/?soc_platform=oriole&klink_egdi=AAL6F2JRRmTyRcmhfWO8fpeIax20xWdbnFyoOkbHLTA1hgY6i5yr6vS9&iid=3313280560987770&device_id=4087336283154583&ac=wifi&channel=vivo_1128_64&aid=1128&app_name=aweme&version_code=350100&version_name=35.1.0&device_platform=android&os=android&ssmix=a&device_type=Pixel+6&device_brand=google&language=zh&os_api=35&os_version=15&manifest_version_code=350101&resolution=1080*2209&dpi=420&update_version_code=35109900&_rticket=1788277043875&package=com.ss.android.ugc.aweme&mcc_mnc=46000&first_launch_timestamp=1788265682&last_deeplink_update_version_code=0&cpu_support64=true&host_abi=arm64-v8a&is_guest_mode=0&app_type=normal&minor_status=0&appTheme=light&is_preinstall=0&need_personal_recommend=1&is_android_pad=0&is_android_fold=0&ts=1788277042&cdid=3c8e225d-27e2-4294-8873-9009960e7908
13	200	headers=0	body=555	url=https://aweme.snssdk.com/location/info/?sdk_version=2.17.6-rc.45&klink_egdi=AAL6F2JRRmTyRcmhfWO8fpeIax20xWdbnFyoOkbHLTA1hgY6i5yr6vS9&iid=3313280560987770&device_id=4087336283154583&ac=wifi&channel=vivo_1128_64&aid=1128&app_name=aweme&version_code=350100&version_name=35.1.0&device_platform=android&os=android&ssmix=a&device_type=Pixel+6&device_brand=google&language=zh&os_api=35&os_version=15&manifest_version_code=350101&resolution=1080*2209&dpi=420&update_version_code=35109900&_rticket=1788277043941&package=com.ss.android.ugc.aweme&mcc_mnc=46000&first_launch_timestamp=1788265682&last_deeplink_update_version_code=0&cpu_support64=true&host_abi=arm64-v8a&is_guest_mode=0&app_type=normal&minor_status=0&appTheme=light&is_preinstall=0&need_personal_recommend=1&is_android_pad=0&is_android_fold=0&ts=1788277042&cdid=3c8e225d-27e2-4294-8873-9009960e7908
14	200	headers=10	body=165	url=https://jsb.snssdk.com/src/server/v2/package
15	200	headers=13	body=1146	url=https://aweme.snssdk.com/tfe/api/request_combine/v1/?klink_egdi=AAL6F2JRRmTyRcmhfWO8fpeIax20xWdbnFyoOkbHLTA1hgY6i5yr6vS9&iid=3313280560987770&device_id=4087336283154583&ac=wifi&channel=vivo_1128_64&aid=1128&app_name=aweme&version_code=350100&version_name=35.1.0&device_platform=android&os=android&ssmix=a&device_type=Pixel+6&device_brand=google&language=zh&os_api=35&os_version=15&manifest_version_code=350101&resolution=1080*2209&dpi=420&update_version_code=35109900&_rticket=1788277044656&package=com.ss.android.ugc.aweme&mcc_mnc=46000&first_launch_timestamp=1788265682&last_deeplink_update_version_code=0&cpu_support64=true&host_abi=arm64-v8a&is_guest_mode=0&app_type=normal&minor_status=0&appTheme=light&is_preinstall=0&need_personal_recommend=1&is_android_pad=0&is_android_fold=0&ts=1788277043&cdid=3c8e225d-27e2-4294-8873-9009960e7908&ug_ab_params=%7B%7D&ug_custom_key=%7B%22widget_install_status%22%3A%220%22%7D
16	200	headers=8	body=0	url=https://aweme.snssdk.com/aweme/v2/activity/settings/?pullback=false&launch_method=not_enter_launch&diversion_channel&diversion_user_type&luckydog_cross_token&luckydog_task_type&gd_label&diversion_channel_type&klink_egdi=AAL6F2JRRmTyRcmhfWO8fpeIax20xWdbnFyoOkbHLTA1hgY6i5yr6vS9&iid=3313280560987770&device_id=4087336283154583&ac=wifi&channel=vivo_1128_64&aid=1128&app_name=aweme&version_code=350100&version_name=35.1.0&device_platform=android&os=android&ssmix=a&device_type=Pixel+6&device_brand=google&language=zh&os_api=35&os_version=15&manifest_version_code=350101&resolution=1080*2209&dpi=420&update_version_code=35109900&_rticket=1788277044851&package=com.ss.android.ugc.aweme&mcc_mnc=46000&first_launch_timestamp=1788265682&last_deeplink_update_version_code=0&cpu_support64=true&host_abi=arm64-v8a&is_guest_mode=0&app_type=normal&minor_status=0&appTheme=light&is_preinstall=0&need_personal_recommend=1&is_android_pad=0&is_android_fold=0&ts=1788277043&cdid=3c8e225d-27e2-4294-8873-9009960e7908
17	200	headers=0	body=0	url=https://aweme.snssdk.com/aweme/v1/settings/?cpu_model=oriole&oid=3&last_settings_version=%7B%22version_code%22%3A%22350100%22%7D&klink_egdi=AAL6F2JRRmTyRcmhfWO8fpeIax20xWdbnFyoOkbHLTA1hgY6i5yr6vS9&iid=3313280560987770&device_id=4087336283154583&ac=wifi&channel=vivo_1128_64&aid=1128&app_name=aweme&version_code=350100&version_name=35.1.0&device_platform=android&os=android&ssmix=a&device_type=Pixel+6&device_brand=google&language=zh&os_api=35&os_version=15&manifest_version_code=350101&resolution=1080*2209&dpi=420&update_version_code=35109900&_rticket=1788277044992&package=com.ss.android.ugc.aweme&mcc_mnc=46000&first_launch_timestamp=1788265682&last_deeplink_update_version_code=0&cpu_support64=true&host_abi=arm64-v8a&is_guest_mode=0&app_type=normal&minor_status=0&appTheme=light&is_preinstall=0&need_personal_recommend=1&is_android_pad=0&is_android_fold=0&ts=1788277043&cdid=3c8e225d-27e2-4294-8873-9009960e7908
18	200	headers=4	body=0	url=https://api.amemv.com/service/settings/v2/?app=1&caller_name=tt_webview&sdk_version_code=0621140020&sdk_upto_so_versioncode=0620010001&sdk_load_so_versioncode=0620010001&os_type=android&os_api=35&target_api=34&host_abi=64&settings_time=1788276985&device_platform=Pixel+6&device_manufacturer=Google&os_version=15&package_name=com.ss.android.ugc.aweme&deviceid=4087336283154583&device_id=4087336283154583&channel=vivo_1128_64&aid=1128&app_version_code=35109900&update_version_code=35109900&sdk_scc_version=24&kernel_scc_version=-2&request_time=1788277045543
19	200	headers=11	body=486	url=https://gecko.zijieapi.com/gkx/api/settings/v3?klink_egdi=AAL6F2JRRmTyRcmhfWO8fpeIax20xWdbnFyoOkbHLTA1hgY6i5yr6vS9&iid=3313280560987770&device_id=4087336283154583&ac=wifi&channel=vivo_1128_64&aid=1128&app_name=aweme&version_code=350100&version_name=35.1.0&device_platform=android&os=android&ssmix=a&device_type=Pixel+6&device_brand=google&language=zh&os_api=35&os_version=15&manifest_version_code=350101&resolution=1080*2209&dpi=420&update_version_code=35109900&_rticket=1788277045997&package=com.ss.android.ugc.aweme&mcc_mnc=46000&first_launch_timestamp=1788265682&last_deeplink_update_version_code=0&cpu_support64=true&host_abi=arm64-v8a&is_guest_mode=0&app_type=normal&minor_status=0&appTheme=light&is_preinstall=0&need_personal_recommend=1&is_android_pad=0&is_android_fold=0&ts=1788277044&cdid=3c8e225d-27e2-4294-8873-9009960e7908
20	200	headers=10	body=165	url=https://jsb.snssdk.com/src/server/v2/package
21	200	headers=8	body=0	url=https://aweme.snssdk.com/aweme/homepage/component/?interface_version=v2&domain_data_hash=%7B%22homepage%22%3A%225715cdaac14dc017813156e6d4ce5604%22%2C%22feed%22%3A%22dd80676eddbc9994a78cbdd96eacf786%22%2C%22pop_view%22%3A%229631dcbbd6404968da6fd89bd2faed56%22%7D&optimize_link_enable=1&klink_egdi=AAL6F2JRRmTyRcmhfWO8fpeIax20xWdbnFyoOkbHLTA1hgY6i5yr6vS9&iid=3313280560987770&device_id=4087336283154583&ac=wifi&channel=vivo_1128_64&aid=1128&app_name=aweme&version_code=350100&version_name=35.1.0&device_platform=android&os=android&ssmix=a&device_type=Pixel+6&device_brand=google&language=zh&os_api=35&os_version=15&manifest_version_code=350101&resolution=1080*2209&dpi=420&update_version_code=35109900&_rticket=1788277050096&package=com.ss.android.ugc.aweme&mcc_mnc=46000&first_launch_timestamp=1788265682&last_deeplink_update_version_code=0&cpu_support64=true&host_abi=arm64-v8a&is_guest_mode=0&app_type=normal&minor_status=0&appTheme=light&is_preinstall=0&need_personal_recommend=1&is_android_pad=0&is_android_fold=0&ts=1788277049&cdid=3c8e225d-27e2-4294-8873-9009960e7908
22	200	headers=8	body=0	url=https://aweme.snssdk.com/aweme/homepage/component/?interface_version=v2&domain_data_hash=%7B%22homepage%22%3A%225715cdaac14dc017813156e6d4ce5604%22%2C%22feed%22%3A%22dd80676eddbc9994a78cbdd96eacf786%22%2C%22pop_view%22%3A%229631dcbbd6404968da6fd89bd2faed56%22%7D&optimize_link_enable=1&klink_egdi=AAL6F2JRRmTyRcmhfWO8fpeIax20xWdbnFyoOkbHLTA1hgY6i5yr6vS9&iid=3313280560987770&device_id=4087336283154583&ac=wifi&channel=vivo_1128_64&aid=1128&app_name=aweme&version_code=350100&version_name=35.1.0&device_platform=android&os=android&ssmix=a&device_type=Pixel+6&device_brand=google&language=zh&os_api=35&os_version=15&manifest_version_code=350101&resolution=1080*2209&dpi=420&update_version_code=35109900&_rticket=1788277050264&package=com.ss.android.ugc.aweme&mcc_mnc=46000&first_launch_timestamp=1788265682&last_deeplink_update_version_code=0&cpu_support64=true&host_abi=arm64-v8a&is_guest_mode=0&app_type=normal&minor_status=0&appTheme=light&is_preinstall=0&need_personal_recommend=1&is_android_pad=0&is_android_fold=0&ts=1788277049&cdid=3c8e225d-27e2-4294-8873-9009960e7908
