idx	line	blr_target_rel	cf_index	desc	slot_desc	slot_target_rel	raw
1	102959	0x16f6fc	0x34	0x74a7295b60	0x74a7295b60	0x16f6fc	[libmetasec_ml.so] 0x70f1bd254c!0x15454c blr x8; x8=0x70f1bed6fc
2	112973	0x16f714	0x35	0x74a7295660	0x74a7295660	0x16f714	[libmetasec_ml.so] 0x70f1bd254c!0x15454c blr x8; x8=0x70f1bed714
3	135772	0x162ab0	0x3	0x74a7297c80	0x74a7297c80	0x162ab0	[libmetasec_ml.so] 0x70f1bd254c!0x15454c blr x8; x8=0x70f1be0ab0
4	147240	0x16f998	0x30	0x74a7295570	0x74a7295570	0x16f998	[libmetasec_ml.so] 0x70f1bd254c!0x15454c blr x8; x8=0x70f1bed998
5	233102	0x16f374	0x24	0x74a7295f20	0x74a7295f20	0x16f374	[libmetasec_ml.so] 0x70f1bd254c!0x15454c blr x8; x8=0x70f1bed374
6	242620	0x16ed54	0x6	0x74a72972d0	0x74a72972d0	0x16ed54	[libmetasec_ml.so] 0x70f1bd254c!0x15454c blr x8; x8=0x70f1becd54
7	250415	0x16eda0	0x7	0x74a7297870	0x74a7297870	0x16eda0	[libmetasec_ml.so] 0x70f1bd254c!0x15454c blr x8; x8=0x70f1becda0
8	259592	0x16f1c8	0x1e	0x74a7296470	0x74a7296470	0x16f1c8	[libmetasec_ml.so] 0x70f1bd254c!0x15454c blr x8; x8=0x70f1bed1c8
9	268217	0x16ec90	0x36	0x74a7295480	0x74a7295480	0x16ec90	[libmetasec_ml.so] 0x70f1bd254c!0x15454c blr x8; x8=0x70f1becc90
10	277448	0x16ec90	0x36	0x74a7295480	0x74a7295480	0x16ec90	[libmetasec_ml.so] 0x70f1bd254c!0x15454c blr x8; x8=0x70f1becc90
11	286873	0x16ec90	0x36	0x74a7295480	0x74a7295480	0x16ec90	[libmetasec_ml.so] 0x70f1bd254c!0x15454c blr x8; x8=0x70f1becc90
12	294742	0x16fa34	0x38	0x74a7295250	0x74a7295250	0x16fa34	[libmetasec_ml.so] 0x70f1bd254c!0x15454c blr x8; x8=0x70f1beda34
13	400233	0x16fa60	0x39	0x74a7295930	0x74a7295930	0x16fa60	[libmetasec_ml.so] 0x70f1bd254c!0x15454c blr x8; x8=0x70f1beda60
14	408571	0x1527cc	0x2	0x74a7299df0	0x74a7299df0	0x1527cc	[libmetasec_ml.so] 0x70f1bd254c!0x15454c blr x8; x8=0x70f1bd07cc
15	682782	0x162b38	0xb	0x74a7299ad0	0x74a7299ad0	0x162b38	[libmetasec_ml.so] 0x70f1bd254c!0x15454c blr x8; x8=0x70f1be0b38
16	2665175	0x162ab0	0xc	0x74a7299bc0	0x74a7299bc0	0x162ab0	[libmetasec_ml.so] 0x70f1bd254c!0x15454c blr x8; x8=0x70f1be0ab0
17	2667232	0x162b38	0xb	0x74a7299ad0	0x74a7299ad0	0x162b38	[libmetasec_ml.so] 0x70f1bd254c!0x15454c blr x8; x8=0x70f1be0b38
18	3320932	0x162b38	0xb	0x74a7299ad0	0x74a7299ad0	0x162b38	[libmetasec_ml.so] 0x70f1bd254c!0x15454c blr x8; x8=0x70f1be0b38
19	4405453	0x15281c	0x3	0x74a72997b0	0x74a72997b0	0x15281c	[libmetasec_ml.so] 0x70f1bd254c!0x15454c blr x8; x8=0x70f1bd081c
20	4414894	0x152840	0x4	0x74a7299440	0x74a7299440	0x152840	[libmetasec_ml.so] 0x70f1bd254c!0x15454c blr x8; x8=0x70f1bd0840
21	4422855	0x152864	0x5	0x74a7299a80	0x74a7299a80	0x152864	[libmetasec_ml.so] 0x70f1bd254c!0x15454c blr x8; x8=0x70f1bd0864
22	4458148	0x15294c	0xe	0x74a72993f0	0x74a72993f0	0x15294c	[libmetasec_ml.so] 0x70f1bd254c!0x15454c blr x8; x8=0x70f1bd094c
23	4468233	0x1529ac	0x6	0x74a7299c60	0x74a7299c60	0x1529ac	[libmetasec_ml.so] 0x70f1bd254c!0x15454c blr x8; x8=0x70f1bd09ac
24	4480570	0x152888	0x7	0x74a7299170	0x74a7299170	0x152888	[libmetasec_ml.so] 0x70f1bd254c!0x15454c blr x8; x8=0x70f1bd0888
25	4488990	0x1528f8	0x8	0x74a7299760	0x74a7299760	0x1528f8	[libmetasec_ml.so] 0x70f1bd254c!0x15454c blr x8; x8=0x70f1bd08f8
26	4497170	0x1528ac	0x9	0x74a7299120	0x74a7299120	0x1528ac	[libmetasec_ml.so] 0x70f1bd254c!0x15454c blr x8; x8=0x70f1bd08ac
27	4505328	0x152934	0xa	0x74a72994e0	0x74a72994e0	0x152934	[libmetasec_ml.so] 0x70f1bd254c!0x15454c blr x8; x8=0x70f1bd0934
28	4520299	0x16ed54	0x6	0x74a72972d0	0x74a72972d0	0x16ed54	[libmetasec_ml.so] 0x70f1bd254c!0x15454c blr x8; x8=0x70f1becd54
29	4528093	0x16eda0	0x7	0x74a7297870	0x74a7297870	0x16eda0	[libmetasec_ml.so] 0x70f1bd254c!0x15454c blr x8; x8=0x70f1becda0
30	4535778	0x16eda0	0x7	0x74a7297870	0x74a7297870	0x16eda0	[libmetasec_ml.so] 0x70f1bd254c!0x15454c blr x8; x8=0x70f1becda0
31	4544821	0x16edb8	0x8	0x74a72975f0	0x74a72975f0	0x16edb8	[libmetasec_ml.so] 0x70f1bd254c!0x15454c blr x8; x8=0x70f1becdb8
32	4553294	0x16edf4	0x9	0x74a7297820	0x74a7297820	0x16edf4	[libmetasec_ml.so] 0x70f1bd254c!0x15454c blr x8; x8=0x70f1becdf4
33	4561728	0x16ee58	0xa	0x74a7296fb0	0x74a7296fb0	0x16ee58	[libmetasec_ml.so] 0x70f1bd254c!0x15454c blr x8; x8=0x70f1bece58
34	4569504	0x16ee2c	0xb	0x74a7297780	0x74a7297780	0x16ee2c	[libmetasec_ml.so] 0x70f1bd254c!0x15454c blr x8; x8=0x70f1bece2c
35	4577359	0x16ecf0	0xc	0x74a72968d0	0x74a72968d0	0x16ecf0	[libmetasec_ml.so] 0x70f1bd254c!0x15454c blr x8; x8=0x70f1beccf0
36	4586017	0x16ed54	0x6	0x74a72972d0	0x74a72972d0	0x16ed54	[libmetasec_ml.so] 0x70f1bd254c!0x15454c blr x8; x8=0x70f1becd54
37	4594105	0x16ee94	0xd	0x74a7296330	0x74a7296330	0x16ee94	[libmetasec_ml.so] 0x70f1bd254c!0x15454c blr x8; x8=0x70f1bece94
38	4602705	0x16eeb8	0xe	0x74a72964c0	0x74a72964c0	0x16eeb8	[libmetasec_ml.so] 0x70f1bd254c!0x15454c blr x8; x8=0x70f1beceb8
39	4611135	0x16eef0	0xf	0x74a7295de0	0x74a7295de0	0x16eef0	[libmetasec_ml.so] 0x70f1bd254c!0x15454c blr x8; x8=0x70f1becef0
40	4619565	0x16ef28	0x10	0x74a7296600	0x74a7296600	0x16ef28	[libmetasec_ml.so] 0x70f1bd254c!0x15454c blr x8; x8=0x70f1becf28
41	4627391	0x16facc	0x3a	0x74a7295a20	0x74a7295a20	0x16facc	[libmetasec_ml.so] 0x70f1bd254c!0x15454c blr x8; x8=0x70f1bedacc
42	4635703	0x16edb8	0x8	0x74a72975f0	0x74a72975f0	0x16edb8	[libmetasec_ml.so] 0x70f1bd254c!0x15454c blr x8; x8=0x70f1becdb8
43	4644027	0x16ee58	0xa	0x74a7296fb0	0x74a7296fb0	0x16ee58	[libmetasec_ml.so] 0x70f1bd254c!0x15454c blr x8; x8=0x70f1bece58
44	4651803	0x16ee2c	0xb	0x74a7297780	0x74a7297780	0x16ee2c	[libmetasec_ml.so] 0x70f1bd254c!0x15454c blr x8; x8=0x70f1bece2c
45	4659658	0x16ecf0	0xc	0x74a72968d0	0x74a72968d0	0x16ecf0	[libmetasec_ml.so] 0x70f1bd254c!0x15454c blr x8; x8=0x70f1beccf0
46	4668321	0x16ed54	0x6	0x74a72972d0	0x74a72972d0	0x16ed54	[libmetasec_ml.so] 0x70f1bd254c!0x15454c blr x8; x8=0x70f1becd54
47	4678200	0x16f9f8	0x11	0x74a7295fc0	0x74a7295fc0	0x16f9f8	[libmetasec_ml.so] 0x70f1bd254c!0x15454c blr x8; x8=0x70f1bed9f8
48	4686419	0x16ef60	0x12	0x74a72967e0	0x74a72967e0	0x16ef60	[libmetasec_ml.so] 0x70f1bd254c!0x15454c blr x8; x8=0x70f1becf60
49	4694197	0x16ef98	0x13	0x74a7296b00	0x74a7296b00	0x16ef98	[libmetasec_ml.so] 0x70f1bd254c!0x15454c blr x8; x8=0x70f1becf98
50	4702405	0x16efb0	0x14	0x74a7296650	0x74a7296650	0x16efb0	[libmetasec_ml.so] 0x70f1bd254c!0x15454c blr x8; x8=0x70f1becfb0
51	4712169	0x16efcc	0x15	0x74a7296ab0	0x74a7296ab0	0x16efcc	[libmetasec_ml.so] 0x70f1bd254c!0x15454c blr x8; x8=0x70f1becfcc
52	4719580	0x16eff0	0x16	0x74a72969c0	0x74a72969c0	0x16eff0	[libmetasec_ml.so] 0x70f1bd254c!0x15454c blr x8; x8=0x70f1becff0
53	4730908	0x162ab0	0x3	0x74a7297c80	0x74a7297c80	0x162ab0	[libmetasec_ml.so] 0x70f1bd254c!0x15454c blr x8; x8=0x70f1be0ab0
54	4738124	0x16f014	0x17	0x74a7296c90	0x74a7296c90	0x16f014	[libmetasec_ml.so] 0x70f1bd254c!0x15454c blr x8; x8=0x70f1bed014
55	4746543	0x16edb8	0x8	0x74a72975f0	0x74a72975f0	0x16edb8	[libmetasec_ml.so] 0x70f1bd254c!0x15454c blr x8; x8=0x70f1becdb8
56	4754723	0x16f038	0x18	0x74a7296bf0	0x74a7296bf0	0x16f038	[libmetasec_ml.so] 0x70f1bd254c!0x15454c blr x8; x8=0x70f1bed038
57	4763448	0x16eda0	0x7	0x74a7297870	0x74a7297870	0x16eda0	[libmetasec_ml.so] 0x70f1bd254c!0x15454c blr x8; x8=0x70f1becda0
58	4770676	0x16f014	0x17	0x74a7296c90	0x74a7296c90	0x16f014	[libmetasec_ml.so] 0x70f1bd254c!0x15454c blr x8; x8=0x70f1bed014
59	4779095	0x16edb8	0x8	0x74a72975f0	0x74a72975f0	0x16edb8	[libmetasec_ml.so] 0x70f1bd254c!0x15454c blr x8; x8=0x70f1becdb8
60	4787275	0x16f038	0x18	0x74a7296bf0	0x74a7296bf0	0x16f038	[libmetasec_ml.so] 0x70f1bd254c!0x15454c blr x8; x8=0x70f1bed038
61	4795482	0x16eda0	0x7	0x74a7297870	0x74a7297870	0x16eda0	[libmetasec_ml.so] 0x70f1bd254c!0x15454c blr x8; x8=0x70f1becda0
62	4802710	0x16f014	0x17	0x74a7296c90	0x74a7296c90	0x16f014	[libmetasec_ml.so] 0x70f1bd254c!0x15454c blr x8; x8=0x70f1bed014
63	4811129	0x16edb8	0x8	0x74a72975f0	0x74a72975f0	0x16edb8	[libmetasec_ml.so] 0x70f1bd254c!0x15454c blr x8; x8=0x70f1becdb8
64	4819309	0x16f038	0x18	0x74a7296bf0	0x74a7296bf0	0x16f038	[libmetasec_ml.so] 0x70f1bd254c!0x15454c blr x8; x8=0x70f1bed038
65	4827516	0x16eda0	0x7	0x74a7297870	0x74a7297870	0x16eda0	[libmetasec_ml.so] 0x70f1bd254c!0x15454c blr x8; x8=0x70f1becda0
66	4834744	0x16f014	0x17	0x74a7296c90	0x74a7296c90	0x16f014	[libmetasec_ml.so] 0x70f1bd254c!0x15454c blr x8; x8=0x70f1bed014
67	4843164	0x16edb8	0x8	0x74a72975f0	0x74a72975f0	0x16edb8	[libmetasec_ml.so] 0x70f1bd254c!0x15454c blr x8; x8=0x70f1becdb8
68	4851344	0x16f038	0x18	0x74a7296bf0	0x74a7296bf0	0x16f038	[libmetasec_ml.so] 0x70f1bd254c!0x15454c blr x8; x8=0x70f1bed038
69	4860069	0x16eda0	0x7	0x74a7297870	0x74a7297870	0x16eda0	[libmetasec_ml.so] 0x70f1bd254c!0x15454c blr x8; x8=0x70f1becda0
70	4867297	0x16f014	0x17	0x74a7296c90	0x74a7296c90	0x16f014	[libmetasec_ml.so] 0x70f1bd254c!0x15454c blr x8; x8=0x70f1bed014
71	4875717	0x16edb8	0x8	0x74a72975f0	0x74a72975f0	0x16edb8	[libmetasec_ml.so] 0x70f1bd254c!0x15454c blr x8; x8=0x70f1becdb8
72	4883897	0x16f038	0x18	0x74a7296bf0	0x74a7296bf0	0x16f038	[libmetasec_ml.so] 0x70f1bd254c!0x15454c blr x8; x8=0x70f1bed038
73	4892104	0x16eda0	0x7	0x74a7297870	0x74a7297870	0x16eda0	[libmetasec_ml.so] 0x70f1bd254c!0x15454c blr x8; x8=0x70f1becda0
74	4900837	0x162ab0	0x3	0x74a7297c80	0x74a7297c80	0x162ab0	[libmetasec_ml.so] 0x70f1bd254c!0x15454c blr x8; x8=0x70f1be0ab0
75	4908053	0x16f014	0x17	0x74a7296c90	0x74a7296c90	0x16f014	[libmetasec_ml.so] 0x70f1bd254c!0x15454c blr x8; x8=0x70f1bed014
76	4916473	0x16edb8	0x8	0x74a72975f0	0x74a72975f0	0x16edb8	[libmetasec_ml.so] 0x70f1bd254c!0x15454c blr x8; x8=0x70f1becdb8
77	4924653	0x16f038	0x18	0x74a7296bf0	0x74a7296bf0	0x16f038	[libmetasec_ml.so] 0x70f1bd254c!0x15454c blr x8; x8=0x70f1bed038
78	4933550	0x16eda0	0x7	0x74a7297870	0x74a7297870	0x16eda0	[libmetasec_ml.so] 0x70f1bd254c!0x15454c blr x8; x8=0x70f1becda0
79	4940778	0x16f014	0x17	0x74a7296c90	0x74a7296c90	0x16f014	[libmetasec_ml.so] 0x70f1bd254c!0x15454c blr x8; x8=0x70f1bed014
80	4949198	0x16edb8	0x8	0x74a72975f0	0x74a72975f0	0x16edb8	[libmetasec_ml.so] 0x70f1bd254c!0x15454c blr x8; x8=0x70f1becdb8
81	4957378	0x16f038	0x18	0x74a7296bf0	0x74a7296bf0	0x16f038	[libmetasec_ml.so] 0x70f1bd254c!0x15454c blr x8; x8=0x70f1bed038
82	4966267	0x16eda0	0x7	0x74a7297870	0x74a7297870	0x16eda0	[libmetasec_ml.so] 0x70f1bd254c!0x15454c blr x8; x8=0x70f1becda0
83	4973495	0x16f014	0x17	0x74a7296c90	0x74a7296c90	0x16f014	[libmetasec_ml.so] 0x70f1bd254c!0x15454c blr x8; x8=0x70f1bed014
84	4981914	0x16edb8	0x8	0x74a72975f0	0x74a72975f0	0x16edb8	[libmetasec_ml.so] 0x70f1bd254c!0x15454c blr x8; x8=0x70f1becdb8
85	4990094	0x16f038	0x18	0x74a7296bf0	0x74a7296bf0	0x16f038	[libmetasec_ml.so] 0x70f1bd254c!0x15454c blr x8; x8=0x70f1bed038
86	4998819	0x16eda0	0x7	0x74a7297870	0x74a7297870	0x16eda0	[libmetasec_ml.so] 0x70f1bd254c!0x15454c blr x8; x8=0x70f1becda0
87	5006047	0x16f014	0x17	0x74a7296c90	0x74a7296c90	0x16f014	[libmetasec_ml.so] 0x70f1bd254c!0x15454c blr x8; x8=0x70f1bed014
88	5014466	0x16edb8	0x8	0x74a72975f0	0x74a72975f0	0x16edb8	[libmetasec_ml.so] 0x70f1bd254c!0x15454c blr x8; x8=0x70f1becdb8
89	5022646	0x16f038	0x18	0x74a7296bf0	0x74a7296bf0	0x16f038	[libmetasec_ml.so] 0x70f1bd254c!0x15454c blr x8; x8=0x70f1bed038
90	5031320	0x16eda0	0x7	0x74a7297870	0x74a7297870	0x16eda0	[libmetasec_ml.so] 0x70f1bd254c!0x15454c blr x8; x8=0x70f1becda0
91	5038548	0x16f014	0x17	0x74a7296c90	0x74a7296c90	0x16f014	[libmetasec_ml.so] 0x70f1bd254c!0x15454c blr x8; x8=0x70f1bed014
92	5046967	0x16edb8	0x8	0x74a72975f0	0x74a72975f0	0x16edb8	[libmetasec_ml.so] 0x70f1bd254c!0x15454c blr x8; x8=0x70f1becdb8
93	5055147	0x16f038	0x18	0x74a7296bf0	0x74a7296bf0	0x16f038	[libmetasec_ml.so] 0x70f1bd254c!0x15454c blr x8; x8=0x70f1bed038
94	5063821	0x16eda0	0x7	0x74a7297870	0x74a7297870	0x16eda0	[libmetasec_ml.so] 0x70f1bd254c!0x15454c blr x8; x8=0x70f1becda0
95	5071049	0x16faf8	0x3b	0x74a7295430	0x74a7295430	0x16faf8	[libmetasec_ml.so] 0x70f1bd254c!0x15454c blr x8; x8=0x70f1bedaf8
96	5078459	0x16f014	0x17	0x74a7296c90	0x74a7296c90	0x16f014	[libmetasec_ml.so] 0x70f1bd254c!0x15454c blr x8; x8=0x70f1bed014
97	5086879	0x16edb8	0x8	0x74a72975f0	0x74a72975f0	0x16edb8	[libmetasec_ml.so] 0x70f1bd254c!0x15454c blr x8; x8=0x70f1becdb8
98	5095059	0x16f038	0x18	0x74a7296bf0	0x74a7296bf0	0x16f038	[libmetasec_ml.so] 0x70f1bd254c!0x15454c blr x8; x8=0x70f1bed038
99	5104250	0x16eda0	0x7	0x74a7297870	0x74a7297870	0x16eda0	[libmetasec_ml.so] 0x70f1bd254c!0x15454c blr x8; x8=0x70f1becda0
100	5112540	0x16fb1c	0x3c	0x74a7295200	0x74a7295200	0x16fb1c	[libmetasec_ml.so] 0x70f1bd254c!0x15454c blr x8; x8=0x70f1bedb1c
101	5120515	0x16ecf0	0xc	0x74a72968d0	0x74a72968d0	0x16ecf0	[libmetasec_ml.so] 0x70f1bd254c!0x15454c blr x8; x8=0x70f1beccf0
102	5129033	0x16fb1c	0x3c	0x74a7295200	0x74a7295200	0x16fb1c	[libmetasec_ml.so] 0x70f1bd254c!0x15454c blr x8; x8=0x70f1bedb1c
103	5137311	0x16ecf0	0xc	0x74a72968d0	0x74a72968d0	0x16ecf0	[libmetasec_ml.so] 0x70f1bd254c!0x15454c blr x8; x8=0x70f1beccf0
104	5144907	0x16fb54	0x3d	0x74a72950c0	0x74a72950c0	0x16fb54	[libmetasec_ml.so] 0x70f1bd254c!0x15454c blr x8; x8=0x70f1bedb54
105	5153178	0x16fb78	0x3e	0x74a7295520	0x74a7295520	0x16fb78	[libmetasec_ml.so] 0x70f1bd254c!0x15454c blr x8; x8=0x70f1bedb78
106	5161906	0x16fb78	0x3e	0x74a7295520	0x74a7295520	0x16fb78	[libmetasec_ml.so] 0x70f1bd254c!0x15454c blr x8; x8=0x70f1bedb78
107	5170030	0x16ecf0	0xc	0x74a72968d0	0x74a72968d0	0x16ecf0	[libmetasec_ml.so] 0x70f1bd254c!0x15454c blr x8; x8=0x70f1beccf0
108	5177786	0x16ecf0	0xc	0x74a72968d0	0x74a72968d0	0x16ecf0	[libmetasec_ml.so] 0x70f1bd254c!0x15454c blr x8; x8=0x70f1beccf0
109	5185243	0x16fbb0	0x3f	0x74a7295020	0x74a7295020	0x16fbb0	[libmetasec_ml.so] 0x70f1bd254c!0x15454c blr x8; x8=0x70f1bedbb0
110	5192607	0x16fbd4	0x40	0x74a7294e40	0x74a7294e40	0x16fbd4	[libmetasec_ml.so] 0x70f1bd254c!0x15454c blr x8; x8=0x70f1bedbd4
111	5204094	0x16fbf8	0x42	0x74a7295610	0x74a7295610	0x16fbf8	[libmetasec_ml.so] 0x70f1bd254c!0x15454c blr x8; x8=0x70f1bedbf8
112	5211914	0x16fc1c	0x43	0x74a7295160	0x74a7295160	0x16fc1c	[libmetasec_ml.so] 0x70f1bd254c!0x15454c blr x8; x8=0x70f1bedc1c
113	5219332	0x16f014	0x17	0x74a7296c90	0x74a7296c90	0x16f014	[libmetasec_ml.so] 0x70f1bd254c!0x15454c blr x8; x8=0x70f1bed014
114	5227900	0x16edb8	0x8	0x74a72975f0	0x74a72975f0	0x16edb8	[libmetasec_ml.so] 0x70f1bd254c!0x15454c blr x8; x8=0x70f1becdb8
115	5236080	0x16fc48	0x44	0x74a72959d0	0x74a72959d0	0x16fc48	[libmetasec_ml.so] 0x70f1bd254c!0x15454c blr x8; x8=0x70f1bedc48
116	5244043	0x16eda0	0x7	0x74a7297870	0x74a7297870	0x16eda0	[libmetasec_ml.so] 0x70f1bd254c!0x15454c blr x8; x8=0x70f1becda0
117	5255233	0x16ec3c	0x4	0x74a7297d70	0x74a7297d70	0x16ec3c	[libmetasec_ml.so] 0x70f1bd254c!0x15454c blr x8; x8=0x70f1becc3c
118	5262909	0x16ec3c	0x4	0x74a7297d70	0x74a7297d70	0x16ec3c	[libmetasec_ml.so] 0x70f1bd254c!0x15454c blr x8; x8=0x70f1becc3c
119	5270585	0x16ec3c	0x4	0x74a7297d70	0x74a7297d70	0x16ec3c	[libmetasec_ml.so] 0x70f1bd254c!0x15454c blr x8; x8=0x70f1becc3c
120	5278419	0x16f0d0	0x1a	0x74a7296d80	0x74a7296d80	0x16f0d0	[libmetasec_ml.so] 0x70f1bd254c!0x15454c blr x8; x8=0x70f1bed0d0
121	5286678	0x16f014	0x17	0x74a7296c90	0x74a7296c90	0x16f014	[libmetasec_ml.so] 0x70f1bd254c!0x15454c blr x8; x8=0x70f1bed014
122	5295098	0x16edb8	0x8	0x74a72975f0	0x74a72975f0	0x16edb8	[libmetasec_ml.so] 0x70f1bd254c!0x15454c blr x8; x8=0x70f1becdb8
123	5303278	0x16f038	0x18	0x74a7296bf0	0x74a7296bf0	0x16f038	[libmetasec_ml.so] 0x70f1bd254c!0x15454c blr x8; x8=0x70f1bed038
124	5312005	0x16eda0	0x7	0x74a7297870	0x74a7297870	0x16eda0	[libmetasec_ml.so] 0x70f1bd254c!0x15454c blr x8; x8=0x70f1becda0
125	5319682	0x16fce4	0x46	0x74a7295d40	0x74a7295d40	0x16fce4	[libmetasec_ml.so] 0x70f1bd254c!0x15454c blr x8; x8=0x70f1bedce4
126	5334905	0x16ec10	0x47	0x74a72954d0	0x74a72954d0	0x16ec10	[libmetasec_ml.so] 0x70f1bd254c!0x15454c blr x8; x8=0x70f1becc10
127	5342747	0x16ec3c	0x4	0x74a7297d70	0x74a7297d70	0x16ec3c	[libmetasec_ml.so] 0x70f1bd254c!0x15454c blr x8; x8=0x70f1becc3c
128	5350881	0x16ec54	0x48	0x74a7294da0	0x74a7294da0	0x16ec54	[libmetasec_ml.so] 0x70f1bd254c!0x15454c blr x8; x8=0x70f1becc54
129	5359573	0x170188	0x49	0x74a7295a70	0x74a7295a70	0x170188	[libmetasec_ml.so] 0x70f1bd254c!0x15454c blr x8; x8=0x70f1bee188
130	5368623	0x16f14c	0x1c	0x74a7296740	0x74a7296740	0x16f14c	[libmetasec_ml.so] 0x70f1bd254c!0x15454c blr x8; x8=0x70f1bed14c
131	5377548	0x16f0fc	0x1b	0x74a7296380	0x74a7296380	0x16f0fc	[libmetasec_ml.so] 0x70f1bd254c!0x15454c blr x8; x8=0x70f1bed0fc
132	5389249	0x16fd00	0x4a	0x74a7295070	0x74a7295070	0x16fd00	[libmetasec_ml.so] 0x70f1bd254c!0x15454c blr x8; x8=0x70f1bedd00
133	5397375	0x16ecf0	0xc	0x74a72968d0	0x74a72968d0	0x16ecf0	[libmetasec_ml.so] 0x70f1bd254c!0x15454c blr x8; x8=0x70f1beccf0
134	5405200	0x16eda0	0x7	0x74a7297870	0x74a7297870	0x16eda0	[libmetasec_ml.so] 0x70f1bd254c!0x15454c blr x8; x8=0x70f1becda0
135	5413325	0x16fd2c	0x4b	0x74a72958e0	0x74a72958e0	0x16fd2c	[libmetasec_ml.so] 0x70f1bd254c!0x15454c blr x8; x8=0x70f1bedd2c
136	5421817	0x16fdc0	0x4c	0x74a72957f0	0x74a72957f0	0x16fdc0	[libmetasec_ml.so] 0x70f1bd254c!0x15454c blr x8; x8=0x70f1beddc0
137	5430546	0x16fd64	0x4d	0x74a7294fd0	0x74a7294fd0	0x16fd64	[libmetasec_ml.so] 0x70f1bd254c!0x15454c blr x8; x8=0x70f1bedd64
138	5438233	0x16fde4	0x4e	0x74a7294f80	0x74a7294f80	0x16fde4	[libmetasec_ml.so] 0x70f1bd254c!0x15454c blr x8; x8=0x70f1bedde4
139	5446961	0x16fd64	0x4d	0x74a7294fd0	0x74a7294fd0	0x16fd64	[libmetasec_ml.so] 0x70f1bd254c!0x15454c blr x8; x8=0x70f1bedd64
140	5454652	0x16fe08	0x4f	0x74a7295c50	0x74a7295c50	0x16fe08	[libmetasec_ml.so] 0x70f1bd254c!0x15454c blr x8; x8=0x70f1bede08
141	5465458	0x16fd64	0x4d	0x74a7294fd0	0x74a7294fd0	0x16fd64	[libmetasec_ml.so] 0x70f1bd254c!0x15454c blr x8; x8=0x70f1bedd64
142	5473149	0x16fe2c	0x50	0x74a7294d50	0x74a7294d50	0x16fe2c	[libmetasec_ml.so] 0x70f1bd254c!0x15454c blr x8; x8=0x70f1bede2c
143	5481878	0x16fd64	0x4d	0x74a7294fd0	0x74a7294fd0	0x16fd64	[libmetasec_ml.so] 0x70f1bd254c!0x15454c blr x8; x8=0x70f1bedd64
144	5490934	0x16fd64	0x4d	0x74a7294fd0	0x74a7294fd0	0x16fd64	[libmetasec_ml.so] 0x70f1bd254c!0x15454c blr x8; x8=0x70f1bedd64
145	5499990	0x16fd64	0x4d	0x74a7294fd0	0x74a7294fd0	0x16fd64	[libmetasec_ml.so] 0x70f1bd254c!0x15454c blr x8; x8=0x70f1bedd64
146	5507827	0x16fd00	0x4a	0x74a7295070	0x74a7295070	0x16fd00	[libmetasec_ml.so] 0x70f1bd254c!0x15454c blr x8; x8=0x70f1bedd00
147	5516579	0x16fd64	0x4d	0x74a7294fd0	0x74a7294fd0	0x16fd64	[libmetasec_ml.so] 0x70f1bd254c!0x15454c blr x8; x8=0x70f1bedd64
148	5523968	0x16f014	0x17	0x74a7296c90	0x74a7296c90	0x16f014	[libmetasec_ml.so] 0x70f1bd254c!0x15454c blr x8; x8=0x70f1bed014
149	5532388	0x16edb8	0x8	0x74a72975f0	0x74a72975f0	0x16edb8	[libmetasec_ml.so] 0x70f1bd254c!0x15454c blr x8; x8=0x70f1becdb8
150	5541172	0x16fe50	0x51	0x74a7295bb0	0x74a7295bb0	0x16fe50	[libmetasec_ml.so] 0x70f1bd254c!0x15454c blr x8; x8=0x70f1bede50
151	5549132	0x16eda0	0x7	0x74a7297870	0x74a7297870	0x16eda0	[libmetasec_ml.so] 0x70f1bd254c!0x15454c blr x8; x8=0x70f1becda0
152	5557714	0x16fea0	0x52	0x74a72955c0	0x74a72955c0	0x16fea0	[libmetasec_ml.so] 0x70f1bd254c!0x15454c blr x8; x8=0x70f1bedea0
153	5565595	0x16eda0	0x7	0x74a7297870	0x74a7297870	0x16eda0	[libmetasec_ml.so] 0x70f1bd254c!0x15454c blr x8; x8=0x70f1becda0
154	5573870	0x16fd64	0x4d	0x74a7294fd0	0x74a7294fd0	0x16fd64	[libmetasec_ml.so] 0x70f1bd254c!0x15454c blr x8; x8=0x70f1bedd64
155	5584107	0x16f79c	0x53	0x74a7295700	0x74a7295700	0x16f79c	[libmetasec_ml.so] 0x70f1bd254c!0x15454c blr x8; x8=0x70f1bed79c
156	5592470	0x16edb8	0x8	0x74a72975f0	0x74a72975f0	0x16edb8	[libmetasec_ml.so] 0x70f1bd254c!0x15454c blr x8; x8=0x70f1becdb8
157	5600191	0x16ff00	0x54	0x74a72956b0	0x74a72956b0	0x16ff00	[libmetasec_ml.so] 0x70f1bd254c!0x15454c blr x8; x8=0x70f1bedf00
158	5610121	0x16eda0	0x7	0x74a7297870	0x74a7297870	0x16eda0	[libmetasec_ml.so] 0x70f1bd254c!0x15454c blr x8; x8=0x70f1becda0
159	5617806	0x16eda0	0x7	0x74a7297870	0x74a7297870	0x16eda0	[libmetasec_ml.so] 0x70f1bd254c!0x15454c blr x8; x8=0x70f1becda0
160	5626542	0x16ff2c	0x55	0x74a7295750	0x74a7295750	0x16ff2c	[libmetasec_ml.so] 0x70f1bd254c!0x15454c blr x8; x8=0x70f1bedf2c
161	5634822	0x16ff8c	0x56	0x74a7295b10	0x74a7295b10	0x16ff8c	[libmetasec_ml.so] 0x70f1bd254c!0x15454c blr x8; x8=0x70f1bedf8c
162	5648569	0x1700a8	0x57	0x74a7295890	0x74a7295890	0x1700a8	[libmetasec_ml.so] 0x70f1bd254c!0x15454c blr x8; x8=0x70f1bee0a8
163	5657299	0x162ab0	0x3	0x74a7297c80	0x74a7297c80	0x162ab0	[libmetasec_ml.so] 0x70f1bd254c!0x15454c blr x8; x8=0x70f1be0ab0
164	5667990	0x162ab0	0x3	0x74a7297c80	0x74a7297c80	0x162ab0	[libmetasec_ml.so] 0x70f1bd254c!0x15454c blr x8; x8=0x70f1be0ab0
165	5683215	0x16ffc4	0x58	0x74a7295980	0x74a7295980	0x16ffc4	[libmetasec_ml.so] 0x70f1bd254c!0x15454c blr x8; x8=0x70f1bedfc4
166	5695617	0x16ffe8	0x59	0x74a7294e90	0x74a7294e90	0x16ffe8	[libmetasec_ml.so] 0x70f1bd254c!0x15454c blr x8; x8=0x70f1bedfe8
167	5711466	0x16ea70	0x0	0x74a72960b0	0x74a72960b0	0x16ea70	[libmetasec_ml.so] 0x70f1bd254c!0x15454c blr x8; x8=0x70f1beca70
168	5719744	0x170014	0x5a	0x74a72952a0	0x74a72952a0	0x170014	[libmetasec_ml.so] 0x70f1bd254c!0x15454c blr x8; x8=0x70f1bee014
169	5737318	0x170060	0x5b	0x74a72944e0	0x74a72944e0	0x170060	[libmetasec_ml.so] 0x70f1bd254c!0x15454c blr x8; x8=0x70f1bee060
170	5744983	0x16ecf0	0xc	0x74a72968d0	0x74a72968d0	0x16ecf0	[libmetasec_ml.so] 0x70f1bd254c!0x15454c blr x8; x8=0x70f1beccf0
171	5752799	0x170078	0x5c	0x74a7294990	0x74a7294990	0x170078	[libmetasec_ml.so] 0x70f1bd254c!0x15454c blr x8; x8=0x70f1bee078
172	5760907	0x16ecf0	0xc	0x74a72968d0	0x74a72968d0	0x16ecf0	[libmetasec_ml.so] 0x70f1bd254c!0x15454c blr x8; x8=0x70f1beccf0
173	5768723	0x16ecf0	0xc	0x74a72968d0	0x74a72968d0	0x16ecf0	[libmetasec_ml.so] 0x70f1bd254c!0x15454c blr x8; x8=0x70f1beccf0
174	5776479	0x16eda0	0x7	0x74a7297870	0x74a7297870	0x16eda0	[libmetasec_ml.so] 0x70f1bd254c!0x15454c blr x8; x8=0x70f1becda0
175	5784155	0x16eda0	0x7	0x74a7297870	0x74a7297870	0x16eda0	[libmetasec_ml.so] 0x70f1bd254c!0x15454c blr x8; x8=0x70f1becda0
176	5791831	0x16eda0	0x7	0x74a7297870	0x74a7297870	0x16eda0	[libmetasec_ml.so] 0x70f1bd254c!0x15454c blr x8; x8=0x70f1becda0
177	5799507	0x16ecf0	0xc	0x74a72968d0	0x74a72968d0	0x16ecf0	[libmetasec_ml.so] 0x70f1bd254c!0x15454c blr x8; x8=0x70f1beccf0
178	5807323	0x16ecf0	0xc	0x74a72968d0	0x74a72968d0	0x16ecf0	[libmetasec_ml.so] 0x70f1bd254c!0x15454c blr x8; x8=0x70f1beccf0
179	5815079	0x16eda0	0x7	0x74a7297870	0x74a7297870	0x16eda0	[libmetasec_ml.so] 0x70f1bd254c!0x15454c blr x8; x8=0x70f1becda0
180	5822755	0x16ecf0	0xc	0x74a72968d0	0x74a72968d0	0x16ecf0	[libmetasec_ml.so] 0x70f1bd254c!0x15454c blr x8; x8=0x70f1beccf0
181	5830511	0x16ecf0	0xc	0x74a72968d0	0x74a72968d0	0x16ecf0	[libmetasec_ml.so] 0x70f1bd254c!0x15454c blr x8; x8=0x70f1beccf0
182	5838267	0x16ecf0	0xc	0x74a72968d0	0x74a72968d0	0x16ecf0	[libmetasec_ml.so] 0x70f1bd254c!0x15454c blr x8; x8=0x70f1beccf0
183	5846023	0x16ecf0	0xc	0x74a72968d0	0x74a72968d0	0x16ecf0	[libmetasec_ml.so] 0x70f1bd254c!0x15454c blr x8; x8=0x70f1beccf0
184	5853779	0x16eda0	0x7	0x74a7297870	0x74a7297870	0x16eda0	[libmetasec_ml.so] 0x70f1bd254c!0x15454c blr x8; x8=0x70f1becda0
185	5868221	0x16ee94	0xd	0x74a7296330	0x74a7296330	0x16ee94	[libmetasec_ml.so] 0x70f1bd254c!0x15454c blr x8; x8=0x70f1bece94
186	5877575	0x16f9f8	0x11	0x74a7295fc0	0x74a7295fc0	0x16f9f8	[libmetasec_ml.so] 0x70f1bd254c!0x15454c blr x8; x8=0x70f1bed9f8
187	5886546	0x16f614	0x2f	0x74a72951b0	0x74a72951b0	0x16f614	[libmetasec_ml.so] 0x70f1bd254c!0x15454c blr x8; x8=0x70f1bed614
188	5896367	0x16edb8	0x8	0x74a72975f0	0x74a72975f0	0x16edb8	[libmetasec_ml.so] 0x70f1bd254c!0x15454c blr x8; x8=0x70f1becdb8
189	5905755	0x16f29c	0x21	0x74a7296ce0	0x74a7296ce0	0x16f29c	[libmetasec_ml.so] 0x70f1bd254c!0x15454c blr x8; x8=0x70f1bed29c
190	6256727	0x16f264	0x22	0x74a7296920	0x74a7296920	0x16f264	[libmetasec_ml.so] 0x70f1bd254c!0x15454c blr x8; x8=0x70f1bed264
191	6268246	0x16f338	0x23	0x74a72962e0	0x74a72962e0	0x16f338	[libmetasec_ml.so] 0x70f1bd254c!0x15454c blr x8; x8=0x70f1bed338
192	6276567	0x16ecf0	0xc	0x74a72968d0	0x74a72968d0	0x16ecf0	[libmetasec_ml.so] 0x70f1bd254c!0x15454c blr x8; x8=0x70f1beccf0
193	6284999	0x16ecf0	0xc	0x74a72968d0	0x74a72968d0	0x16ecf0	[libmetasec_ml.so] 0x70f1bd254c!0x15454c blr x8; x8=0x70f1beccf0
194	6293432	0x16eda0	0x7	0x74a7297870	0x74a7297870	0x16eda0	[libmetasec_ml.so] 0x70f1bd254c!0x15454c blr x8; x8=0x70f1becda0
195	6301723	0x16ef98	0x13	0x74a7296b00	0x74a7296b00	0x16ef98	[libmetasec_ml.so] 0x70f1bd254c!0x15454c blr x8; x8=0x70f1becf98
196	6311150	0x16f374	0x24	0x74a7295f20	0x74a7295f20	0x16f374	[libmetasec_ml.so] 0x70f1bd254c!0x15454c blr x8; x8=0x70f1bed374
197	6320693	0x16f0fc	0x1b	0x74a7296380	0x74a7296380	0x16f0fc	[libmetasec_ml.so] 0x70f1bd254c!0x15454c blr x8; x8=0x70f1bed0fc
198	6330484	0x16f338	0x23	0x74a72962e0	0x74a72962e0	0x16f338	[libmetasec_ml.so] 0x70f1bd254c!0x15454c blr x8; x8=0x70f1bed338
199	6338804	0x16ecf0	0xc	0x74a72968d0	0x74a72968d0	0x16ecf0	[libmetasec_ml.so] 0x70f1bd254c!0x15454c blr x8; x8=0x70f1beccf0
200	6347235	0x16eda0	0x7	0x74a7297870	0x74a7297870	0x16eda0	[libmetasec_ml.so] 0x70f1bd254c!0x15454c blr x8; x8=0x70f1becda0
201	6356728	0x16f374	0x24	0x74a7295f20	0x74a7295f20	0x16f374	[libmetasec_ml.so] 0x70f1bd254c!0x15454c blr x8; x8=0x70f1bed374
202	6366125	0x16f0fc	0x1b	0x74a7296380	0x74a7296380	0x16f0fc	[libmetasec_ml.so] 0x70f1bd254c!0x15454c blr x8; x8=0x70f1bed0fc
203	6375916	0x16f338	0x23	0x74a72962e0	0x74a72962e0	0x16f338	[libmetasec_ml.so] 0x70f1bd254c!0x15454c blr x8; x8=0x70f1bed338
204	6384236	0x16ecf0	0xc	0x74a72968d0	0x74a72968d0	0x16ecf0	[libmetasec_ml.so] 0x70f1bd254c!0x15454c blr x8; x8=0x70f1beccf0
205	6392667	0x16eda0	0x7	0x74a7297870	0x74a7297870	0x16eda0	[libmetasec_ml.so] 0x70f1bd254c!0x15454c blr x8; x8=0x70f1becda0
206	6402308	0x16f374	0x24	0x74a7295f20	0x74a7295f20	0x16f374	[libmetasec_ml.so] 0x70f1bd254c!0x15454c blr x8; x8=0x70f1bed374
207	6411705	0x16f14c	0x1c	0x74a7296740	0x74a7296740	0x16f14c	[libmetasec_ml.so] 0x70f1bd254c!0x15454c blr x8; x8=0x70f1bed14c
208	6421243	0x16f14c	0x1c	0x74a7296740	0x74a7296740	0x16f14c	[libmetasec_ml.so] 0x70f1bd254c!0x15454c blr x8; x8=0x70f1bed14c
209	6432151	0x16f998	0x30	0x74a7295570	0x74a7295570	0x16f998	[libmetasec_ml.so] 0x70f1bd254c!0x15454c blr x8; x8=0x70f1bed998
210	6491577	0x16f374	0x24	0x74a7295f20	0x74a7295f20	0x16f374	[libmetasec_ml.so] 0x70f1bd254c!0x15454c blr x8; x8=0x70f1bed374
211	6501243	0x16eda0	0x7	0x74a7297870	0x74a7297870	0x16eda0	[libmetasec_ml.so] 0x70f1bd254c!0x15454c blr x8; x8=0x70f1becda0
212	6509683	0x16eda0	0x7	0x74a7297870	0x74a7297870	0x16eda0	[libmetasec_ml.so] 0x70f1bd254c!0x15454c blr x8; x8=0x70f1becda0
213	6517974	0x16eda0	0x7	0x74a7297870	0x74a7297870	0x16eda0	[libmetasec_ml.so] 0x70f1bd254c!0x15454c blr x8; x8=0x70f1becda0
214	6594363	0x16ec3c	0x4	0x74a7297d70	0x74a7297d70	0x16ec3c	[libmetasec_ml.so] 0x70f1bd254c!0x15454c blr x8; x8=0x70f1becc3c
215	6602800	0x16f3c4	0x25	0x74a72966f0	0x74a72966f0	0x16f3c4	[libmetasec_ml.so] 0x70f1bd254c!0x15454c blr x8; x8=0x70f1bed3c4
216	6611720	0x16f3c4	0x25	0x74a72966f0	0x74a72966f0	0x16f3c4	[libmetasec_ml.so] 0x70f1bd254c!0x15454c blr x8; x8=0x70f1bed3c4
217	6620635	0x16ec3c	0x4	0x74a7297d70	0x74a7297d70	0x16ec3c	[libmetasec_ml.so] 0x70f1bd254c!0x15454c blr x8; x8=0x70f1becc3c
218	6632273	0x16ea70	0x0	0x74a72960b0	0x74a72960b0	0x16ea70	[libmetasec_ml.so] 0x70f1bd254c!0x15454c blr x8; x8=0x70f1beca70
219	6633417	0x16eb40	0x2	0x74a7296f60	0x74a7296f60	0x16eb40	[libmetasec_ml.so] 0x70f1bd254c!0x15454c blr x8; x8=0x70f1becb40
220	6839399	0x16f14c	0x1c	0x74a7296740	0x74a7296740	0x16f14c	[libmetasec_ml.so] 0x70f1bd254c!0x15454c blr x8; x8=0x70f1bed14c
221	6848319	0x16ed54	0x6	0x74a72972d0	0x74a72972d0	0x16ed54	[libmetasec_ml.so] 0x70f1bd254c!0x15454c blr x8; x8=0x70f1becd54
222	6856760	0x16eda0	0x7	0x74a7297870	0x74a7297870	0x16eda0	[libmetasec_ml.so] 0x70f1bd254c!0x15454c blr x8; x8=0x70f1becda0
223	6865051	0x16eda0	0x7	0x74a7297870	0x74a7297870	0x16eda0	[libmetasec_ml.so] 0x70f1bd254c!0x15454c blr x8; x8=0x70f1becda0
224	6888308	0x16f1c8	0x1e	0x74a7296470	0x74a7296470	0x16f1c8	[libmetasec_ml.so] 0x70f1bd254c!0x15454c blr x8; x8=0x70f1bed1c8
225	8310305	0x16f3c4	0x25	0x74a72966f0	0x74a72966f0	0x16f3c4	[libmetasec_ml.so] 0x70f1bd254c!0x15454c blr x8; x8=0x70f1bed3c4
226	8321331	0x16ee94	0xd	0x74a7296330	0x74a7296330	0x16ee94	[libmetasec_ml.so] 0x70f1bd254c!0x15454c blr x8; x8=0x70f1bece94
227	8331602	0x16f1c8	0x1e	0x74a7296470	0x74a7296470	0x16f1c8	[libmetasec_ml.so] 0x70f1bd254c!0x15454c blr x8; x8=0x70f1bed1c8
228	8340827	0x16ec90	0x36	0x74a7295480	0x74a7295480	0x16ec90	[libmetasec_ml.so] 0x70f1bd254c!0x15454c blr x8; x8=0x70f1becc90
229	8350346	0x16ec90	0x36	0x74a7295480	0x74a7295480	0x16ec90	[libmetasec_ml.so] 0x70f1bd254c!0x15454c blr x8; x8=0x70f1becc90
230	8380582	0x16f1c8	0x1e	0x74a7296470	0x74a7296470	0x16f1c8	[libmetasec_ml.so] 0x70f1bd254c!0x15454c blr x8; x8=0x70f1bed1c8
231	8389971	0x16ec90	0x36	0x74a7295480	0x74a7295480	0x16ec90	[libmetasec_ml.so] 0x70f1bd254c!0x15454c blr x8; x8=0x70f1becc90
232	8399317	0x16ec90	0x36	0x74a7295480	0x74a7295480	0x16ec90	[libmetasec_ml.so] 0x70f1bd254c!0x15454c blr x8; x8=0x70f1becc90
233	8408866	0x16ec90	0x36	0x74a7295480	0x74a7295480	0x16ec90	[libmetasec_ml.so] 0x70f1bd254c!0x15454c blr x8; x8=0x70f1becc90
234	8422543	0x16ec90	0x36	0x74a7295480	0x74a7295480	0x16ec90	[libmetasec_ml.so] 0x70f1bd254c!0x15454c blr x8; x8=0x70f1becc90
235	8432363	0x16f1c8	0x1e	0x74a7296470	0x74a7296470	0x16f1c8	[libmetasec_ml.so] 0x70f1bd254c!0x15454c blr x8; x8=0x70f1bed1c8
236	8849445	0x16f338	0x23	0x74a72962e0	0x74a72962e0	0x16f338	[libmetasec_ml.so] 0x70f1bd254c!0x15454c blr x8; x8=0x70f1bed338
237	8904691	0x16ec90	0x36	0x74a7295480	0x74a7295480	0x16ec90	[libmetasec_ml.so] 0x70f1bd254c!0x15454c blr x8; x8=0x70f1becc90
238	8915012	0x16f96c	0x65	0x74a7293ef0	0x74a7293ef0	0x16f96c	[libmetasec_ml.so] 0x70f1bd254c!0x15454c blr x8; x8=0x70f1bed96c
239	8923765	0x16ec90	0x36	0x74a7295480	0x74a7295480	0x16ec90	[libmetasec_ml.so] 0x70f1bd254c!0x15454c blr x8; x8=0x70f1becc90
240	9962566	0x16ec10	0x47	0x74a72954d0	0x74a72954d0	0x16ec10	[libmetasec_ml.so] 0x70f1bd254c!0x15454c blr x8; x8=0x70f1becc10
241	9971324	0x16f374	0x24	0x74a7295f20	0x74a7295f20	0x16f374	[libmetasec_ml.so] 0x70f1bd254c!0x15454c blr x8; x8=0x70f1bed374
242	9979054	0x170110	0x66	0x74a7294440	0x74a7294440	0x170110	[libmetasec_ml.so] 0x70f1bd254c!0x15454c blr x8; x8=0x70f1bee110
243	9987183	0x16ec54	0x48	0x74a7294da0	0x74a7294da0	0x16ec54	[libmetasec_ml.so] 0x70f1bd254c!0x15454c blr x8; x8=0x70f1becc54
244	9995104	0x16eda0	0x7	0x74a7297870	0x74a7297870	0x16eda0	[libmetasec_ml.so] 0x70f1bd254c!0x15454c blr x8; x8=0x70f1becda0
245	10009556	0x16f3f0	0x27	0x74a7294f30	0x74a7294f30	0x16f3f0	[libmetasec_ml.so] 0x70f1bd254c!0x15454c blr x8; x8=0x70f1bed3f0
246	10017952	0x16ecf0	0xc	0x74a72968d0	0x74a72968d0	0x16ecf0	[libmetasec_ml.so] 0x70f1bd254c!0x15454c blr x8; x8=0x70f1beccf0
247	10027070	0x1700d4	0x5d	0x74a7293fe0	0x74a7293fe0	0x1700d4	[libmetasec_ml.so] 0x70f1bd254c!0x15454c blr x8; x8=0x70f1bee0d4
248	10035583	0x16ecf0	0xc	0x74a72968d0	0x74a72968d0	0x16ecf0	[libmetasec_ml.so] 0x70f1bd254c!0x15454c blr x8; x8=0x70f1beccf0
249	10049518	0x16f338	0x23	0x74a72962e0	0x74a72962e0	0x16f338	[libmetasec_ml.so] 0x70f1bd254c!0x15454c blr x8; x8=0x70f1bed338
250	10057839	0x16ecf0	0xc	0x74a72968d0	0x74a72968d0	0x16ecf0	[libmetasec_ml.so] 0x70f1bd254c!0x15454c blr x8; x8=0x70f1beccf0
251	10629135	0x16f374	0x24	0x74a7295f20	0x74a7295f20	0x16f374	[libmetasec_ml.so] 0x70f1bd254c!0x15454c blr x8; x8=0x70f1bed374
252	10639405	0x16f1c8	0x1e	0x74a7296470	0x74a7296470	0x16f1c8	[libmetasec_ml.so] 0x70f1bd254c!0x15454c blr x8; x8=0x70f1bed1c8
253	10648636	0x16ec90	0x36	0x74a7295480	0x74a7295480	0x16ec90	[libmetasec_ml.so] 0x70f1bd254c!0x15454c blr x8; x8=0x70f1becc90
254	10658401	0x16ec90	0x36	0x74a7295480	0x74a7295480	0x16ec90	[libmetasec_ml.so] 0x70f1bd254c!0x15454c blr x8; x8=0x70f1becc90
255	10668503	0x16ec90	0x36	0x74a7295480	0x74a7295480	0x16ec90	[libmetasec_ml.so] 0x70f1bd254c!0x15454c blr x8; x8=0x70f1becc90
256	10678599	0x16ec90	0x36	0x74a7295480	0x74a7295480	0x16ec90	[libmetasec_ml.so] 0x70f1bd254c!0x15454c blr x8; x8=0x70f1becc90
257	10689135	0x16ec90	0x36	0x74a7295480	0x74a7295480	0x16ec90	[libmetasec_ml.so] 0x70f1bd254c!0x15454c blr x8; x8=0x70f1becc90
258	10699681	0x16ec90	0x36	0x74a7295480	0x74a7295480	0x16ec90	[libmetasec_ml.so] 0x70f1bd254c!0x15454c blr x8; x8=0x70f1becc90
259	10712834	0x16f544	0x2b	0x74a7295ca0	0x74a7295ca0	0x16f544	[libmetasec_ml.so] 0x70f1bd254c!0x15454c blr x8; x8=0x70f1bed544
260	10727936	0x16f338	0x23	0x74a72962e0	0x74a72962e0	0x16f338	[libmetasec_ml.so] 0x70f1bd254c!0x15454c blr x8; x8=0x70f1bed338
261	10736314	0x16ecf0	0xc	0x74a72968d0	0x74a72968d0	0x16ecf0	[libmetasec_ml.so] 0x70f1bd254c!0x15454c blr x8; x8=0x70f1beccf0
262	10747655	0x16f2ec	0x20	0x74a72963d0	0x74a72963d0	0x16f2ec	[libmetasec_ml.so] 0x70f1bd254c!0x15454c blr x8; x8=0x70f1bed2ec
263	10757133	0x16f57c	0x2c	0x74a72953e0	0x74a72953e0	0x16f57c	[libmetasec_ml.so] 0x70f1bd254c!0x15454c blr x8; x8=0x70f1bed57c
264	10767297	0x170128	0x2e	0x74a7294ee0	0x74a7294ee0	0x170128	[libmetasec_ml.so] 0x70f1bd254c!0x15454c blr x8; x8=0x70f1bee128
265	10776785	0x16f5c8	0x2d	0x74a72952f0	0x74a72952f0	0x16f5c8	[libmetasec_ml.so] 0x70f1bd254c!0x15454c blr x8; x8=0x70f1bed5c8
266	10786340	0x170128	0x2e	0x74a7294ee0	0x74a7294ee0	0x170128	[libmetasec_ml.so] 0x70f1bd254c!0x15454c blr x8; x8=0x70f1bee128
267	10814099	0x16eda0	0x7	0x74a7297870	0x74a7297870	0x16eda0	[libmetasec_ml.so] 0x70f1bd254c!0x15454c blr x8; x8=0x70f1becda0
268	10822390	0x16eda0	0x7	0x74a7297870	0x74a7297870	0x16eda0	[libmetasec_ml.so] 0x70f1bd254c!0x15454c blr x8; x8=0x70f1becda0
269	10830682	0x16eda0	0x7	0x74a7297870	0x74a7297870	0x16eda0	[libmetasec_ml.so] 0x70f1bd254c!0x15454c blr x8; x8=0x70f1becda0
270	10838967	0x16eda0	0x7	0x74a7297870	0x74a7297870	0x16eda0	[libmetasec_ml.so] 0x70f1bd254c!0x15454c blr x8; x8=0x70f1becda0
271	10847259	0x16eda0	0x7	0x74a7297870	0x74a7297870	0x16eda0	[libmetasec_ml.so] 0x70f1bd254c!0x15454c blr x8; x8=0x70f1becda0
272	10855545	0x16eda0	0x7	0x74a7297870	0x74a7297870	0x16eda0	[libmetasec_ml.so] 0x70f1bd254c!0x15454c blr x8; x8=0x70f1becda0
273	10863848	0x16eda0	0x7	0x74a7297870	0x74a7297870	0x16eda0	[libmetasec_ml.so] 0x70f1bd254c!0x15454c blr x8; x8=0x70f1becda0
274	10872131	0x16eda0	0x7	0x74a7297870	0x74a7297870	0x16eda0	[libmetasec_ml.so] 0x70f1bd254c!0x15454c blr x8; x8=0x70f1becda0
275	10880433	0x16eda0	0x7	0x74a7297870	0x74a7297870	0x16eda0	[libmetasec_ml.so] 0x70f1bd254c!0x15454c blr x8; x8=0x70f1becda0
276	10888715	0x16eda0	0x7	0x74a7297870	0x74a7297870	0x16eda0	[libmetasec_ml.so] 0x70f1bd254c!0x15454c blr x8; x8=0x70f1becda0
277	10897001	0x16eda0	0x7	0x74a7297870	0x74a7297870	0x16eda0	[libmetasec_ml.so] 0x70f1bd254c!0x15454c blr x8; x8=0x70f1becda0
278	10905286	0x16eda0	0x7	0x74a7297870	0x74a7297870	0x16eda0	[libmetasec_ml.so] 0x70f1bd254c!0x15454c blr x8; x8=0x70f1becda0
279	10913568	0x16eda0	0x7	0x74a7297870	0x74a7297870	0x16eda0	[libmetasec_ml.so] 0x70f1bd254c!0x15454c blr x8; x8=0x70f1becda0
280	10921851	0x16f738	0x37	0x74a7295110	0x74a7295110	0x16f738	[libmetasec_ml.so] 0x70f1bd254c!0x15454c blr x8; x8=0x70f1bed738
281	10935322	0x16ee94	0xd	0x74a7296330	0x74a7296330	0x16ee94	[libmetasec_ml.so] 0x70f1bd254c!0x15454c blr x8; x8=0x70f1bece94
282	10936193	0x16edf4	0x9	0x74a7297820	0x74a7297820	0x16edf4	[libmetasec_ml.so] 0x70f1bd254c!0x15454c blr x8; x8=0x70f1becdf4
283	10937045	0x16f338	0x23	0x74a72962e0	0x74a72962e0	0x16f338	[libmetasec_ml.so] 0x70f1bd254c!0x15454c blr x8; x8=0x70f1bed338
284	10937487	0x16ecf0	0xc	0x74a72968d0	0x74a72968d0	0x16ecf0	[libmetasec_ml.so] 0x70f1bd254c!0x15454c blr x8; x8=0x70f1beccf0
285	10938126	0x16ec3c	0x4	0x74a7297d70	0x74a7297d70	0x16ec3c	[libmetasec_ml.so] 0x70f1bd254c!0x15454c blr x8; x8=0x70f1becc3c
286	10939293	0x1701d8	0x31	0x74a7295340	0x74a7295340	0x1701d8	[libmetasec_ml.so] 0x70f1bd254c!0x15454c blr x8; x8=0x70f1bee1d8
287	10941073	0x16f374	0x24	0x74a7295f20	0x74a7295f20	0x16f374	[libmetasec_ml.so] 0x70f1bd254c!0x15454c blr x8; x8=0x70f1bed374
288	10941986	0x16f14c	0x1c	0x74a7296740	0x74a7296740	0x16f14c	[libmetasec_ml.so] 0x70f1bd254c!0x15454c blr x8; x8=0x70f1bed14c
289	10943047	0x16f0fc	0x1b	0x74a7296380	0x74a7296380	0x16f0fc	[libmetasec_ml.so] 0x70f1bd254c!0x15454c blr x8; x8=0x70f1bed0fc
290	10947668	0x16f338	0x23	0x74a72962e0	0x74a72962e0	0x16f338	[libmetasec_ml.so] 0x70f1bd254c!0x15454c blr x8; x8=0x70f1bed338
291	10948110	0x16ecf0	0xc	0x74a72968d0	0x74a72968d0	0x16ecf0	[libmetasec_ml.so] 0x70f1bd254c!0x15454c blr x8; x8=0x70f1beccf0
292	10948663	0x16eda0	0x7	0x74a7297870	0x74a7297870	0x16eda0	[libmetasec_ml.so] 0x70f1bd254c!0x15454c blr x8; x8=0x70f1becda0
293	10949076	0x16eda0	0x7	0x74a7297870	0x74a7297870	0x16eda0	[libmetasec_ml.so] 0x70f1bd254c!0x15454c blr x8; x8=0x70f1becda0
294	10949945	0x16f374	0x24	0x74a7295f20	0x74a7295f20	0x16f374	[libmetasec_ml.so] 0x70f1bd254c!0x15454c blr x8; x8=0x70f1bed374
295	10950548	0x16ec3c	0x4	0x74a7297d70	0x74a7297d70	0x16ec3c	[libmetasec_ml.so] 0x70f1bd254c!0x15454c blr x8; x8=0x70f1becc3c
296	10951271	0x16f660	0x32	0x74a7294df0	0x74a7294df0	0x16f660	[libmetasec_ml.so] 0x70f1bd254c!0x15454c blr x8; x8=0x70f1bed660
297	11057564	0x16f6b0	0x33	0x74a7295840	0x74a7295840	0x16f6b0	[libmetasec_ml.so] 0x70f1bd254c!0x15454c blr x8; x8=0x70f1bed6b0
298	11058439	0x16f544	0x2b	0x74a7295ca0	0x74a7295ca0	0x16f544	[libmetasec_ml.so] 0x70f1bd254c!0x15454c blr x8; x8=0x70f1bed544
299	11059869	0x16f338	0x23	0x74a72962e0	0x74a72962e0	0x16f338	[libmetasec_ml.so] 0x70f1bd254c!0x15454c blr x8; x8=0x70f1bed338
300	11060311	0x16ecf0	0xc	0x74a72968d0	0x74a72968d0	0x16ecf0	[libmetasec_ml.so] 0x70f1bd254c!0x15454c blr x8; x8=0x70f1beccf0
301	11063266	0x16f614	0x2f	0x74a72951b0	0x74a72951b0	0x16f614	[libmetasec_ml.so] 0x70f1bd254c!0x15454c blr x8; x8=0x70f1bed614
302	11064531	0x16f084	0x19	0x74a7295e80	0x74a7295e80	0x16f084	[libmetasec_ml.so] 0x70f1bd254c!0x15454c blr x8; x8=0x70f1bed084
303	11066044	0x170128	0x2e	0x74a7294ee0	0x74a7294ee0	0x170128	[libmetasec_ml.so] 0x70f1bd254c!0x15454c blr x8; x8=0x70f1bee128
304	11067351	0x16f2ec	0x20	0x74a72963d0	0x74a72963d0	0x16f2ec	[libmetasec_ml.so] 0x70f1bd254c!0x15454c blr x8; x8=0x70f1bed2ec
305	11068654	0x170128	0x2e	0x74a7294ee0	0x74a7294ee0	0x170128	[libmetasec_ml.so] 0x70f1bd254c!0x15454c blr x8; x8=0x70f1bee128
306	11070615	0x16eda0	0x7	0x74a7297870	0x74a7297870	0x16eda0	[libmetasec_ml.so] 0x70f1bd254c!0x15454c blr x8; x8=0x70f1becda0
307	11071028	0x16eda0	0x7	0x74a7297870	0x74a7297870	0x16eda0	[libmetasec_ml.so] 0x70f1bd254c!0x15454c blr x8; x8=0x70f1becda0
308	11071441	0x16eda0	0x7	0x74a7297870	0x74a7297870	0x16eda0	[libmetasec_ml.so] 0x70f1bd254c!0x15454c blr x8; x8=0x70f1becda0
309	11071856	0x16eda0	0x7	0x74a7297870	0x74a7297870	0x16eda0	[libmetasec_ml.so] 0x70f1bd254c!0x15454c blr x8; x8=0x70f1becda0
310	11072270	0x16eda0	0x7	0x74a7297870	0x74a7297870	0x16eda0	[libmetasec_ml.so] 0x70f1bd254c!0x15454c blr x8; x8=0x70f1becda0
311	11072678	0x16eda0	0x7	0x74a7297870	0x74a7297870	0x16eda0	[libmetasec_ml.so] 0x70f1bd254c!0x15454c blr x8; x8=0x70f1becda0
