idx	blr_target_rel	x8	raw
1	0x16f6fc	0x70f1bed6fc	[libmetasec_ml.so] 0x70f1bd254c!0x15454c blr x8; x8=0x70f1bed6fc
2	0x16f714	0x70f1bed714	[libmetasec_ml.so] 0x70f1bd254c!0x15454c blr x8; x8=0x70f1bed714
3	0x162ab0	0x70f1be0ab0	[libmetasec_ml.so] 0x70f1bd254c!0x15454c blr x8; x8=0x70f1be0ab0
4	0x16f998	0x70f1bed998	[libmetasec_ml.so] 0x70f1bd254c!0x15454c blr x8; x8=0x70f1bed998
5	0x16f374	0x70f1bed374	[libmetasec_ml.so] 0x70f1bd254c!0x15454c blr x8; x8=0x70f1bed374
6	0x16ed54	0x70f1becd54	[libmetasec_ml.so] 0x70f1bd254c!0x15454c blr x8; x8=0x70f1becd54
7	0x16eda0	0x70f1becda0	[libmetasec_ml.so] 0x70f1bd254c!0x15454c blr x8; x8=0x70f1becda0
8	0x16f1c8	0x70f1bed1c8	[libmetasec_ml.so] 0x70f1bd254c!0x15454c blr x8; x8=0x70f1bed1c8
9	0x16ec90	0x70f1becc90	[libmetasec_ml.so] 0x70f1bd254c!0x15454c blr x8; x8=0x70f1becc90
10	0x16ec90	0x70f1becc90	[libmetasec_ml.so] 0x70f1bd254c!0x15454c blr x8; x8=0x70f1becc90
11	0x16ec90	0x70f1becc90	[libmetasec_ml.so] 0x70f1bd254c!0x15454c blr x8; x8=0x70f1becc90
12	0x16fa34	0x70f1beda34	[libmetasec_ml.so] 0x70f1bd254c!0x15454c blr x8; x8=0x70f1beda34
13	0x16fa60	0x70f1beda60	[libmetasec_ml.so] 0x70f1bd254c!0x15454c blr x8; x8=0x70f1beda60
14	0x1527cc	0x70f1bd07cc	[libmetasec_ml.so] 0x70f1bd254c!0x15454c blr x8; x8=0x70f1bd07cc
15	0x162b38	0x70f1be0b38	[libmetasec_ml.so] 0x70f1bd254c!0x15454c blr x8; x8=0x70f1be0b38
16	0x162ab0	0x70f1be0ab0	[libmetasec_ml.so] 0x70f1bd254c!0x15454c blr x8; x8=0x70f1be0ab0
17	0x162b38	0x70f1be0b38	[libmetasec_ml.so] 0x70f1bd254c!0x15454c blr x8; x8=0x70f1be0b38
18	0x162b38	0x70f1be0b38	[libmetasec_ml.so] 0x70f1bd254c!0x15454c blr x8; x8=0x70f1be0b38
19	0x15281c	0x70f1bd081c	[libmetasec_ml.so] 0x70f1bd254c!0x15454c blr x8; x8=0x70f1bd081c
20	0x152840	0x70f1bd0840	[libmetasec_ml.so] 0x70f1bd254c!0x15454c blr x8; x8=0x70f1bd0840
21	0x152864	0x70f1bd0864	[libmetasec_ml.so] 0x70f1bd254c!0x15454c blr x8; x8=0x70f1bd0864
22	0x15294c	0x70f1bd094c	[libmetasec_ml.so] 0x70f1bd254c!0x15454c blr x8; x8=0x70f1bd094c
23	0x1529ac	0x70f1bd09ac	[libmetasec_ml.so] 0x70f1bd254c!0x15454c blr x8; x8=0x70f1bd09ac
24	0x152888	0x70f1bd0888	[libmetasec_ml.so] 0x70f1bd254c!0x15454c blr x8; x8=0x70f1bd0888
25	0x1528f8	0x70f1bd08f8	[libmetasec_ml.so] 0x70f1bd254c!0x15454c blr x8; x8=0x70f1bd08f8
26	0x1528ac	0x70f1bd08ac	[libmetasec_ml.so] 0x70f1bd254c!0x15454c blr x8; x8=0x70f1bd08ac
27	0x152934	0x70f1bd0934	[libmetasec_ml.so] 0x70f1bd254c!0x15454c blr x8; x8=0x70f1bd0934
28	0x16ed54	0x70f1becd54	[libmetasec_ml.so] 0x70f1bd254c!0x15454c blr x8; x8=0x70f1becd54
29	0x16eda0	0x70f1becda0	[libmetasec_ml.so] 0x70f1bd254c!0x15454c blr x8; x8=0x70f1becda0
30	0x16eda0	0x70f1becda0	[libmetasec_ml.so] 0x70f1bd254c!0x15454c blr x8; x8=0x70f1becda0
31	0x16edb8	0x70f1becdb8	[libmetasec_ml.so] 0x70f1bd254c!0x15454c blr x8; x8=0x70f1becdb8
32	0x16edf4	0x70f1becdf4	[libmetasec_ml.so] 0x70f1bd254c!0x15454c blr x8; x8=0x70f1becdf4
33	0x16ee58	0x70f1bece58	[libmetasec_ml.so] 0x70f1bd254c!0x15454c blr x8; x8=0x70f1bece58
34	0x16ee2c	0x70f1bece2c	[libmetasec_ml.so] 0x70f1bd254c!0x15454c blr x8; x8=0x70f1bece2c
35	0x16ecf0	0x70f1beccf0	[libmetasec_ml.so] 0x70f1bd254c!0x15454c blr x8; x8=0x70f1beccf0
36	0x16ed54	0x70f1becd54	[libmetasec_ml.so] 0x70f1bd254c!0x15454c blr x8; x8=0x70f1becd54
37	0x16ee94	0x70f1bece94	[libmetasec_ml.so] 0x70f1bd254c!0x15454c blr x8; x8=0x70f1bece94
38	0x16eeb8	0x70f1beceb8	[libmetasec_ml.so] 0x70f1bd254c!0x15454c blr x8; x8=0x70f1beceb8
39	0x16eef0	0x70f1becef0	[libmetasec_ml.so] 0x70f1bd254c!0x15454c blr x8; x8=0x70f1becef0
40	0x16ef28	0x70f1becf28	[libmetasec_ml.so] 0x70f1bd254c!0x15454c blr x8; x8=0x70f1becf28
41	0x16facc	0x70f1bedacc	[libmetasec_ml.so] 0x70f1bd254c!0x15454c blr x8; x8=0x70f1bedacc
42	0x16edb8	0x70f1becdb8	[libmetasec_ml.so] 0x70f1bd254c!0x15454c blr x8; x8=0x70f1becdb8
43	0x16ee58	0x70f1bece58	[libmetasec_ml.so] 0x70f1bd254c!0x15454c blr x8; x8=0x70f1bece58
44	0x16ee2c	0x70f1bece2c	[libmetasec_ml.so] 0x70f1bd254c!0x15454c blr x8; x8=0x70f1bece2c
45	0x16ecf0	0x70f1beccf0	[libmetasec_ml.so] 0x70f1bd254c!0x15454c blr x8; x8=0x70f1beccf0
46	0x16ed54	0x70f1becd54	[libmetasec_ml.so] 0x70f1bd254c!0x15454c blr x8; x8=0x70f1becd54
47	0x16f9f8	0x70f1bed9f8	[libmetasec_ml.so] 0x70f1bd254c!0x15454c blr x8; x8=0x70f1bed9f8
48	0x16ef60	0x70f1becf60	[libmetasec_ml.so] 0x70f1bd254c!0x15454c blr x8; x8=0x70f1becf60
49	0x16ef98	0x70f1becf98	[libmetasec_ml.so] 0x70f1bd254c!0x15454c blr x8; x8=0x70f1becf98
50	0x16efb0	0x70f1becfb0	[libmetasec_ml.so] 0x70f1bd254c!0x15454c blr x8; x8=0x70f1becfb0
51	0x16efcc	0x70f1becfcc	[libmetasec_ml.so] 0x70f1bd254c!0x15454c blr x8; x8=0x70f1becfcc
52	0x16eff0	0x70f1becff0	[libmetasec_ml.so] 0x70f1bd254c!0x15454c blr x8; x8=0x70f1becff0
53	0x162ab0	0x70f1be0ab0	[libmetasec_ml.so] 0x70f1bd254c!0x15454c blr x8; x8=0x70f1be0ab0
54	0x16f014	0x70f1bed014	[libmetasec_ml.so] 0x70f1bd254c!0x15454c blr x8; x8=0x70f1bed014
55	0x16edb8	0x70f1becdb8	[libmetasec_ml.so] 0x70f1bd254c!0x15454c blr x8; x8=0x70f1becdb8
56	0x16f038	0x70f1bed038	[libmetasec_ml.so] 0x70f1bd254c!0x15454c blr x8; x8=0x70f1bed038
57	0x16eda0	0x70f1becda0	[libmetasec_ml.so] 0x70f1bd254c!0x15454c blr x8; x8=0x70f1becda0
58	0x16f014	0x70f1bed014	[libmetasec_ml.so] 0x70f1bd254c!0x15454c blr x8; x8=0x70f1bed014
59	0x16edb8	0x70f1becdb8	[libmetasec_ml.so] 0x70f1bd254c!0x15454c blr x8; x8=0x70f1becdb8
60	0x16f038	0x70f1bed038	[libmetasec_ml.so] 0x70f1bd254c!0x15454c blr x8; x8=0x70f1bed038
61	0x16eda0	0x70f1becda0	[libmetasec_ml.so] 0x70f1bd254c!0x15454c blr x8; x8=0x70f1becda0
62	0x16f014	0x70f1bed014	[libmetasec_ml.so] 0x70f1bd254c!0x15454c blr x8; x8=0x70f1bed014
63	0x16edb8	0x70f1becdb8	[libmetasec_ml.so] 0x70f1bd254c!0x15454c blr x8; x8=0x70f1becdb8
64	0x16f038	0x70f1bed038	[libmetasec_ml.so] 0x70f1bd254c!0x15454c blr x8; x8=0x70f1bed038
65	0x16eda0	0x70f1becda0	[libmetasec_ml.so] 0x70f1bd254c!0x15454c blr x8; x8=0x70f1becda0
66	0x16f014	0x70f1bed014	[libmetasec_ml.so] 0x70f1bd254c!0x15454c blr x8; x8=0x70f1bed014
67	0x16edb8	0x70f1becdb8	[libmetasec_ml.so] 0x70f1bd254c!0x15454c blr x8; x8=0x70f1becdb8
68	0x16f038	0x70f1bed038	[libmetasec_ml.so] 0x70f1bd254c!0x15454c blr x8; x8=0x70f1bed038
69	0x16eda0	0x70f1becda0	[libmetasec_ml.so] 0x70f1bd254c!0x15454c blr x8; x8=0x70f1becda0
70	0x16f014	0x70f1bed014	[libmetasec_ml.so] 0x70f1bd254c!0x15454c blr x8; x8=0x70f1bed014
71	0x16edb8	0x70f1becdb8	[libmetasec_ml.so] 0x70f1bd254c!0x15454c blr x8; x8=0x70f1becdb8
72	0x16f038	0x70f1bed038	[libmetasec_ml.so] 0x70f1bd254c!0x15454c blr x8; x8=0x70f1bed038
73	0x16eda0	0x70f1becda0	[libmetasec_ml.so] 0x70f1bd254c!0x15454c blr x8; x8=0x70f1becda0
74	0x162ab0	0x70f1be0ab0	[libmetasec_ml.so] 0x70f1bd254c!0x15454c blr x8; x8=0x70f1be0ab0
75	0x16f014	0x70f1bed014	[libmetasec_ml.so] 0x70f1bd254c!0x15454c blr x8; x8=0x70f1bed014
76	0x16edb8	0x70f1becdb8	[libmetasec_ml.so] 0x70f1bd254c!0x15454c blr x8; x8=0x70f1becdb8
77	0x16f038	0x70f1bed038	[libmetasec_ml.so] 0x70f1bd254c!0x15454c blr x8; x8=0x70f1bed038
78	0x16eda0	0x70f1becda0	[libmetasec_ml.so] 0x70f1bd254c!0x15454c blr x8; x8=0x70f1becda0
79	0x16f014	0x70f1bed014	[libmetasec_ml.so] 0x70f1bd254c!0x15454c blr x8; x8=0x70f1bed014
80	0x16edb8	0x70f1becdb8	[libmetasec_ml.so] 0x70f1bd254c!0x15454c blr x8; x8=0x70f1becdb8
81	0x16f038	0x70f1bed038	[libmetasec_ml.so] 0x70f1bd254c!0x15454c blr x8; x8=0x70f1bed038
82	0x16eda0	0x70f1becda0	[libmetasec_ml.so] 0x70f1bd254c!0x15454c blr x8; x8=0x70f1becda0
83	0x16f014	0x70f1bed014	[libmetasec_ml.so] 0x70f1bd254c!0x15454c blr x8; x8=0x70f1bed014
84	0x16edb8	0x70f1becdb8	[libmetasec_ml.so] 0x70f1bd254c!0x15454c blr x8; x8=0x70f1becdb8
85	0x16f038	0x70f1bed038	[libmetasec_ml.so] 0x70f1bd254c!0x15454c blr x8; x8=0x70f1bed038
86	0x16eda0	0x70f1becda0	[libmetasec_ml.so] 0x70f1bd254c!0x15454c blr x8; x8=0x70f1becda0
87	0x16f014	0x70f1bed014	[libmetasec_ml.so] 0x70f1bd254c!0x15454c blr x8; x8=0x70f1bed014
88	0x16edb8	0x70f1becdb8	[libmetasec_ml.so] 0x70f1bd254c!0x15454c blr x8; x8=0x70f1becdb8
89	0x16f038	0x70f1bed038	[libmetasec_ml.so] 0x70f1bd254c!0x15454c blr x8; x8=0x70f1bed038
90	0x16eda0	0x70f1becda0	[libmetasec_ml.so] 0x70f1bd254c!0x15454c blr x8; x8=0x70f1becda0
91	0x16f014	0x70f1bed014	[libmetasec_ml.so] 0x70f1bd254c!0x15454c blr x8; x8=0x70f1bed014
92	0x16edb8	0x70f1becdb8	[libmetasec_ml.so] 0x70f1bd254c!0x15454c blr x8; x8=0x70f1becdb8
93	0x16f038	0x70f1bed038	[libmetasec_ml.so] 0x70f1bd254c!0x15454c blr x8; x8=0x70f1bed038
94	0x16eda0	0x70f1becda0	[libmetasec_ml.so] 0x70f1bd254c!0x15454c blr x8; x8=0x70f1becda0
95	0x16faf8	0x70f1bedaf8	[libmetasec_ml.so] 0x70f1bd254c!0x15454c blr x8; x8=0x70f1bedaf8
96	0x16f014	0x70f1bed014	[libmetasec_ml.so] 0x70f1bd254c!0x15454c blr x8; x8=0x70f1bed014
97	0x16edb8	0x70f1becdb8	[libmetasec_ml.so] 0x70f1bd254c!0x15454c blr x8; x8=0x70f1becdb8
98	0x16f038	0x70f1bed038	[libmetasec_ml.so] 0x70f1bd254c!0x15454c blr x8; x8=0x70f1bed038
99	0x16eda0	0x70f1becda0	[libmetasec_ml.so] 0x70f1bd254c!0x15454c blr x8; x8=0x70f1becda0
100	0x16fb1c	0x70f1bedb1c	[libmetasec_ml.so] 0x70f1bd254c!0x15454c blr x8; x8=0x70f1bedb1c
101	0x16ecf0	0x70f1beccf0	[libmetasec_ml.so] 0x70f1bd254c!0x15454c blr x8; x8=0x70f1beccf0
102	0x16fb1c	0x70f1bedb1c	[libmetasec_ml.so] 0x70f1bd254c!0x15454c blr x8; x8=0x70f1bedb1c
103	0x16ecf0	0x70f1beccf0	[libmetasec_ml.so] 0x70f1bd254c!0x15454c blr x8; x8=0x70f1beccf0
104	0x16fb54	0x70f1bedb54	[libmetasec_ml.so] 0x70f1bd254c!0x15454c blr x8; x8=0x70f1bedb54
105	0x16fb78	0x70f1bedb78	[libmetasec_ml.so] 0x70f1bd254c!0x15454c blr x8; x8=0x70f1bedb78
106	0x16fb78	0x70f1bedb78	[libmetasec_ml.so] 0x70f1bd254c!0x15454c blr x8; x8=0x70f1bedb78
107	0x16ecf0	0x70f1beccf0	[libmetasec_ml.so] 0x70f1bd254c!0x15454c blr x8; x8=0x70f1beccf0
108	0x16ecf0	0x70f1beccf0	[libmetasec_ml.so] 0x70f1bd254c!0x15454c blr x8; x8=0x70f1beccf0
109	0x16fbb0	0x70f1bedbb0	[libmetasec_ml.so] 0x70f1bd254c!0x15454c blr x8; x8=0x70f1bedbb0
110	0x16fbd4	0x70f1bedbd4	[libmetasec_ml.so] 0x70f1bd254c!0x15454c blr x8; x8=0x70f1bedbd4
111	0x16fbf8	0x70f1bedbf8	[libmetasec_ml.so] 0x70f1bd254c!0x15454c blr x8; x8=0x70f1bedbf8
112	0x16fc1c	0x70f1bedc1c	[libmetasec_ml.so] 0x70f1bd254c!0x15454c blr x8; x8=0x70f1bedc1c
113	0x16f014	0x70f1bed014	[libmetasec_ml.so] 0x70f1bd254c!0x15454c blr x8; x8=0x70f1bed014
114	0x16edb8	0x70f1becdb8	[libmetasec_ml.so] 0x70f1bd254c!0x15454c blr x8; x8=0x70f1becdb8
115	0x16fc48	0x70f1bedc48	[libmetasec_ml.so] 0x70f1bd254c!0x15454c blr x8; x8=0x70f1bedc48
116	0x16eda0	0x70f1becda0	[libmetasec_ml.so] 0x70f1bd254c!0x15454c blr x8; x8=0x70f1becda0
117	0x16ec3c	0x70f1becc3c	[libmetasec_ml.so] 0x70f1bd254c!0x15454c blr x8; x8=0x70f1becc3c
118	0x16ec3c	0x70f1becc3c	[libmetasec_ml.so] 0x70f1bd254c!0x15454c blr x8; x8=0x70f1becc3c
119	0x16ec3c	0x70f1becc3c	[libmetasec_ml.so] 0x70f1bd254c!0x15454c blr x8; x8=0x70f1becc3c
120	0x16f0d0	0x70f1bed0d0	[libmetasec_ml.so] 0x70f1bd254c!0x15454c blr x8; x8=0x70f1bed0d0
121	0x16f014	0x70f1bed014	[libmetasec_ml.so] 0x70f1bd254c!0x15454c blr x8; x8=0x70f1bed014
122	0x16edb8	0x70f1becdb8	[libmetasec_ml.so] 0x70f1bd254c!0x15454c blr x8; x8=0x70f1becdb8
123	0x16f038	0x70f1bed038	[libmetasec_ml.so] 0x70f1bd254c!0x15454c blr x8; x8=0x70f1bed038
124	0x16eda0	0x70f1becda0	[libmetasec_ml.so] 0x70f1bd254c!0x15454c blr x8; x8=0x70f1becda0
125	0x16fce4	0x70f1bedce4	[libmetasec_ml.so] 0x70f1bd254c!0x15454c blr x8; x8=0x70f1bedce4
126	0x16ec10	0x70f1becc10	[libmetasec_ml.so] 0x70f1bd254c!0x15454c blr x8; x8=0x70f1becc10
127	0x16ec3c	0x70f1becc3c	[libmetasec_ml.so] 0x70f1bd254c!0x15454c blr x8; x8=0x70f1becc3c
128	0x16ec54	0x70f1becc54	[libmetasec_ml.so] 0x70f1bd254c!0x15454c blr x8; x8=0x70f1becc54
129	0x170188	0x70f1bee188	[libmetasec_ml.so] 0x70f1bd254c!0x15454c blr x8; x8=0x70f1bee188
130	0x16f14c	0x70f1bed14c	[libmetasec_ml.so] 0x70f1bd254c!0x15454c blr x8; x8=0x70f1bed14c
131	0x16f0fc	0x70f1bed0fc	[libmetasec_ml.so] 0x70f1bd254c!0x15454c blr x8; x8=0x70f1bed0fc
132	0x16fd00	0x70f1bedd00	[libmetasec_ml.so] 0x70f1bd254c!0x15454c blr x8; x8=0x70f1bedd00
133	0x16ecf0	0x70f1beccf0	[libmetasec_ml.so] 0x70f1bd254c!0x15454c blr x8; x8=0x70f1beccf0
134	0x16eda0	0x70f1becda0	[libmetasec_ml.so] 0x70f1bd254c!0x15454c blr x8; x8=0x70f1becda0
135	0x16fd2c	0x70f1bedd2c	[libmetasec_ml.so] 0x70f1bd254c!0x15454c blr x8; x8=0x70f1bedd2c
136	0x16fdc0	0x70f1beddc0	[libmetasec_ml.so] 0x70f1bd254c!0x15454c blr x8; x8=0x70f1beddc0
137	0x16fd64	0x70f1bedd64	[libmetasec_ml.so] 0x70f1bd254c!0x15454c blr x8; x8=0x70f1bedd64
138	0x16fde4	0x70f1bedde4	[libmetasec_ml.so] 0x70f1bd254c!0x15454c blr x8; x8=0x70f1bedde4
139	0x16fd64	0x70f1bedd64	[libmetasec_ml.so] 0x70f1bd254c!0x15454c blr x8; x8=0x70f1bedd64
140	0x16fe08	0x70f1bede08	[libmetasec_ml.so] 0x70f1bd254c!0x15454c blr x8; x8=0x70f1bede08
141	0x16fd64	0x70f1bedd64	[libmetasec_ml.so] 0x70f1bd254c!0x15454c blr x8; x8=0x70f1bedd64
142	0x16fe2c	0x70f1bede2c	[libmetasec_ml.so] 0x70f1bd254c!0x15454c blr x8; x8=0x70f1bede2c
143	0x16fd64	0x70f1bedd64	[libmetasec_ml.so] 0x70f1bd254c!0x15454c blr x8; x8=0x70f1bedd64
144	0x16fd64	0x70f1bedd64	[libmetasec_ml.so] 0x70f1bd254c!0x15454c blr x8; x8=0x70f1bedd64
145	0x16fd64	0x70f1bedd64	[libmetasec_ml.so] 0x70f1bd254c!0x15454c blr x8; x8=0x70f1bedd64
146	0x16fd00	0x70f1bedd00	[libmetasec_ml.so] 0x70f1bd254c!0x15454c blr x8; x8=0x70f1bedd00
147	0x16fd64	0x70f1bedd64	[libmetasec_ml.so] 0x70f1bd254c!0x15454c blr x8; x8=0x70f1bedd64
148	0x16f014	0x70f1bed014	[libmetasec_ml.so] 0x70f1bd254c!0x15454c blr x8; x8=0x70f1bed014
149	0x16edb8	0x70f1becdb8	[libmetasec_ml.so] 0x70f1bd254c!0x15454c blr x8; x8=0x70f1becdb8
150	0x16fe50	0x70f1bede50	[libmetasec_ml.so] 0x70f1bd254c!0x15454c blr x8; x8=0x70f1bede50
151	0x16eda0	0x70f1becda0	[libmetasec_ml.so] 0x70f1bd254c!0x15454c blr x8; x8=0x70f1becda0
152	0x16fea0	0x70f1bedea0	[libmetasec_ml.so] 0x70f1bd254c!0x15454c blr x8; x8=0x70f1bedea0
153	0x16eda0	0x70f1becda0	[libmetasec_ml.so] 0x70f1bd254c!0x15454c blr x8; x8=0x70f1becda0
154	0x16fd64	0x70f1bedd64	[libmetasec_ml.so] 0x70f1bd254c!0x15454c blr x8; x8=0x70f1bedd64
155	0x16f79c	0x70f1bed79c	[libmetasec_ml.so] 0x70f1bd254c!0x15454c blr x8; x8=0x70f1bed79c
156	0x16edb8	0x70f1becdb8	[libmetasec_ml.so] 0x70f1bd254c!0x15454c blr x8; x8=0x70f1becdb8
157	0x16ff00	0x70f1bedf00	[libmetasec_ml.so] 0x70f1bd254c!0x15454c blr x8; x8=0x70f1bedf00
158	0x16eda0	0x70f1becda0	[libmetasec_ml.so] 0x70f1bd254c!0x15454c blr x8; x8=0x70f1becda0
159	0x16eda0	0x70f1becda0	[libmetasec_ml.so] 0x70f1bd254c!0x15454c blr x8; x8=0x70f1becda0
160	0x16ff2c	0x70f1bedf2c	[libmetasec_ml.so] 0x70f1bd254c!0x15454c blr x8; x8=0x70f1bedf2c
161	0x16ff8c	0x70f1bedf8c	[libmetasec_ml.so] 0x70f1bd254c!0x15454c blr x8; x8=0x70f1bedf8c
162	0x1700a8	0x70f1bee0a8	[libmetasec_ml.so] 0x70f1bd254c!0x15454c blr x8; x8=0x70f1bee0a8
163	0x162ab0	0x70f1be0ab0	[libmetasec_ml.so] 0x70f1bd254c!0x15454c blr x8; x8=0x70f1be0ab0
164	0x162ab0	0x70f1be0ab0	[libmetasec_ml.so] 0x70f1bd254c!0x15454c blr x8; x8=0x70f1be0ab0
165	0x16ffc4	0x70f1bedfc4	[libmetasec_ml.so] 0x70f1bd254c!0x15454c blr x8; x8=0x70f1bedfc4
166	0x16ffe8	0x70f1bedfe8	[libmetasec_ml.so] 0x70f1bd254c!0x15454c blr x8; x8=0x70f1bedfe8
167	0x16ea70	0x70f1beca70	[libmetasec_ml.so] 0x70f1bd254c!0x15454c blr x8; x8=0x70f1beca70
168	0x170014	0x70f1bee014	[libmetasec_ml.so] 0x70f1bd254c!0x15454c blr x8; x8=0x70f1bee014
169	0x170060	0x70f1bee060	[libmetasec_ml.so] 0x70f1bd254c!0x15454c blr x8; x8=0x70f1bee060
170	0x16ecf0	0x70f1beccf0	[libmetasec_ml.so] 0x70f1bd254c!0x15454c blr x8; x8=0x70f1beccf0
171	0x170078	0x70f1bee078	[libmetasec_ml.so] 0x70f1bd254c!0x15454c blr x8; x8=0x70f1bee078
172	0x16ecf0	0x70f1beccf0	[libmetasec_ml.so] 0x70f1bd254c!0x15454c blr x8; x8=0x70f1beccf0
173	0x16ecf0	0x70f1beccf0	[libmetasec_ml.so] 0x70f1bd254c!0x15454c blr x8; x8=0x70f1beccf0
174	0x16eda0	0x70f1becda0	[libmetasec_ml.so] 0x70f1bd254c!0x15454c blr x8; x8=0x70f1becda0
175	0x16eda0	0x70f1becda0	[libmetasec_ml.so] 0x70f1bd254c!0x15454c blr x8; x8=0x70f1becda0
176	0x16eda0	0x70f1becda0	[libmetasec_ml.so] 0x70f1bd254c!0x15454c blr x8; x8=0x70f1becda0
177	0x16ecf0	0x70f1beccf0	[libmetasec_ml.so] 0x70f1bd254c!0x15454c blr x8; x8=0x70f1beccf0
178	0x16ecf0	0x70f1beccf0	[libmetasec_ml.so] 0x70f1bd254c!0x15454c blr x8; x8=0x70f1beccf0
179	0x16eda0	0x70f1becda0	[libmetasec_ml.so] 0x70f1bd254c!0x15454c blr x8; x8=0x70f1becda0
180	0x16ecf0	0x70f1beccf0	[libmetasec_ml.so] 0x70f1bd254c!0x15454c blr x8; x8=0x70f1beccf0
181	0x16ecf0	0x70f1beccf0	[libmetasec_ml.so] 0x70f1bd254c!0x15454c blr x8; x8=0x70f1beccf0
182	0x16ecf0	0x70f1beccf0	[libmetasec_ml.so] 0x70f1bd254c!0x15454c blr x8; x8=0x70f1beccf0
183	0x16ecf0	0x70f1beccf0	[libmetasec_ml.so] 0x70f1bd254c!0x15454c blr x8; x8=0x70f1beccf0
184	0x16eda0	0x70f1becda0	[libmetasec_ml.so] 0x70f1bd254c!0x15454c blr x8; x8=0x70f1becda0
185	0x16ee94	0x70f1bece94	[libmetasec_ml.so] 0x70f1bd254c!0x15454c blr x8; x8=0x70f1bece94
186	0x16f9f8	0x70f1bed9f8	[libmetasec_ml.so] 0x70f1bd254c!0x15454c blr x8; x8=0x70f1bed9f8
187	0x16f614	0x70f1bed614	[libmetasec_ml.so] 0x70f1bd254c!0x15454c blr x8; x8=0x70f1bed614
188	0x16edb8	0x70f1becdb8	[libmetasec_ml.so] 0x70f1bd254c!0x15454c blr x8; x8=0x70f1becdb8
189	0x16f29c	0x70f1bed29c	[libmetasec_ml.so] 0x70f1bd254c!0x15454c blr x8; x8=0x70f1bed29c
190	0x16f264	0x70f1bed264	[libmetasec_ml.so] 0x70f1bd254c!0x15454c blr x8; x8=0x70f1bed264
191	0x16f338	0x70f1bed338	[libmetasec_ml.so] 0x70f1bd254c!0x15454c blr x8; x8=0x70f1bed338
192	0x16ecf0	0x70f1beccf0	[libmetasec_ml.so] 0x70f1bd254c!0x15454c blr x8; x8=0x70f1beccf0
193	0x16ecf0	0x70f1beccf0	[libmetasec_ml.so] 0x70f1bd254c!0x15454c blr x8; x8=0x70f1beccf0
194	0x16eda0	0x70f1becda0	[libmetasec_ml.so] 0x70f1bd254c!0x15454c blr x8; x8=0x70f1becda0
195	0x16ef98	0x70f1becf98	[libmetasec_ml.so] 0x70f1bd254c!0x15454c blr x8; x8=0x70f1becf98
196	0x16f374	0x70f1bed374	[libmetasec_ml.so] 0x70f1bd254c!0x15454c blr x8; x8=0x70f1bed374
197	0x16f0fc	0x70f1bed0fc	[libmetasec_ml.so] 0x70f1bd254c!0x15454c blr x8; x8=0x70f1bed0fc
198	0x16f338	0x70f1bed338	[libmetasec_ml.so] 0x70f1bd254c!0x15454c blr x8; x8=0x70f1bed338
199	0x16ecf0	0x70f1beccf0	[libmetasec_ml.so] 0x70f1bd254c!0x15454c blr x8; x8=0x70f1beccf0
200	0x16eda0	0x70f1becda0	[libmetasec_ml.so] 0x70f1bd254c!0x15454c blr x8; x8=0x70f1becda0
201	0x16f374	0x70f1bed374	[libmetasec_ml.so] 0x70f1bd254c!0x15454c blr x8; x8=0x70f1bed374
202	0x16f0fc	0x70f1bed0fc	[libmetasec_ml.so] 0x70f1bd254c!0x15454c blr x8; x8=0x70f1bed0fc
203	0x16f338	0x70f1bed338	[libmetasec_ml.so] 0x70f1bd254c!0x15454c blr x8; x8=0x70f1bed338
204	0x16ecf0	0x70f1beccf0	[libmetasec_ml.so] 0x70f1bd254c!0x15454c blr x8; x8=0x70f1beccf0
205	0x16eda0	0x70f1becda0	[libmetasec_ml.so] 0x70f1bd254c!0x15454c blr x8; x8=0x70f1becda0
206	0x16f374	0x70f1bed374	[libmetasec_ml.so] 0x70f1bd254c!0x15454c blr x8; x8=0x70f1bed374
207	0x16f14c	0x70f1bed14c	[libmetasec_ml.so] 0x70f1bd254c!0x15454c blr x8; x8=0x70f1bed14c
208	0x16f14c	0x70f1bed14c	[libmetasec_ml.so] 0x70f1bd254c!0x15454c blr x8; x8=0x70f1bed14c
209	0x16f998	0x70f1bed998	[libmetasec_ml.so] 0x70f1bd254c!0x15454c blr x8; x8=0x70f1bed998
210	0x16f374	0x70f1bed374	[libmetasec_ml.so] 0x70f1bd254c!0x15454c blr x8; x8=0x70f1bed374
211	0x16eda0	0x70f1becda0	[libmetasec_ml.so] 0x70f1bd254c!0x15454c blr x8; x8=0x70f1becda0
212	0x16eda0	0x70f1becda0	[libmetasec_ml.so] 0x70f1bd254c!0x15454c blr x8; x8=0x70f1becda0
213	0x16eda0	0x70f1becda0	[libmetasec_ml.so] 0x70f1bd254c!0x15454c blr x8; x8=0x70f1becda0
214	0x16ec3c	0x70f1becc3c	[libmetasec_ml.so] 0x70f1bd254c!0x15454c blr x8; x8=0x70f1becc3c
215	0x16f3c4	0x70f1bed3c4	[libmetasec_ml.so] 0x70f1bd254c!0x15454c blr x8; x8=0x70f1bed3c4
216	0x16f3c4	0x70f1bed3c4	[libmetasec_ml.so] 0x70f1bd254c!0x15454c blr x8; x8=0x70f1bed3c4
217	0x16ec3c	0x70f1becc3c	[libmetasec_ml.so] 0x70f1bd254c!0x15454c blr x8; x8=0x70f1becc3c
218	0x16ea70	0x70f1beca70	[libmetasec_ml.so] 0x70f1bd254c!0x15454c blr x8; x8=0x70f1beca70
219	0x16eb40	0x70f1becb40	[libmetasec_ml.so] 0x70f1bd254c!0x15454c blr x8; x8=0x70f1becb40
220	0x16f14c	0x70f1bed14c	[libmetasec_ml.so] 0x70f1bd254c!0x15454c blr x8; x8=0x70f1bed14c
221	0x16ed54	0x70f1becd54	[libmetasec_ml.so] 0x70f1bd254c!0x15454c blr x8; x8=0x70f1becd54
222	0x16eda0	0x70f1becda0	[libmetasec_ml.so] 0x70f1bd254c!0x15454c blr x8; x8=0x70f1becda0
223	0x16eda0	0x70f1becda0	[libmetasec_ml.so] 0x70f1bd254c!0x15454c blr x8; x8=0x70f1becda0
224	0x16f1c8	0x70f1bed1c8	[libmetasec_ml.so] 0x70f1bd254c!0x15454c blr x8; x8=0x70f1bed1c8
225	0x16f3c4	0x70f1bed3c4	[libmetasec_ml.so] 0x70f1bd254c!0x15454c blr x8; x8=0x70f1bed3c4
226	0x16ee94	0x70f1bece94	[libmetasec_ml.so] 0x70f1bd254c!0x15454c blr x8; x8=0x70f1bece94
227	0x16f1c8	0x70f1bed1c8	[libmetasec_ml.so] 0x70f1bd254c!0x15454c blr x8; x8=0x70f1bed1c8
228	0x16ec90	0x70f1becc90	[libmetasec_ml.so] 0x70f1bd254c!0x15454c blr x8; x8=0x70f1becc90
229	0x16ec90	0x70f1becc90	[libmetasec_ml.so] 0x70f1bd254c!0x15454c blr x8; x8=0x70f1becc90
230	0x16f1c8	0x70f1bed1c8	[libmetasec_ml.so] 0x70f1bd254c!0x15454c blr x8; x8=0x70f1bed1c8
231	0x16ec90	0x70f1becc90	[libmetasec_ml.so] 0x70f1bd254c!0x15454c blr x8; x8=0x70f1becc90
232	0x16ec90	0x70f1becc90	[libmetasec_ml.so] 0x70f1bd254c!0x15454c blr x8; x8=0x70f1becc90
233	0x16ec90	0x70f1becc90	[libmetasec_ml.so] 0x70f1bd254c!0x15454c blr x8; x8=0x70f1becc90
234	0x16ec90	0x70f1becc90	[libmetasec_ml.so] 0x70f1bd254c!0x15454c blr x8; x8=0x70f1becc90
235	0x16f1c8	0x70f1bed1c8	[libmetasec_ml.so] 0x70f1bd254c!0x15454c blr x8; x8=0x70f1bed1c8
236	0x16f338	0x70f1bed338	[libmetasec_ml.so] 0x70f1bd254c!0x15454c blr x8; x8=0x70f1bed338
237	0x16ec90	0x70f1becc90	[libmetasec_ml.so] 0x70f1bd254c!0x15454c blr x8; x8=0x70f1becc90
238	0x16f96c	0x70f1bed96c	[libmetasec_ml.so] 0x70f1bd254c!0x15454c blr x8; x8=0x70f1bed96c
239	0x16ec90	0x70f1becc90	[libmetasec_ml.so] 0x70f1bd254c!0x15454c blr x8; x8=0x70f1becc90
240	0x16ec10	0x70f1becc10	[libmetasec_ml.so] 0x70f1bd254c!0x15454c blr x8; x8=0x70f1becc10
241	0x16f374	0x70f1bed374	[libmetasec_ml.so] 0x70f1bd254c!0x15454c blr x8; x8=0x70f1bed374
242	0x170110	0x70f1bee110	[libmetasec_ml.so] 0x70f1bd254c!0x15454c blr x8; x8=0x70f1bee110
243	0x16ec54	0x70f1becc54	[libmetasec_ml.so] 0x70f1bd254c!0x15454c blr x8; x8=0x70f1becc54
244	0x16eda0	0x70f1becda0	[libmetasec_ml.so] 0x70f1bd254c!0x15454c blr x8; x8=0x70f1becda0
245	0x16f3f0	0x70f1bed3f0	[libmetasec_ml.so] 0x70f1bd254c!0x15454c blr x8; x8=0x70f1bed3f0
246	0x16ecf0	0x70f1beccf0	[libmetasec_ml.so] 0x70f1bd254c!0x15454c blr x8; x8=0x70f1beccf0
247	0x1700d4	0x70f1bee0d4	[libmetasec_ml.so] 0x70f1bd254c!0x15454c blr x8; x8=0x70f1bee0d4
248	0x16ecf0	0x70f1beccf0	[libmetasec_ml.so] 0x70f1bd254c!0x15454c blr x8; x8=0x70f1beccf0
249	0x16f338	0x70f1bed338	[libmetasec_ml.so] 0x70f1bd254c!0x15454c blr x8; x8=0x70f1bed338
250	0x16ecf0	0x70f1beccf0	[libmetasec_ml.so] 0x70f1bd254c!0x15454c blr x8; x8=0x70f1beccf0
251	0x16f374	0x70f1bed374	[libmetasec_ml.so] 0x70f1bd254c!0x15454c blr x8; x8=0x70f1bed374
252	0x16f1c8	0x70f1bed1c8	[libmetasec_ml.so] 0x70f1bd254c!0x15454c blr x8; x8=0x70f1bed1c8
253	0x16ec90	0x70f1becc90	[libmetasec_ml.so] 0x70f1bd254c!0x15454c blr x8; x8=0x70f1becc90
254	0x16ec90	0x70f1becc90	[libmetasec_ml.so] 0x70f1bd254c!0x15454c blr x8; x8=0x70f1becc90
255	0x16ec90	0x70f1becc90	[libmetasec_ml.so] 0x70f1bd254c!0x15454c blr x8; x8=0x70f1becc90
256	0x16ec90	0x70f1becc90	[libmetasec_ml.so] 0x70f1bd254c!0x15454c blr x8; x8=0x70f1becc90
257	0x16ec90	0x70f1becc90	[libmetasec_ml.so] 0x70f1bd254c!0x15454c blr x8; x8=0x70f1becc90
258	0x16ec90	0x70f1becc90	[libmetasec_ml.so] 0x70f1bd254c!0x15454c blr x8; x8=0x70f1becc90
259	0x16f544	0x70f1bed544	[libmetasec_ml.so] 0x70f1bd254c!0x15454c blr x8; x8=0x70f1bed544
260	0x16f338	0x70f1bed338	[libmetasec_ml.so] 0x70f1bd254c!0x15454c blr x8; x8=0x70f1bed338
261	0x16ecf0	0x70f1beccf0	[libmetasec_ml.so] 0x70f1bd254c!0x15454c blr x8; x8=0x70f1beccf0
262	0x16f2ec	0x70f1bed2ec	[libmetasec_ml.so] 0x70f1bd254c!0x15454c blr x8; x8=0x70f1bed2ec
263	0x16f57c	0x70f1bed57c	[libmetasec_ml.so] 0x70f1bd254c!0x15454c blr x8; x8=0x70f1bed57c
264	0x170128	0x70f1bee128	[libmetasec_ml.so] 0x70f1bd254c!0x15454c blr x8; x8=0x70f1bee128
265	0x16f5c8	0x70f1bed5c8	[libmetasec_ml.so] 0x70f1bd254c!0x15454c blr x8; x8=0x70f1bed5c8
266	0x170128	0x70f1bee128	[libmetasec_ml.so] 0x70f1bd254c!0x15454c blr x8; x8=0x70f1bee128
267	0x16eda0	0x70f1becda0	[libmetasec_ml.so] 0x70f1bd254c!0x15454c blr x8; x8=0x70f1becda0
268	0x16eda0	0x70f1becda0	[libmetasec_ml.so] 0x70f1bd254c!0x15454c blr x8; x8=0x70f1becda0
269	0x16eda0	0x70f1becda0	[libmetasec_ml.so] 0x70f1bd254c!0x15454c blr x8; x8=0x70f1becda0
270	0x16eda0	0x70f1becda0	[libmetasec_ml.so] 0x70f1bd254c!0x15454c blr x8; x8=0x70f1becda0
271	0x16eda0	0x70f1becda0	[libmetasec_ml.so] 0x70f1bd254c!0x15454c blr x8; x8=0x70f1becda0
272	0x16eda0	0x70f1becda0	[libmetasec_ml.so] 0x70f1bd254c!0x15454c blr x8; x8=0x70f1becda0
273	0x16eda0	0x70f1becda0	[libmetasec_ml.so] 0x70f1bd254c!0x15454c blr x8; x8=0x70f1becda0
274	0x16eda0	0x70f1becda0	[libmetasec_ml.so] 0x70f1bd254c!0x15454c blr x8; x8=0x70f1becda0
275	0x16eda0	0x70f1becda0	[libmetasec_ml.so] 0x70f1bd254c!0x15454c blr x8; x8=0x70f1becda0
276	0x16eda0	0x70f1becda0	[libmetasec_ml.so] 0x70f1bd254c!0x15454c blr x8; x8=0x70f1becda0
277	0x16eda0	0x70f1becda0	[libmetasec_ml.so] 0x70f1bd254c!0x15454c blr x8; x8=0x70f1becda0
278	0x16eda0	0x70f1becda0	[libmetasec_ml.so] 0x70f1bd254c!0x15454c blr x8; x8=0x70f1becda0
279	0x16eda0	0x70f1becda0	[libmetasec_ml.so] 0x70f1bd254c!0x15454c blr x8; x8=0x70f1becda0
280	0x16f738	0x70f1bed738	[libmetasec_ml.so] 0x70f1bd254c!0x15454c blr x8; x8=0x70f1bed738
281	0x16ee94	0x70f1bece94	[libmetasec_ml.so] 0x70f1bd254c!0x15454c blr x8; x8=0x70f1bece94
282	0x16edf4	0x70f1becdf4	[libmetasec_ml.so] 0x70f1bd254c!0x15454c blr x8; x8=0x70f1becdf4
283	0x16f338	0x70f1bed338	[libmetasec_ml.so] 0x70f1bd254c!0x15454c blr x8; x8=0x70f1bed338
284	0x16ecf0	0x70f1beccf0	[libmetasec_ml.so] 0x70f1bd254c!0x15454c blr x8; x8=0x70f1beccf0
285	0x16ec3c	0x70f1becc3c	[libmetasec_ml.so] 0x70f1bd254c!0x15454c blr x8; x8=0x70f1becc3c
286	0x1701d8	0x70f1bee1d8	[libmetasec_ml.so] 0x70f1bd254c!0x15454c blr x8; x8=0x70f1bee1d8
287	0x16f374	0x70f1bed374	[libmetasec_ml.so] 0x70f1bd254c!0x15454c blr x8; x8=0x70f1bed374
288	0x16f14c	0x70f1bed14c	[libmetasec_ml.so] 0x70f1bd254c!0x15454c blr x8; x8=0x70f1bed14c
289	0x16f0fc	0x70f1bed0fc	[libmetasec_ml.so] 0x70f1bd254c!0x15454c blr x8; x8=0x70f1bed0fc
290	0x16f338	0x70f1bed338	[libmetasec_ml.so] 0x70f1bd254c!0x15454c blr x8; x8=0x70f1bed338
291	0x16ecf0	0x70f1beccf0	[libmetasec_ml.so] 0x70f1bd254c!0x15454c blr x8; x8=0x70f1beccf0
292	0x16eda0	0x70f1becda0	[libmetasec_ml.so] 0x70f1bd254c!0x15454c blr x8; x8=0x70f1becda0
293	0x16eda0	0x70f1becda0	[libmetasec_ml.so] 0x70f1bd254c!0x15454c blr x8; x8=0x70f1becda0
294	0x16f374	0x70f1bed374	[libmetasec_ml.so] 0x70f1bd254c!0x15454c blr x8; x8=0x70f1bed374
295	0x16ec3c	0x70f1becc3c	[libmetasec_ml.so] 0x70f1bd254c!0x15454c blr x8; x8=0x70f1becc3c
296	0x16f660	0x70f1bed660	[libmetasec_ml.so] 0x70f1bd254c!0x15454c blr x8; x8=0x70f1bed660
297	0x16f6b0	0x70f1bed6b0	[libmetasec_ml.so] 0x70f1bd254c!0x15454c blr x8; x8=0x70f1bed6b0
298	0x16f544	0x70f1bed544	[libmetasec_ml.so] 0x70f1bd254c!0x15454c blr x8; x8=0x70f1bed544
299	0x16f338	0x70f1bed338	[libmetasec_ml.so] 0x70f1bd254c!0x15454c blr x8; x8=0x70f1bed338
300	0x16ecf0	0x70f1beccf0	[libmetasec_ml.so] 0x70f1bd254c!0x15454c blr x8; x8=0x70f1beccf0
301	0x16f614	0x70f1bed614	[libmetasec_ml.so] 0x70f1bd254c!0x15454c blr x8; x8=0x70f1bed614
302	0x16f084	0x70f1bed084	[libmetasec_ml.so] 0x70f1bd254c!0x15454c blr x8; x8=0x70f1bed084
303	0x170128	0x70f1bee128	[libmetasec_ml.so] 0x70f1bd254c!0x15454c blr x8; x8=0x70f1bee128
304	0x16f2ec	0x70f1bed2ec	[libmetasec_ml.so] 0x70f1bd254c!0x15454c blr x8; x8=0x70f1bed2ec
305	0x170128	0x70f1bee128	[libmetasec_ml.so] 0x70f1bd254c!0x15454c blr x8; x8=0x70f1bee128
306	0x16eda0	0x70f1becda0	[libmetasec_ml.so] 0x70f1bd254c!0x15454c blr x8; x8=0x70f1becda0
307	0x16eda0	0x70f1becda0	[libmetasec_ml.so] 0x70f1bd254c!0x15454c blr x8; x8=0x70f1becda0
308	0x16eda0	0x70f1becda0	[libmetasec_ml.so] 0x70f1bd254c!0x15454c blr x8; x8=0x70f1becda0
309	0x16eda0	0x70f1becda0	[libmetasec_ml.so] 0x70f1bd254c!0x15454c blr x8; x8=0x70f1becda0
310	0x16eda0	0x70f1becda0	[libmetasec_ml.so] 0x70f1bd254c!0x15454c blr x8; x8=0x70f1becda0
311	0x16eda0	0x70f1becda0	[libmetasec_ml.so] 0x70f1bd254c!0x15454c blr x8; x8=0x70f1becda0
