idx	sample	blr_target_rel	x2	x3	slot2	raw
1	12	0x16f6fc	0x34	0x3	0x0	[350101][branch-probe] sample #012 managed_native_blr_15454c            pc=0x1215454c libmetasec_ml.so+0x15454c lr=0x15ab44 sp=0xe4ffe700 x0=0xe4ffe868 x1=0xe4ffe868 x2=0x34 x3=0x3 x4=0x121566a4 x8=0x1216f6fc blr_target=0x16f6fc frame_x19=0xe4ffe868 slot2=0x0
2	13	0x16f714	0x35	0x3	0x0	[350101][branch-probe] sample #013 managed_native_blr_15454c            pc=0x1215454c libmetasec_ml.so+0x15454c lr=0x15ab44 sp=0xe4ffe700 x0=0xe4ffe868 x1=0xe4ffe868 x2=0x35 x3=0x3 x4=0x121566a4 x8=0x1216f714 blr_target=0x16f714 frame_x19=0xe4ffe868 slot2=0x0
3	14	0x162ab0	0x3	0x3	0x12849f48	[350101][branch-probe] sample #014 managed_native_blr_15454c            pc=0x1215454c libmetasec_ml.so+0x15454c lr=0x15ab44 sp=0xe4ffe5f0 x0=0xe4ffe868 x1=0xe4ffe868 x2=0x3 x3=0x3 x4=0x121566a4 x8=0x12162ab0 blr_target=0x162ab0 frame_x19=0xe4ffe868 slot2=0x12849f48
4	15	0x16f998	0x30	0x3	0x12849f48	[350101][branch-probe] sample #015 managed_native_blr_15454c            pc=0x1215454c libmetasec_ml.so+0x15454c lr=0x15ab44 sp=0xe4ffe4e0 x0=0xe4ffe868 x1=0xe4ffe868 x2=0x30 x3=0x3 x4=0x121566a4 x8=0x1216f998 blr_target=0x16f998 frame_x19=0xe4ffe868 slot2=0x12849f48
5	16	0x16f374	0x24	0x3	0x0	[350101][branch-probe] sample #016 managed_native_blr_15454c            pc=0x1215454c libmetasec_ml.so+0x15454c lr=0x15ab44 sp=0xe4ffe4e0 x0=0xe4ffe868 x1=0xe4ffe868 x2=0x24 x3=0x3 x4=0x121566a4 x8=0x1216f374 blr_target=0x16f374 frame_x19=0xe4ffe868 slot2=0x0
6	17	0x16ed54	0x6	0x3	0x12849f48	[350101][branch-probe] sample #017 managed_native_blr_15454c            pc=0x1215454c libmetasec_ml.so+0x15454c lr=0x15ab44 sp=0xe4ffe5f0 x0=0xe4ffe868 x1=0xe4ffe868 x2=0x6 x3=0x3 x4=0x121566a4 x8=0x1216ed54 blr_target=0x16ed54 frame_x19=0xe4ffe868 slot2=0x12849f48
7	18	0x16eda0	0x7	0x3	0x12849f48	[350101][branch-probe] sample #018 managed_native_blr_15454c            pc=0x1215454c libmetasec_ml.so+0x15454c lr=0x15ab44 sp=0xe4ffe5f0 x0=0xe4ffe868 x1=0xe4ffe868 x2=0x7 x3=0x3 x4=0x121566a4 x8=0x1216eda0 blr_target=0x16eda0 frame_x19=0xe4ffe868 slot2=0x12849f48
8	19	0x16f1c8	0x1e	0x3	0x12849f48	[350101][branch-probe] sample #019 managed_native_blr_15454c            pc=0x1215454c libmetasec_ml.so+0x15454c lr=0x15ab44 sp=0xe4ffe5f0 x0=0xe4ffe868 x1=0xe4ffe868 x2=0x1e x3=0x3 x4=0x121566a4 x8=0x1216f1c8 blr_target=0x16f1c8 frame_x19=0xe4ffe868 slot2=0x12849f48
9	20	0x16ec90	0x36	0x3	0x12849f48	[350101][branch-probe] sample #020 managed_native_blr_15454c            pc=0x1215454c libmetasec_ml.so+0x15454c lr=0x15ab44 sp=0xe4ffe5f0 x0=0xe4ffe868 x1=0xe4ffe868 x2=0x36 x3=0x3 x4=0x121566a4 x8=0x1216ec90 blr_target=0x16ec90 frame_x19=0xe4ffe868 slot2=0x12849f48
10	21	0x16ec90	0x36	0x3	0x12849f48	[350101][branch-probe] sample #021 managed_native_blr_15454c            pc=0x1215454c libmetasec_ml.so+0x15454c lr=0x15ab44 sp=0xe4ffe5f0 x0=0xe4ffe868 x1=0xe4ffe868 x2=0x36 x3=0x3 x4=0x121566a4 x8=0x1216ec90 blr_target=0x16ec90 frame_x19=0xe4ffe868 slot2=0x12849f48
11	22	0x16ec90	0x36	0x3	0x12849f48	[350101][branch-probe] sample #022 managed_native_blr_15454c            pc=0x1215454c libmetasec_ml.so+0x15454c lr=0x15ab44 sp=0xe4ffe5f0 x0=0xe4ffe868 x1=0xe4ffe868 x2=0x36 x3=0x3 x4=0x121566a4 x8=0x1216ec90 blr_target=0x16ec90 frame_x19=0xe4ffe868 slot2=0x12849f48
12	23	0x16fa34	0x38	0x3	0x12849f48	[350101][branch-probe] sample #023 managed_native_blr_15454c            pc=0x1215454c libmetasec_ml.so+0x15454c lr=0x15ab44 sp=0xe4ffe5f0 x0=0xe4ffe868 x1=0xe4ffe868 x2=0x38 x3=0x3 x4=0x121566a4 x8=0x1216fa34 blr_target=0x16fa34 frame_x19=0xe4ffe868 slot2=0x12849f48
13	24	0x16fa60	0x39	0x3	0x12849f48	[350101][branch-probe] sample #024 managed_native_blr_15454c            pc=0x1215454c libmetasec_ml.so+0x15454c lr=0x15ab44 sp=0xe4ffe5f0 x0=0xe4ffe868 x1=0xe4ffe868 x2=0x39 x3=0x3 x4=0x121566a4 x8=0x1216fa60 blr_target=0x16fa60 frame_x19=0xe4ffe868 slot2=0x12849f48
14	25	0x1527cc	0x2	0x3	0x4	[350101][branch-probe] sample #025 managed_native_blr_15454c            pc=0x1215454c libmetasec_ml.so+0x15454c lr=0x15ab44 sp=0xe4ffe3f0 x0=0xe4ffe558 x1=0xe4ffe558 x2=0x2 x3=0x3 x4=0x121566a4 x8=0x121527cc blr_target=0x1527cc frame_x19=0xe4ffe558 slot2=0x4
15	26	0x162b38	0xb	0x3	0x60	[350101][branch-probe] sample #026 managed_native_blr_15454c            pc=0x1215454c libmetasec_ml.so+0x15454c lr=0x15ab44 sp=0xe4ffe2e0 x0=0xe4ffe558 x1=0xe4ffe558 x2=0xb x3=0x3 x4=0x121566a4 x8=0x12162b38 blr_target=0x162b38 frame_x19=0xe4ffe558 slot2=0x60
16	27	0x162b38	0xb	0x3	0x80	[350101][branch-probe] sample #027 managed_native_blr_15454c            pc=0x1215454c libmetasec_ml.so+0x15454c lr=0x15ab44 sp=0xe4ffe2e0 x0=0xe4ffe558 x1=0xe4ffe558 x2=0xb x3=0x3 x4=0x121566a4 x8=0x12162b38 blr_target=0x162b38 frame_x19=0xe4ffe558 slot2=0x80
17	28	0x162b8c	0xf	0x3	0x122c50f0	[350101][branch-probe] sample #028 managed_native_blr_15454c            pc=0x1215454c libmetasec_ml.so+0x15454c lr=0x15ab44 sp=0xe4ffe1d0 x0=0xe4ffe558 x1=0xe4ffe558 x2=0xf x3=0x3 x4=0x121566a4 x8=0x12162b8c blr_target=0x162b8c frame_x19=0xe4ffe558 slot2=0x122c50f0
18	29	0x1529c4	0x13	0x3	0x0	[350101][branch-probe] sample #029 managed_native_blr_15454c            pc=0x1215454c libmetasec_ml.so+0x15454c lr=0x15ab44 sp=0xe4ffe1d0 x0=0xe4ffe558 x1=0xe4ffe558 x2=0x13 x3=0x3 x4=0x121566a4 x8=0x121529c4 blr_target=0x1529c4 frame_x19=0xe4ffe558 slot2=0x0
19	30	0x1529f0	0x14	0x3	0x1	[350101][branch-probe] sample #030 managed_native_blr_15454c            pc=0x1215454c libmetasec_ml.so+0x15454c lr=0x15ab44 sp=0xe4ffe1d0 x0=0xe4ffe558 x1=0xe4ffe558 x2=0x14 x3=0x3 x4=0x121566a4 x8=0x121529f0 blr_target=0x1529f0 frame_x19=0xe4ffe558 slot2=0x1
20	31	0x152a34	0x15	0x3	0x125e8270	[350101][branch-probe] sample #031 managed_native_blr_15454c            pc=0x1215454c libmetasec_ml.so+0x15454c lr=0x15ab44 sp=0xe4ffe1d0 x0=0xe4ffe558 x1=0xe4ffe558 x2=0x15 x3=0x3 x4=0x121566a4 x8=0x12152a34 blr_target=0x152a34 frame_x19=0xe4ffe558 slot2=0x125e8270
21	32	0x152a1c	0x16	0x3	0x125e8270	[350101][branch-probe] sample #032 managed_native_blr_15454c            pc=0x1215454c libmetasec_ml.so+0x15454c lr=0x15ab44 sp=0xe4ffe1d0 x0=0xe4ffe558 x1=0xe4ffe558 x2=0x16 x3=0x3 x4=0x121566a4 x8=0x12152a1c blr_target=0x152a1c frame_x19=0xe4ffe558 slot2=0x125e8270
22	33	0x152b14	0x10	0x3	0x122605b8	[350101][branch-probe] sample #033 managed_native_blr_15454c            pc=0x1215454c libmetasec_ml.so+0x15454c lr=0x15ab44 sp=0xe4ffe1d0 x0=0xe4ffe558 x1=0xe4ffe558 x2=0x10 x3=0x3 x4=0x121566a4 x8=0x12152b14 blr_target=0x152b14 frame_x19=0xe4ffe558 slot2=0x122605b8
23	34	0x152a70	0x11	0x3	0x0	[350101][branch-probe] sample #034 managed_native_blr_15454c            pc=0x1215454c libmetasec_ml.so+0x15454c lr=0x15ab44 sp=0xe4ffe1d0 x0=0xe4ffe558 x1=0xe4ffe558 x2=0x11 x3=0x3 x4=0x121566a4 x8=0x12152a70 blr_target=0x152a70 frame_x19=0xe4ffe558 slot2=0x0
24	35	0x152a9c	0xd	0x3	0x125e6000	[350101][branch-probe] sample #035 managed_native_blr_15454c            pc=0x1215454c libmetasec_ml.so+0x15454c lr=0x15ab44 sp=0xe4ffe1d0 x0=0xe4ffe558 x1=0xe4ffe558 x2=0xd x3=0x3 x4=0x121566a4 x8=0x12152a9c blr_target=0x152a9c frame_x19=0xe4ffe558 slot2=0x125e6000
25	36	0x152a70	0x11	0x3	0x125e6000	[350101][branch-probe] sample #036 managed_native_blr_15454c            pc=0x1215454c libmetasec_ml.so+0x15454c lr=0x15ab44 sp=0xe4ffe1d0 x0=0xe4ffe558 x1=0xe4ffe558 x2=0x11 x3=0x3 x4=0x121566a4 x8=0x12152a70 blr_target=0x152a70 frame_x19=0xe4ffe558 slot2=0x125e6000
26	37	0x152a70	0x11	0x3	0x125e7800	[350101][branch-probe] sample #037 managed_native_blr_15454c            pc=0x1215454c libmetasec_ml.so+0x15454c lr=0x15ab44 sp=0xe4ffe1d0 x0=0xe4ffe558 x1=0xe4ffe558 x2=0x11 x3=0x3 x4=0x121566a4 x8=0x12152a70 blr_target=0x152a70 frame_x19=0xe4ffe558 slot2=0x125e7800
27	38	0x152a70	0x11	0x3	0x1271d000	[350101][branch-probe] sample #038 managed_native_blr_15454c            pc=0x1215454c libmetasec_ml.so+0x15454c lr=0x15ab44 sp=0xe4ffe1d0 x0=0xe4ffe558 x1=0xe4ffe558 x2=0x11 x3=0x3 x4=0x121566a4 x8=0x12152a70 blr_target=0x152a70 frame_x19=0xe4ffe558 slot2=0x1271d000
28	39	0x152a70	0x11	0x3	0x1271d800	[350101][branch-probe] sample #039 managed_native_blr_15454c            pc=0x1215454c libmetasec_ml.so+0x15454c lr=0x15ab44 sp=0xe4ffe1d0 x0=0xe4ffe558 x1=0xe4ffe558 x2=0x11 x3=0x3 x4=0x121566a4 x8=0x12152a70 blr_target=0x152a70 frame_x19=0xe4ffe558 slot2=0x1271d800
29	40	0x152a70	0x11	0x3	0x128be000	[350101][branch-probe] sample #040 managed_native_blr_15454c            pc=0x1215454c libmetasec_ml.so+0x15454c lr=0x15ab44 sp=0xe4ffe1d0 x0=0xe4ffe558 x1=0xe4ffe558 x2=0x11 x3=0x3 x4=0x121566a4 x8=0x12152a70 blr_target=0x152a70 frame_x19=0xe4ffe558 slot2=0x128be000
30	41	0x152a70	0x11	0x3	0x128be800	[350101][branch-probe] sample #041 managed_native_blr_15454c            pc=0x1215454c libmetasec_ml.so+0x15454c lr=0x15ab44 sp=0xe4ffe1d0 x0=0xe4ffe558 x1=0xe4ffe558 x2=0x11 x3=0x3 x4=0x121566a4 x8=0x12152a70 blr_target=0x152a70 frame_x19=0xe4ffe558 slot2=0x128be800
31	42	0x152a70	0x11	0x3	0x128bf000	[350101][branch-probe] sample #042 managed_native_blr_15454c            pc=0x1215454c libmetasec_ml.so+0x15454c lr=0x15ab44 sp=0xe4ffe1d0 x0=0xe4ffe558 x1=0xe4ffe558 x2=0x11 x3=0x3 x4=0x121566a4 x8=0x12152a70 blr_target=0x152a70 frame_x19=0xe4ffe558 slot2=0x128bf000
32	43	0x162b38	0xb	0x3	0x128bf800	[350101][branch-probe] sample #043 managed_native_blr_15454c            pc=0x1215454c libmetasec_ml.so+0x15454c lr=0x15ab44 sp=0xe4ffe0c0 x0=0xe4ffe558 x1=0xe4ffe558 x2=0xb x3=0x3 x4=0x121566a4 x8=0x12162b38 blr_target=0x162b38 frame_x19=0xe4ffe558 slot2=0x128bf800
33	44	0x152afc	0x12	0x3	0x128bf038	[350101][branch-probe] sample #044 managed_native_blr_15454c            pc=0x1215454c libmetasec_ml.so+0x15454c lr=0x15ab44 sp=0xe4ffe1d0 x0=0xe4ffe558 x1=0xe4ffe558 x2=0x12 x3=0x3 x4=0x121566a4 x8=0x12152afc blr_target=0x152afc frame_x19=0xe4ffe558 slot2=0x128bf038
34	45	0x162b38	0xb	0x3	0x24	[350101][branch-probe] sample #045 managed_native_blr_15454c            pc=0x1215454c libmetasec_ml.so+0x15454c lr=0x15ab44 sp=0xe4ffe2e0 x0=0xe4ffe558 x1=0xe4ffe558 x2=0xb x3=0x3 x4=0x121566a4 x8=0x12162b38 blr_target=0x162b38 frame_x19=0xe4ffe558 slot2=0x24
35	46	0x162ab0	0xc	0x3	0x0	[350101][branch-probe] sample #046 managed_native_blr_15454c            pc=0x1215454c libmetasec_ml.so+0x15454c lr=0x15ab44 sp=0xe4ffe1d0 x0=0xe4ffe558 x1=0xe4ffe558 x2=0xc x3=0x3 x4=0x121566a4 x8=0x12162ab0 blr_target=0x162ab0 frame_x19=0xe4ffe558 slot2=0x0
36	47	0x162b38	0xb	0x3	0x35	[350101][branch-probe] sample #047 managed_native_blr_15454c            pc=0x1215454c libmetasec_ml.so+0x15454c lr=0x15ab44 sp=0xe4ffe1d0 x0=0xe4ffe558 x1=0xe4ffe558 x2=0xb x3=0x3 x4=0x121566a4 x8=0x12162b38 blr_target=0x162b38 frame_x19=0xe4ffe558 slot2=0x35
37	48	0x162b38	0xb	0x3	0x0	[350101][branch-probe] sample #048 managed_native_blr_15454c            pc=0x1215454c libmetasec_ml.so+0x15454c lr=0x15ab44 sp=0xe4ffe1d0 x0=0xe4ffe558 x1=0xe4ffe558 x2=0xb x3=0x3 x4=0x121566a4 x8=0x12162b38 blr_target=0x162b38 frame_x19=0xe4ffe558 slot2=0x0
38	49	0x15281c	0x3	0x3	0x4	[350101][branch-probe] sample #049 managed_native_blr_15454c            pc=0x1215454c libmetasec_ml.so+0x15454c lr=0x15ab44 sp=0xe4ffe3f0 x0=0xe4ffe558 x1=0xe4ffe558 x2=0x3 x3=0x3 x4=0x121566a4 x8=0x1215281c blr_target=0x15281c frame_x19=0xe4ffe558 slot2=0x4
39	53	0x152840	0x4	0x3	0x4	[350101][branch-probe] sample #053 managed_native_blr_15454c            pc=0x1215454c libmetasec_ml.so+0x15454c lr=0x15ab44 sp=0xe4ffe3f0 x0=0xe4ffe558 x1=0xe4ffe558 x2=0x4 x3=0x3 x4=0x121566a4 x8=0x12152840 blr_target=0x152840 frame_x19=0xe4ffe558 slot2=0x4
40	58	0x152864	0x5	0x3	0x4	[350101][branch-probe] sample #058 managed_native_blr_15454c            pc=0x1215454c libmetasec_ml.so+0x15454c lr=0x15ab44 sp=0xe4ffe3f0 x0=0xe4ffe558 x1=0xe4ffe558 x2=0x5 x3=0x3 x4=0x121566a4 x8=0x12152864 blr_target=0x152864 frame_x19=0xe4ffe558 slot2=0x4
41	62	0x15294c	0xe	0x3	0x8	[350101][branch-probe] sample #062 managed_native_blr_15454c            pc=0x1215454c libmetasec_ml.so+0x15454c lr=0x15ab44 sp=0xe4ffe2e0 x0=0xe4ffe558 x1=0xe4ffe558 x2=0xe x3=0x3 x4=0x121566a4 x8=0x1215294c blr_target=0x15294c frame_x19=0xe4ffe558 slot2=0x8
42	63	0x1529ac	0x6	0x3	0x4	[350101][branch-probe] sample #063 managed_native_blr_15454c            pc=0x1215454c libmetasec_ml.so+0x15454c lr=0x15ab44 sp=0xe4ffe3f0 x0=0xe4ffe558 x1=0xe4ffe558 x2=0x6 x3=0x3 x4=0x121566a4 x8=0x121529ac blr_target=0x1529ac frame_x19=0xe4ffe558 slot2=0x4
43	64	0x152888	0x7	0x3	0x4	[350101][branch-probe] sample #064 managed_native_blr_15454c            pc=0x1215454c libmetasec_ml.so+0x15454c lr=0x15ab44 sp=0xe4ffe3f0 x0=0xe4ffe558 x1=0xe4ffe558 x2=0x7 x3=0x3 x4=0x121566a4 x8=0x12152888 blr_target=0x152888 frame_x19=0xe4ffe558 slot2=0x4
44	65	0x1528f8	0x8	0x3	0x4	[350101][branch-probe] sample #065 managed_native_blr_15454c            pc=0x1215454c libmetasec_ml.so+0x15454c lr=0x15ab44 sp=0xe4ffe3f0 x0=0xe4ffe558 x1=0xe4ffe558 x2=0x8 x3=0x3 x4=0x121566a4 x8=0x121528f8 blr_target=0x1528f8 frame_x19=0xe4ffe558 slot2=0x4
45	66	0x1528ac	0x9	0x3	0x4	[350101][branch-probe] sample #066 managed_native_blr_15454c            pc=0x1215454c libmetasec_ml.so+0x15454c lr=0x15ab44 sp=0xe4ffe3f0 x0=0xe4ffe558 x1=0xe4ffe558 x2=0x9 x3=0x3 x4=0x121566a4 x8=0x121528ac blr_target=0x1528ac frame_x19=0xe4ffe558 slot2=0x4
46	67	0x152934	0xa	0x3	0x4	[350101][branch-probe] sample #067 managed_native_blr_15454c            pc=0x1215454c libmetasec_ml.so+0x15454c lr=0x15ab44 sp=0xe4ffe3f0 x0=0xe4ffe558 x1=0xe4ffe558 x2=0xa x3=0x3 x4=0x121566a4 x8=0x12152934 blr_target=0x152934 frame_x19=0xe4ffe558 slot2=0x4
47	68	0x16ed54	0x6	0x3	0x12849f48	[350101][branch-probe] sample #068 managed_native_blr_15454c            pc=0x1215454c libmetasec_ml.so+0x15454c lr=0x15ab44 sp=0xe4ffe5f0 x0=0xe4ffe868 x1=0xe4ffe868 x2=0x6 x3=0x3 x4=0x121566a4 x8=0x1216ed54 blr_target=0x16ed54 frame_x19=0xe4ffe868 slot2=0x12849f48
48	69	0x16eda0	0x7	0x3	0x12849f48	[350101][branch-probe] sample #069 managed_native_blr_15454c            pc=0x1215454c libmetasec_ml.so+0x15454c lr=0x15ab44 sp=0xe4ffe5f0 x0=0xe4ffe868 x1=0xe4ffe868 x2=0x7 x3=0x3 x4=0x121566a4 x8=0x1216eda0 blr_target=0x16eda0 frame_x19=0xe4ffe868 slot2=0x12849f48
49	70	0x16eda0	0x7	0x3	0x12849f48	[350101][branch-probe] sample #070 managed_native_blr_15454c            pc=0x1215454c libmetasec_ml.so+0x15454c lr=0x15ab44 sp=0xe4ffe5f0 x0=0xe4ffe868 x1=0xe4ffe868 x2=0x7 x3=0x3 x4=0x121566a4 x8=0x1216eda0 blr_target=0x16eda0 frame_x19=0xe4ffe868 slot2=0x12849f48
50	71	0x16edb8	0x8	0x3	0x12849f48	[350101][branch-probe] sample #071 managed_native_blr_15454c            pc=0x1215454c libmetasec_ml.so+0x15454c lr=0x15ab44 sp=0xe4ffe5f0 x0=0xe4ffe868 x1=0xe4ffe868 x2=0x8 x3=0x3 x4=0x121566a4 x8=0x1216edb8 blr_target=0x16edb8 frame_x19=0xe4ffe868 slot2=0x12849f48
51	72	0x16edf4	0x9	0x3	0x12849f48	[350101][branch-probe] sample #072 managed_native_blr_15454c            pc=0x1215454c libmetasec_ml.so+0x15454c lr=0x15ab44 sp=0xe4ffe5f0 x0=0xe4ffe868 x1=0xe4ffe868 x2=0x9 x3=0x3 x4=0x121566a4 x8=0x1216edf4 blr_target=0x16edf4 frame_x19=0xe4ffe868 slot2=0x12849f48
52	73	0x16ee58	0xa	0x3	0x12849f48	[350101][branch-probe] sample #073 managed_native_blr_15454c            pc=0x1215454c libmetasec_ml.so+0x15454c lr=0x15ab44 sp=0xe4ffe5f0 x0=0xe4ffe868 x1=0xe4ffe868 x2=0xa x3=0x3 x4=0x121566a4 x8=0x1216ee58 blr_target=0x16ee58 frame_x19=0xe4ffe868 slot2=0x12849f48
53	74	0x16ee2c	0xb	0x3	0x12849f48	[350101][branch-probe] sample #074 managed_native_blr_15454c            pc=0x1215454c libmetasec_ml.so+0x15454c lr=0x15ab44 sp=0xe4ffe5f0 x0=0xe4ffe868 x1=0xe4ffe868 x2=0xb x3=0x3 x4=0x121566a4 x8=0x1216ee2c blr_target=0x16ee2c frame_x19=0xe4ffe868 slot2=0x12849f48
54	75	0x16ecf0	0xc	0x3	0x12849f48	[350101][branch-probe] sample #075 managed_native_blr_15454c            pc=0x1215454c libmetasec_ml.so+0x15454c lr=0x15ab44 sp=0xe4ffe5f0 x0=0xe4ffe868 x1=0xe4ffe868 x2=0xc x3=0x3 x4=0x121566a4 x8=0x1216ecf0 blr_target=0x16ecf0 frame_x19=0xe4ffe868 slot2=0x12849f48
55	76	0x16ed54	0x6	0x3	0x12849f48	[350101][branch-probe] sample #076 managed_native_blr_15454c            pc=0x1215454c libmetasec_ml.so+0x15454c lr=0x15ab44 sp=0xe4ffe5f0 x0=0xe4ffe868 x1=0xe4ffe868 x2=0x6 x3=0x3 x4=0x121566a4 x8=0x1216ed54 blr_target=0x16ed54 frame_x19=0xe4ffe868 slot2=0x12849f48
56	77	0x16ee94	0xd	0x3	0x12849f48	[350101][branch-probe] sample #077 managed_native_blr_15454c            pc=0x1215454c libmetasec_ml.so+0x15454c lr=0x15ab44 sp=0xe4ffe5f0 x0=0xe4ffe868 x1=0xe4ffe868 x2=0xd x3=0x3 x4=0x121566a4 x8=0x1216ee94 blr_target=0x16ee94 frame_x19=0xe4ffe868 slot2=0x12849f48
57	78	0x16eeb8	0xe	0x3	0x12849f48	[350101][branch-probe] sample #078 managed_native_blr_15454c            pc=0x1215454c libmetasec_ml.so+0x15454c lr=0x15ab44 sp=0xe4ffe5f0 x0=0xe4ffe868 x1=0xe4ffe868 x2=0xe x3=0x3 x4=0x121566a4 x8=0x1216eeb8 blr_target=0x16eeb8 frame_x19=0xe4ffe868 slot2=0x12849f48
58	79	0x16eef0	0xf	0x3	0x12849f48	[350101][branch-probe] sample #079 managed_native_blr_15454c            pc=0x1215454c libmetasec_ml.so+0x15454c lr=0x15ab44 sp=0xe4ffe5f0 x0=0xe4ffe868 x1=0xe4ffe868 x2=0xf x3=0x3 x4=0x121566a4 x8=0x1216eef0 blr_target=0x16eef0 frame_x19=0xe4ffe868 slot2=0x12849f48
59	80	0x16ef28	0x10	0x3	0x12849f48	[350101][branch-probe] sample #080 managed_native_blr_15454c            pc=0x1215454c libmetasec_ml.so+0x15454c lr=0x15ab44 sp=0xe4ffe5f0 x0=0xe4ffe868 x1=0xe4ffe868 x2=0x10 x3=0x3 x4=0x121566a4 x8=0x1216ef28 blr_target=0x16ef28 frame_x19=0xe4ffe868 slot2=0x12849f48
60	81	0x16facc	0x3a	0x3	0x12849f48	[350101][branch-probe] sample #081 managed_native_blr_15454c            pc=0x1215454c libmetasec_ml.so+0x15454c lr=0x15ab44 sp=0xe4ffe5f0 x0=0xe4ffe868 x1=0xe4ffe868 x2=0x3a x3=0x3 x4=0x121566a4 x8=0x1216facc blr_target=0x16facc frame_x19=0xe4ffe868 slot2=0x12849f48
61	82	0x16edb8	0x8	0x3	0x12849f48	[350101][branch-probe] sample #082 managed_native_blr_15454c            pc=0x1215454c libmetasec_ml.so+0x15454c lr=0x15ab44 sp=0xe4ffe5f0 x0=0xe4ffe868 x1=0xe4ffe868 x2=0x8 x3=0x3 x4=0x121566a4 x8=0x1216edb8 blr_target=0x16edb8 frame_x19=0xe4ffe868 slot2=0x12849f48
62	83	0x16ee58	0xa	0x3	0x12849b08	[350101][branch-probe] sample #083 managed_native_blr_15454c            pc=0x1215454c libmetasec_ml.so+0x15454c lr=0x15ab44 sp=0xe4ffe5f0 x0=0xe4ffe868 x1=0xe4ffe868 x2=0xa x3=0x3 x4=0x121566a4 x8=0x1216ee58 blr_target=0x16ee58 frame_x19=0xe4ffe868 slot2=0x12849b08
63	84	0x16ee2c	0xb	0x3	0x12849b08	[350101][branch-probe] sample #084 managed_native_blr_15454c            pc=0x1215454c libmetasec_ml.so+0x15454c lr=0x15ab44 sp=0xe4ffe5f0 x0=0xe4ffe868 x1=0xe4ffe868 x2=0xb x3=0x3 x4=0x121566a4 x8=0x1216ee2c blr_target=0x16ee2c frame_x19=0xe4ffe868 slot2=0x12849b08
64	85	0x16ecf0	0xc	0x3	0x12849b08	[350101][branch-probe] sample #085 managed_native_blr_15454c            pc=0x1215454c libmetasec_ml.so+0x15454c lr=0x15ab44 sp=0xe4ffe5f0 x0=0xe4ffe868 x1=0xe4ffe868 x2=0xc x3=0x3 x4=0x121566a4 x8=0x1216ecf0 blr_target=0x16ecf0 frame_x19=0xe4ffe868 slot2=0x12849b08
65	86	0x16ed54	0x6	0x3	0x12849b08	[350101][branch-probe] sample #086 managed_native_blr_15454c            pc=0x1215454c libmetasec_ml.so+0x15454c lr=0x15ab44 sp=0xe4ffe5f0 x0=0xe4ffe868 x1=0xe4ffe868 x2=0x6 x3=0x3 x4=0x121566a4 x8=0x1216ed54 blr_target=0x16ed54 frame_x19=0xe4ffe868 slot2=0x12849b08
66	87	0x16f9f8	0x11	0x3	0x12849f48	[350101][branch-probe] sample #087 managed_native_blr_15454c            pc=0x1215454c libmetasec_ml.so+0x15454c lr=0x15ab44 sp=0xe4ffe5f0 x0=0xe4ffe868 x1=0xe4ffe868 x2=0x11 x3=0x3 x4=0x121566a4 x8=0x1216f9f8 blr_target=0x16f9f8 frame_x19=0xe4ffe868 slot2=0x12849f48
67	88	0x16ef60	0x12	0x3	0x12849f48	[350101][branch-probe] sample #088 managed_native_blr_15454c            pc=0x1215454c libmetasec_ml.so+0x15454c lr=0x15ab44 sp=0xe4ffe5f0 x0=0xe4ffe868 x1=0xe4ffe868 x2=0x12 x3=0x3 x4=0x121566a4 x8=0x1216ef60 blr_target=0x16ef60 frame_x19=0xe4ffe868 slot2=0x12849f48
68	89	0x16ef98	0x13	0x3	0x12849f48	[350101][branch-probe] sample #089 managed_native_blr_15454c            pc=0x1215454c libmetasec_ml.so+0x15454c lr=0x15ab44 sp=0xe4ffe5f0 x0=0xe4ffe868 x1=0xe4ffe868 x2=0x13 x3=0x3 x4=0x121566a4 x8=0x1216ef98 blr_target=0x16ef98 frame_x19=0xe4ffe868 slot2=0x12849f48
69	90	0x16efb0	0x14	0x3	0x12849f48	[350101][branch-probe] sample #090 managed_native_blr_15454c            pc=0x1215454c libmetasec_ml.so+0x15454c lr=0x15ab44 sp=0xe4ffe5f0 x0=0xe4ffe868 x1=0xe4ffe868 x2=0x14 x3=0x3 x4=0x121566a4 x8=0x1216efb0 blr_target=0x16efb0 frame_x19=0xe4ffe868 slot2=0x12849f48
70	91	0x16efcc	0x15	0x3	0x12849f48	[350101][branch-probe] sample #091 managed_native_blr_15454c            pc=0x1215454c libmetasec_ml.so+0x15454c lr=0x15ab44 sp=0xe4ffe5f0 x0=0xe4ffe868 x1=0xe4ffe868 x2=0x15 x3=0x3 x4=0x121566a4 x8=0x1216efcc blr_target=0x16efcc frame_x19=0xe4ffe868 slot2=0x12849f48
71	92	0x16eff0	0x16	0x3	0x12849f48	[350101][branch-probe] sample #092 managed_native_blr_15454c            pc=0x1215454c libmetasec_ml.so+0x15454c lr=0x15ab44 sp=0xe4ffe5f0 x0=0xe4ffe868 x1=0xe4ffe868 x2=0x16 x3=0x3 x4=0x121566a4 x8=0x1216eff0 blr_target=0x16eff0 frame_x19=0xe4ffe868 slot2=0x12849f48
72	93	0x162ab0	0x3	0x3	0x12849f48	[350101][branch-probe] sample #093 managed_native_blr_15454c            pc=0x1215454c libmetasec_ml.so+0x15454c lr=0x15ab44 sp=0xe4ffe5f0 x0=0xe4ffe868 x1=0xe4ffe868 x2=0x3 x3=0x3 x4=0x121566a4 x8=0x12162ab0 blr_target=0x162ab0 frame_x19=0xe4ffe868 slot2=0x12849f48
73	94	0x16f014	0x17	0x3	0x12849f48	[350101][branch-probe] sample #094 managed_native_blr_15454c            pc=0x1215454c libmetasec_ml.so+0x15454c lr=0x15ab44 sp=0xe4ffe5f0 x0=0xe4ffe868 x1=0xe4ffe868 x2=0x17 x3=0x3 x4=0x121566a4 x8=0x1216f014 blr_target=0x16f014 frame_x19=0xe4ffe868 slot2=0x12849f48
74	95	0x16edb8	0x8	0x3	0x127501c0	[350101][branch-probe] sample #095 managed_native_blr_15454c            pc=0x1215454c libmetasec_ml.so+0x15454c lr=0x15ab44 sp=0xe4ffe5f0 x0=0xe4ffe868 x1=0xe4ffe868 x2=0x8 x3=0x3 x4=0x121566a4 x8=0x1216edb8 blr_target=0x16edb8 frame_x19=0xe4ffe868 slot2=0x127501c0
75	96	0x16f038	0x18	0x3	0x127501c0	[350101][branch-probe] sample #096 managed_native_blr_15454c            pc=0x1215454c libmetasec_ml.so+0x15454c lr=0x15ab44 sp=0xe4ffe5f0 x0=0xe4ffe868 x1=0xe4ffe868 x2=0x18 x3=0x3 x4=0x121566a4 x8=0x1216f038 blr_target=0x16f038 frame_x19=0xe4ffe868 slot2=0x127501c0
76	97	0x16eda0	0x7	0x3	0x127501c0	[350101][branch-probe] sample #097 managed_native_blr_15454c            pc=0x1215454c libmetasec_ml.so+0x15454c lr=0x15ab44 sp=0xe4ffe5f0 x0=0xe4ffe868 x1=0xe4ffe868 x2=0x7 x3=0x3 x4=0x121566a4 x8=0x1216eda0 blr_target=0x16eda0 frame_x19=0xe4ffe868 slot2=0x127501c0
77	98	0x16f014	0x17	0x3	0x127501c0	[350101][branch-probe] sample #098 managed_native_blr_15454c            pc=0x1215454c libmetasec_ml.so+0x15454c lr=0x15ab44 sp=0xe4ffe5f0 x0=0xe4ffe868 x1=0xe4ffe868 x2=0x17 x3=0x3 x4=0x121566a4 x8=0x1216f014 blr_target=0x16f014 frame_x19=0xe4ffe868 slot2=0x127501c0
78	99	0x16edb8	0x8	0x3	0x127501c0	[350101][branch-probe] sample #099 managed_native_blr_15454c            pc=0x1215454c libmetasec_ml.so+0x15454c lr=0x15ab44 sp=0xe4ffe5f0 x0=0xe4ffe868 x1=0xe4ffe868 x2=0x8 x3=0x3 x4=0x121566a4 x8=0x1216edb8 blr_target=0x16edb8 frame_x19=0xe4ffe868 slot2=0x127501c0
79	100	0x16f038	0x18	0x3	0x127501c0	[350101][branch-probe] sample #100 managed_native_blr_15454c            pc=0x1215454c libmetasec_ml.so+0x15454c lr=0x15ab44 sp=0xe4ffe5f0 x0=0xe4ffe868 x1=0xe4ffe868 x2=0x18 x3=0x3 x4=0x121566a4 x8=0x1216f038 blr_target=0x16f038 frame_x19=0xe4ffe868 slot2=0x127501c0
80	101	0x16eda0	0x7	0x3	0x127501c0	[350101][branch-probe] sample #101 managed_native_blr_15454c            pc=0x1215454c libmetasec_ml.so+0x15454c lr=0x15ab44 sp=0xe4ffe5f0 x0=0xe4ffe868 x1=0xe4ffe868 x2=0x7 x3=0x3 x4=0x121566a4 x8=0x1216eda0 blr_target=0x16eda0 frame_x19=0xe4ffe868 slot2=0x127501c0
81	102	0x16f014	0x17	0x3	0x127501c0	[350101][branch-probe] sample #102 managed_native_blr_15454c            pc=0x1215454c libmetasec_ml.so+0x15454c lr=0x15ab44 sp=0xe4ffe5f0 x0=0xe4ffe868 x1=0xe4ffe868 x2=0x17 x3=0x3 x4=0x121566a4 x8=0x1216f014 blr_target=0x16f014 frame_x19=0xe4ffe868 slot2=0x127501c0
82	103	0x16edb8	0x8	0x3	0x127501c0	[350101][branch-probe] sample #103 managed_native_blr_15454c            pc=0x1215454c libmetasec_ml.so+0x15454c lr=0x15ab44 sp=0xe4ffe5f0 x0=0xe4ffe868 x1=0xe4ffe868 x2=0x8 x3=0x3 x4=0x121566a4 x8=0x1216edb8 blr_target=0x16edb8 frame_x19=0xe4ffe868 slot2=0x127501c0
83	104	0x16f038	0x18	0x3	0x127501c0	[350101][branch-probe] sample #104 managed_native_blr_15454c            pc=0x1215454c libmetasec_ml.so+0x15454c lr=0x15ab44 sp=0xe4ffe5f0 x0=0xe4ffe868 x1=0xe4ffe868 x2=0x18 x3=0x3 x4=0x121566a4 x8=0x1216f038 blr_target=0x16f038 frame_x19=0xe4ffe868 slot2=0x127501c0
84	105	0x16eda0	0x7	0x3	0x127501c0	[350101][branch-probe] sample #105 managed_native_blr_15454c            pc=0x1215454c libmetasec_ml.so+0x15454c lr=0x15ab44 sp=0xe4ffe5f0 x0=0xe4ffe868 x1=0xe4ffe868 x2=0x7 x3=0x3 x4=0x121566a4 x8=0x1216eda0 blr_target=0x16eda0 frame_x19=0xe4ffe868 slot2=0x127501c0
85	106	0x16f014	0x17	0x3	0x127501c0	[350101][branch-probe] sample #106 managed_native_blr_15454c            pc=0x1215454c libmetasec_ml.so+0x15454c lr=0x15ab44 sp=0xe4ffe5f0 x0=0xe4ffe868 x1=0xe4ffe868 x2=0x17 x3=0x3 x4=0x121566a4 x8=0x1216f014 blr_target=0x16f014 frame_x19=0xe4ffe868 slot2=0x127501c0
86	107	0x16edb8	0x8	0x3	0x127501c0	[350101][branch-probe] sample #107 managed_native_blr_15454c            pc=0x1215454c libmetasec_ml.so+0x15454c lr=0x15ab44 sp=0xe4ffe5f0 x0=0xe4ffe868 x1=0xe4ffe868 x2=0x8 x3=0x3 x4=0x121566a4 x8=0x1216edb8 blr_target=0x16edb8 frame_x19=0xe4ffe868 slot2=0x127501c0
87	108	0x16f038	0x18	0x3	0x127501c0	[350101][branch-probe] sample #108 managed_native_blr_15454c            pc=0x1215454c libmetasec_ml.so+0x15454c lr=0x15ab44 sp=0xe4ffe5f0 x0=0xe4ffe868 x1=0xe4ffe868 x2=0x18 x3=0x3 x4=0x121566a4 x8=0x1216f038 blr_target=0x16f038 frame_x19=0xe4ffe868 slot2=0x127501c0
88	109	0x16eda0	0x7	0x3	0x127501c0	[350101][branch-probe] sample #109 managed_native_blr_15454c            pc=0x1215454c libmetasec_ml.so+0x15454c lr=0x15ab44 sp=0xe4ffe5f0 x0=0xe4ffe868 x1=0xe4ffe868 x2=0x7 x3=0x3 x4=0x121566a4 x8=0x1216eda0 blr_target=0x16eda0 frame_x19=0xe4ffe868 slot2=0x127501c0
89	110	0x16f014	0x17	0x3	0x127501c0	[350101][branch-probe] sample #110 managed_native_blr_15454c            pc=0x1215454c libmetasec_ml.so+0x15454c lr=0x15ab44 sp=0xe4ffe5f0 x0=0xe4ffe868 x1=0xe4ffe868 x2=0x17 x3=0x3 x4=0x121566a4 x8=0x1216f014 blr_target=0x16f014 frame_x19=0xe4ffe868 slot2=0x127501c0
90	111	0x16edb8	0x8	0x3	0x127501c0	[350101][branch-probe] sample #111 managed_native_blr_15454c            pc=0x1215454c libmetasec_ml.so+0x15454c lr=0x15ab44 sp=0xe4ffe5f0 x0=0xe4ffe868 x1=0xe4ffe868 x2=0x8 x3=0x3 x4=0x121566a4 x8=0x1216edb8 blr_target=0x16edb8 frame_x19=0xe4ffe868 slot2=0x127501c0
91	112	0x16f038	0x18	0x3	0x127501c0	[350101][branch-probe] sample #112 managed_native_blr_15454c            pc=0x1215454c libmetasec_ml.so+0x15454c lr=0x15ab44 sp=0xe4ffe5f0 x0=0xe4ffe868 x1=0xe4ffe868 x2=0x18 x3=0x3 x4=0x121566a4 x8=0x1216f038 blr_target=0x16f038 frame_x19=0xe4ffe868 slot2=0x127501c0
92	113	0x16eda0	0x7	0x3	0x127501c0	[350101][branch-probe] sample #113 managed_native_blr_15454c            pc=0x1215454c libmetasec_ml.so+0x15454c lr=0x15ab44 sp=0xe4ffe5f0 x0=0xe4ffe868 x1=0xe4ffe868 x2=0x7 x3=0x3 x4=0x121566a4 x8=0x1216eda0 blr_target=0x16eda0 frame_x19=0xe4ffe868 slot2=0x127501c0
93	114	0x162ab0	0x3	0x3	0x128499d8	[350101][branch-probe] sample #114 managed_native_blr_15454c            pc=0x1215454c libmetasec_ml.so+0x15454c lr=0x15ab44 sp=0xe4ffe5f0 x0=0xe4ffe868 x1=0xe4ffe868 x2=0x3 x3=0x3 x4=0x121566a4 x8=0x12162ab0 blr_target=0x162ab0 frame_x19=0xe4ffe868 slot2=0x128499d8
94	115	0x16f014	0x17	0x3	0x128499d8	[350101][branch-probe] sample #115 managed_native_blr_15454c            pc=0x1215454c libmetasec_ml.so+0x15454c lr=0x15ab44 sp=0xe4ffe5f0 x0=0xe4ffe868 x1=0xe4ffe868 x2=0x17 x3=0x3 x4=0x121566a4 x8=0x1216f014 blr_target=0x16f014 frame_x19=0xe4ffe868 slot2=0x128499d8
95	116	0x16edb8	0x8	0x3	0x128499d8	[350101][branch-probe] sample #116 managed_native_blr_15454c            pc=0x1215454c libmetasec_ml.so+0x15454c lr=0x15ab44 sp=0xe4ffe5f0 x0=0xe4ffe868 x1=0xe4ffe868 x2=0x8 x3=0x3 x4=0x121566a4 x8=0x1216edb8 blr_target=0x16edb8 frame_x19=0xe4ffe868 slot2=0x128499d8
96	117	0x16f038	0x18	0x3	0x128499d8	[350101][branch-probe] sample #117 managed_native_blr_15454c            pc=0x1215454c libmetasec_ml.so+0x15454c lr=0x15ab44 sp=0xe4ffe5f0 x0=0xe4ffe868 x1=0xe4ffe868 x2=0x18 x3=0x3 x4=0x121566a4 x8=0x1216f038 blr_target=0x16f038 frame_x19=0xe4ffe868 slot2=0x128499d8
97	118	0x16eda0	0x7	0x3	0x128499d8	[350101][branch-probe] sample #118 managed_native_blr_15454c            pc=0x1215454c libmetasec_ml.so+0x15454c lr=0x15ab44 sp=0xe4ffe5f0 x0=0xe4ffe868 x1=0xe4ffe868 x2=0x7 x3=0x3 x4=0x121566a4 x8=0x1216eda0 blr_target=0x16eda0 frame_x19=0xe4ffe868 slot2=0x128499d8
98	119	0x16f014	0x17	0x3	0x128499d8	[350101][branch-probe] sample #119 managed_native_blr_15454c            pc=0x1215454c libmetasec_ml.so+0x15454c lr=0x15ab44 sp=0xe4ffe5f0 x0=0xe4ffe868 x1=0xe4ffe868 x2=0x17 x3=0x3 x4=0x121566a4 x8=0x1216f014 blr_target=0x16f014 frame_x19=0xe4ffe868 slot2=0x128499d8
99	120	0x16edb8	0x8	0x3	0x128499d8	[350101][branch-probe] sample #120 managed_native_blr_15454c            pc=0x1215454c libmetasec_ml.so+0x15454c lr=0x15ab44 sp=0xe4ffe5f0 x0=0xe4ffe868 x1=0xe4ffe868 x2=0x8 x3=0x3 x4=0x121566a4 x8=0x1216edb8 blr_target=0x16edb8 frame_x19=0xe4ffe868 slot2=0x128499d8
100	121	0x16f038	0x18	0x3	0x128499d8	[350101][branch-probe] sample #121 managed_native_blr_15454c            pc=0x1215454c libmetasec_ml.so+0x15454c lr=0x15ab44 sp=0xe4ffe5f0 x0=0xe4ffe868 x1=0xe4ffe868 x2=0x18 x3=0x3 x4=0x121566a4 x8=0x1216f038 blr_target=0x16f038 frame_x19=0xe4ffe868 slot2=0x128499d8
101	122	0x16eda0	0x7	0x3	0x128499d8	[350101][branch-probe] sample #122 managed_native_blr_15454c            pc=0x1215454c libmetasec_ml.so+0x15454c lr=0x15ab44 sp=0xe4ffe5f0 x0=0xe4ffe868 x1=0xe4ffe868 x2=0x7 x3=0x3 x4=0x121566a4 x8=0x1216eda0 blr_target=0x16eda0 frame_x19=0xe4ffe868 slot2=0x128499d8
102	123	0x16f014	0x17	0x3	0x128499d8	[350101][branch-probe] sample #123 managed_native_blr_15454c            pc=0x1215454c libmetasec_ml.so+0x15454c lr=0x15ab44 sp=0xe4ffe5f0 x0=0xe4ffe868 x1=0xe4ffe868 x2=0x17 x3=0x3 x4=0x121566a4 x8=0x1216f014 blr_target=0x16f014 frame_x19=0xe4ffe868 slot2=0x128499d8
103	124	0x16edb8	0x8	0x3	0x128499d8	[350101][branch-probe] sample #124 managed_native_blr_15454c            pc=0x1215454c libmetasec_ml.so+0x15454c lr=0x15ab44 sp=0xe4ffe5f0 x0=0xe4ffe868 x1=0xe4ffe868 x2=0x8 x3=0x3 x4=0x121566a4 x8=0x1216edb8 blr_target=0x16edb8 frame_x19=0xe4ffe868 slot2=0x128499d8
104	125	0x16f038	0x18	0x3	0x128499d8	[350101][branch-probe] sample #125 managed_native_blr_15454c            pc=0x1215454c libmetasec_ml.so+0x15454c lr=0x15ab44 sp=0xe4ffe5f0 x0=0xe4ffe868 x1=0xe4ffe868 x2=0x18 x3=0x3 x4=0x121566a4 x8=0x1216f038 blr_target=0x16f038 frame_x19=0xe4ffe868 slot2=0x128499d8
105	126	0x16eda0	0x7	0x3	0x128499d8	[350101][branch-probe] sample #126 managed_native_blr_15454c            pc=0x1215454c libmetasec_ml.so+0x15454c lr=0x15ab44 sp=0xe4ffe5f0 x0=0xe4ffe868 x1=0xe4ffe868 x2=0x7 x3=0x3 x4=0x121566a4 x8=0x1216eda0 blr_target=0x16eda0 frame_x19=0xe4ffe868 slot2=0x128499d8
106	127	0x16f014	0x17	0x3	0x128499d8	[350101][branch-probe] sample #127 managed_native_blr_15454c            pc=0x1215454c libmetasec_ml.so+0x15454c lr=0x15ab44 sp=0xe4ffe5f0 x0=0xe4ffe868 x1=0xe4ffe868 x2=0x17 x3=0x3 x4=0x121566a4 x8=0x1216f014 blr_target=0x16f014 frame_x19=0xe4ffe868 slot2=0x128499d8
107	128	0x16edb8	0x8	0x3	0x128499d8	[350101][branch-probe] sample #128 managed_native_blr_15454c            pc=0x1215454c libmetasec_ml.so+0x15454c lr=0x15ab44 sp=0xe4ffe5f0 x0=0xe4ffe868 x1=0xe4ffe868 x2=0x8 x3=0x3 x4=0x121566a4 x8=0x1216edb8 blr_target=0x16edb8 frame_x19=0xe4ffe868 slot2=0x128499d8
108	129	0x16f038	0x18	0x3	0x128499d8	[350101][branch-probe] sample #129 managed_native_blr_15454c            pc=0x1215454c libmetasec_ml.so+0x15454c lr=0x15ab44 sp=0xe4ffe5f0 x0=0xe4ffe868 x1=0xe4ffe868 x2=0x18 x3=0x3 x4=0x121566a4 x8=0x1216f038 blr_target=0x16f038 frame_x19=0xe4ffe868 slot2=0x128499d8
109	130	0x16eda0	0x7	0x3	0x128499d8	[350101][branch-probe] sample #130 managed_native_blr_15454c            pc=0x1215454c libmetasec_ml.so+0x15454c lr=0x15ab44 sp=0xe4ffe5f0 x0=0xe4ffe868 x1=0xe4ffe868 x2=0x7 x3=0x3 x4=0x121566a4 x8=0x1216eda0 blr_target=0x16eda0 frame_x19=0xe4ffe868 slot2=0x128499d8
110	131	0x16f014	0x17	0x3	0x128499d8	[350101][branch-probe] sample #131 managed_native_blr_15454c            pc=0x1215454c libmetasec_ml.so+0x15454c lr=0x15ab44 sp=0xe4ffe5f0 x0=0xe4ffe868 x1=0xe4ffe868 x2=0x17 x3=0x3 x4=0x121566a4 x8=0x1216f014 blr_target=0x16f014 frame_x19=0xe4ffe868 slot2=0x128499d8
111	132	0x16edb8	0x8	0x3	0x128499d8	[350101][branch-probe] sample #132 managed_native_blr_15454c            pc=0x1215454c libmetasec_ml.so+0x15454c lr=0x15ab44 sp=0xe4ffe5f0 x0=0xe4ffe868 x1=0xe4ffe868 x2=0x8 x3=0x3 x4=0x121566a4 x8=0x1216edb8 blr_target=0x16edb8 frame_x19=0xe4ffe868 slot2=0x128499d8
112	133	0x16f038	0x18	0x3	0x128499d8	[350101][branch-probe] sample #133 managed_native_blr_15454c            pc=0x1215454c libmetasec_ml.so+0x15454c lr=0x15ab44 sp=0xe4ffe5f0 x0=0xe4ffe868 x1=0xe4ffe868 x2=0x18 x3=0x3 x4=0x121566a4 x8=0x1216f038 blr_target=0x16f038 frame_x19=0xe4ffe868 slot2=0x128499d8
113	134	0x16eda0	0x7	0x3	0x128499d8	[350101][branch-probe] sample #134 managed_native_blr_15454c            pc=0x1215454c libmetasec_ml.so+0x15454c lr=0x15ab44 sp=0xe4ffe5f0 x0=0xe4ffe868 x1=0xe4ffe868 x2=0x7 x3=0x3 x4=0x121566a4 x8=0x1216eda0 blr_target=0x16eda0 frame_x19=0xe4ffe868 slot2=0x128499d8
114	135	0x16faf8	0x3b	0x3	0x128499d8	[350101][branch-probe] sample #135 managed_native_blr_15454c            pc=0x1215454c libmetasec_ml.so+0x15454c lr=0x15ab44 sp=0xe4ffe5f0 x0=0xe4ffe868 x1=0xe4ffe868 x2=0x3b x3=0x3 x4=0x121566a4 x8=0x1216faf8 blr_target=0x16faf8 frame_x19=0xe4ffe868 slot2=0x128499d8
115	136	0x16f014	0x17	0x3	0x128499d8	[350101][branch-probe] sample #136 managed_native_blr_15454c            pc=0x1215454c libmetasec_ml.so+0x15454c lr=0x15ab44 sp=0xe4ffe5f0 x0=0xe4ffe868 x1=0xe4ffe868 x2=0x17 x3=0x3 x4=0x121566a4 x8=0x1216f014 blr_target=0x16f014 frame_x19=0xe4ffe868 slot2=0x128499d8
116	137	0x16edb8	0x8	0x3	0x128499d8	[350101][branch-probe] sample #137 managed_native_blr_15454c            pc=0x1215454c libmetasec_ml.so+0x15454c lr=0x15ab44 sp=0xe4ffe5f0 x0=0xe4ffe868 x1=0xe4ffe868 x2=0x8 x3=0x3 x4=0x121566a4 x8=0x1216edb8 blr_target=0x16edb8 frame_x19=0xe4ffe868 slot2=0x128499d8
117	138	0x16f038	0x18	0x3	0x128499d8	[350101][branch-probe] sample #138 managed_native_blr_15454c            pc=0x1215454c libmetasec_ml.so+0x15454c lr=0x15ab44 sp=0xe4ffe5f0 x0=0xe4ffe868 x1=0xe4ffe868 x2=0x18 x3=0x3 x4=0x121566a4 x8=0x1216f038 blr_target=0x16f038 frame_x19=0xe4ffe868 slot2=0x128499d8
118	139	0x16eda0	0x7	0x3	0x128499d8	[350101][branch-probe] sample #139 managed_native_blr_15454c            pc=0x1215454c libmetasec_ml.so+0x15454c lr=0x15ab44 sp=0xe4ffe5f0 x0=0xe4ffe868 x1=0xe4ffe868 x2=0x7 x3=0x3 x4=0x121566a4 x8=0x1216eda0 blr_target=0x16eda0 frame_x19=0xe4ffe868 slot2=0x128499d8
119	140	0x16fb1c	0x3c	0x3	0x128499d8	[350101][branch-probe] sample #140 managed_native_blr_15454c            pc=0x1215454c libmetasec_ml.so+0x15454c lr=0x15ab44 sp=0xe4ffe5f0 x0=0xe4ffe868 x1=0xe4ffe868 x2=0x3c x3=0x3 x4=0x121566a4 x8=0x1216fb1c blr_target=0x16fb1c frame_x19=0xe4ffe868 slot2=0x128499d8
120	141	0x16ecf0	0xc	0x3	0x128499d8	[350101][branch-probe] sample #141 managed_native_blr_15454c            pc=0x1215454c libmetasec_ml.so+0x15454c lr=0x15ab44 sp=0xe4ffe5f0 x0=0xe4ffe868 x1=0xe4ffe868 x2=0xc x3=0x3 x4=0x121566a4 x8=0x1216ecf0 blr_target=0x16ecf0 frame_x19=0xe4ffe868 slot2=0x128499d8
121	142	0x16fb1c	0x3c	0x3	0x128499d8	[350101][branch-probe] sample #142 managed_native_blr_15454c            pc=0x1215454c libmetasec_ml.so+0x15454c lr=0x15ab44 sp=0xe4ffe5f0 x0=0xe4ffe868 x1=0xe4ffe868 x2=0x3c x3=0x3 x4=0x121566a4 x8=0x1216fb1c blr_target=0x16fb1c frame_x19=0xe4ffe868 slot2=0x128499d8
122	143	0x16ecf0	0xc	0x3	0x128499d8	[350101][branch-probe] sample #143 managed_native_blr_15454c            pc=0x1215454c libmetasec_ml.so+0x15454c lr=0x15ab44 sp=0xe4ffe5f0 x0=0xe4ffe868 x1=0xe4ffe868 x2=0xc x3=0x3 x4=0x121566a4 x8=0x1216ecf0 blr_target=0x16ecf0 frame_x19=0xe4ffe868 slot2=0x128499d8
123	144	0x16fb54	0x3d	0x3	0x128499d8	[350101][branch-probe] sample #144 managed_native_blr_15454c            pc=0x1215454c libmetasec_ml.so+0x15454c lr=0x15ab44 sp=0xe4ffe5f0 x0=0xe4ffe868 x1=0xe4ffe868 x2=0x3d x3=0x3 x4=0x121566a4 x8=0x1216fb54 blr_target=0x16fb54 frame_x19=0xe4ffe868 slot2=0x128499d8
124	145	0x16fb78	0x3e	0x3	0x128499d8	[350101][branch-probe] sample #145 managed_native_blr_15454c            pc=0x1215454c libmetasec_ml.so+0x15454c lr=0x15ab44 sp=0xe4ffe5f0 x0=0xe4ffe868 x1=0xe4ffe868 x2=0x3e x3=0x3 x4=0x121566a4 x8=0x1216fb78 blr_target=0x16fb78 frame_x19=0xe4ffe868 slot2=0x128499d8
125	146	0x16fb78	0x3e	0x3	0x128499d8	[350101][branch-probe] sample #146 managed_native_blr_15454c            pc=0x1215454c libmetasec_ml.so+0x15454c lr=0x15ab44 sp=0xe4ffe5f0 x0=0xe4ffe868 x1=0xe4ffe868 x2=0x3e x3=0x3 x4=0x121566a4 x8=0x1216fb78 blr_target=0x16fb78 frame_x19=0xe4ffe868 slot2=0x128499d8
126	147	0x16ecf0	0xc	0x3	0x128499d8	[350101][branch-probe] sample #147 managed_native_blr_15454c            pc=0x1215454c libmetasec_ml.so+0x15454c lr=0x15ab44 sp=0xe4ffe5f0 x0=0xe4ffe868 x1=0xe4ffe868 x2=0xc x3=0x3 x4=0x121566a4 x8=0x1216ecf0 blr_target=0x16ecf0 frame_x19=0xe4ffe868 slot2=0x128499d8
127	148	0x16ecf0	0xc	0x3	0x128499d8	[350101][branch-probe] sample #148 managed_native_blr_15454c            pc=0x1215454c libmetasec_ml.so+0x15454c lr=0x15ab44 sp=0xe4ffe5f0 x0=0xe4ffe868 x1=0xe4ffe868 x2=0xc x3=0x3 x4=0x121566a4 x8=0x1216ecf0 blr_target=0x16ecf0 frame_x19=0xe4ffe868 slot2=0x128499d8
128	149	0x16fbb0	0x3f	0x3	0x128499d8	[350101][branch-probe] sample #149 managed_native_blr_15454c            pc=0x1215454c libmetasec_ml.so+0x15454c lr=0x15ab44 sp=0xe4ffe5f0 x0=0xe4ffe868 x1=0xe4ffe868 x2=0x3f x3=0x3 x4=0x121566a4 x8=0x1216fbb0 blr_target=0x16fbb0 frame_x19=0xe4ffe868 slot2=0x128499d8
129	150	0x16fbd4	0x40	0x3	0x128499d8	[350101][branch-probe] sample #150 managed_native_blr_15454c            pc=0x1215454c libmetasec_ml.so+0x15454c lr=0x15ab44 sp=0xe4ffe5f0 x0=0xe4ffe868 x1=0xe4ffe868 x2=0x40 x3=0x3 x4=0x121566a4 x8=0x1216fbd4 blr_target=0x16fbd4 frame_x19=0xe4ffe868 slot2=0x128499d8
130	151	0x16fbf8	0x42	0x3	0x128499d8	[350101][branch-probe] sample #151 managed_native_blr_15454c            pc=0x1215454c libmetasec_ml.so+0x15454c lr=0x15ab44 sp=0xe4ffe5f0 x0=0xe4ffe868 x1=0xe4ffe868 x2=0x42 x3=0x3 x4=0x121566a4 x8=0x1216fbf8 blr_target=0x16fbf8 frame_x19=0xe4ffe868 slot2=0x128499d8
131	152	0x16fc1c	0x43	0x3	0x128499d8	[350101][branch-probe] sample #152 managed_native_blr_15454c            pc=0x1215454c libmetasec_ml.so+0x15454c lr=0x15ab44 sp=0xe4ffe5f0 x0=0xe4ffe868 x1=0xe4ffe868 x2=0x43 x3=0x3 x4=0x121566a4 x8=0x1216fc1c blr_target=0x16fc1c frame_x19=0xe4ffe868 slot2=0x128499d8
132	153	0x16f014	0x17	0x3	0x128499d8	[350101][branch-probe] sample #153 managed_native_blr_15454c            pc=0x1215454c libmetasec_ml.so+0x15454c lr=0x15ab44 sp=0xe4ffe5f0 x0=0xe4ffe868 x1=0xe4ffe868 x2=0x17 x3=0x3 x4=0x121566a4 x8=0x1216f014 blr_target=0x16f014 frame_x19=0xe4ffe868 slot2=0x128499d8
133	154	0x16edb8	0x8	0x3	0x128499d8	[350101][branch-probe] sample #154 managed_native_blr_15454c            pc=0x1215454c libmetasec_ml.so+0x15454c lr=0x15ab44 sp=0xe4ffe5f0 x0=0xe4ffe868 x1=0xe4ffe868 x2=0x8 x3=0x3 x4=0x121566a4 x8=0x1216edb8 blr_target=0x16edb8 frame_x19=0xe4ffe868 slot2=0x128499d8
134	155	0x16fc48	0x44	0x3	0x128499d8	[350101][branch-probe] sample #155 managed_native_blr_15454c            pc=0x1215454c libmetasec_ml.so+0x15454c lr=0x15ab44 sp=0xe4ffe5f0 x0=0xe4ffe868 x1=0xe4ffe868 x2=0x44 x3=0x3 x4=0x121566a4 x8=0x1216fc48 blr_target=0x16fc48 frame_x19=0xe4ffe868 slot2=0x128499d8
135	156	0x16eda0	0x7	0x3	0x128499d8	[350101][branch-probe] sample #156 managed_native_blr_15454c            pc=0x1215454c libmetasec_ml.so+0x15454c lr=0x15ab44 sp=0xe4ffe5f0 x0=0xe4ffe868 x1=0xe4ffe868 x2=0x7 x3=0x3 x4=0x121566a4 x8=0x1216eda0 blr_target=0x16eda0 frame_x19=0xe4ffe868 slot2=0x128499d8
136	157	0x16ec3c	0x4	0x3	0x128499d8	[350101][branch-probe] sample #157 managed_native_blr_15454c            pc=0x1215454c libmetasec_ml.so+0x15454c lr=0x15ab44 sp=0xe4ffe5f0 x0=0xe4ffe868 x1=0xe4ffe868 x2=0x4 x3=0x3 x4=0x121566a4 x8=0x1216ec3c blr_target=0x16ec3c frame_x19=0xe4ffe868 slot2=0x128499d8
137	158	0x16ec3c	0x4	0x3	0x128499d8	[350101][branch-probe] sample #158 managed_native_blr_15454c            pc=0x1215454c libmetasec_ml.so+0x15454c lr=0x15ab44 sp=0xe4ffe5f0 x0=0xe4ffe868 x1=0xe4ffe868 x2=0x4 x3=0x3 x4=0x121566a4 x8=0x1216ec3c blr_target=0x16ec3c frame_x19=0xe4ffe868 slot2=0x128499d8
138	159	0x16ec3c	0x4	0x3	0x128499d8	[350101][branch-probe] sample #159 managed_native_blr_15454c            pc=0x1215454c libmetasec_ml.so+0x15454c lr=0x15ab44 sp=0xe4ffe5f0 x0=0xe4ffe868 x1=0xe4ffe868 x2=0x4 x3=0x3 x4=0x121566a4 x8=0x1216ec3c blr_target=0x16ec3c frame_x19=0xe4ffe868 slot2=0x128499d8
139	160	0x16f0d0	0x1a	0x3	0x128499d8	[350101][branch-probe] sample #160 managed_native_blr_15454c            pc=0x1215454c libmetasec_ml.so+0x15454c lr=0x15ab44 sp=0xe4ffe5f0 x0=0xe4ffe868 x1=0xe4ffe868 x2=0x1a x3=0x3 x4=0x121566a4 x8=0x1216f0d0 blr_target=0x16f0d0 frame_x19=0xe4ffe868 slot2=0x128499d8
140	161	0x16f014	0x17	0x3	0x128499d8	[350101][branch-probe] sample #161 managed_native_blr_15454c            pc=0x1215454c libmetasec_ml.so+0x15454c lr=0x15ab44 sp=0xe4ffe5f0 x0=0xe4ffe868 x1=0xe4ffe868 x2=0x17 x3=0x3 x4=0x121566a4 x8=0x1216f014 blr_target=0x16f014 frame_x19=0xe4ffe868 slot2=0x128499d8
141	162	0x16edb8	0x8	0x3	0x128499d8	[350101][branch-probe] sample #162 managed_native_blr_15454c            pc=0x1215454c libmetasec_ml.so+0x15454c lr=0x15ab44 sp=0xe4ffe5f0 x0=0xe4ffe868 x1=0xe4ffe868 x2=0x8 x3=0x3 x4=0x121566a4 x8=0x1216edb8 blr_target=0x16edb8 frame_x19=0xe4ffe868 slot2=0x128499d8
142	163	0x16f038	0x18	0x3	0x128499d8	[350101][branch-probe] sample #163 managed_native_blr_15454c            pc=0x1215454c libmetasec_ml.so+0x15454c lr=0x15ab44 sp=0xe4ffe5f0 x0=0xe4ffe868 x1=0xe4ffe868 x2=0x18 x3=0x3 x4=0x121566a4 x8=0x1216f038 blr_target=0x16f038 frame_x19=0xe4ffe868 slot2=0x128499d8
143	164	0x16eda0	0x7	0x3	0x128499d8	[350101][branch-probe] sample #164 managed_native_blr_15454c            pc=0x1215454c libmetasec_ml.so+0x15454c lr=0x15ab44 sp=0xe4ffe5f0 x0=0xe4ffe868 x1=0xe4ffe868 x2=0x7 x3=0x3 x4=0x121566a4 x8=0x1216eda0 blr_target=0x16eda0 frame_x19=0xe4ffe868 slot2=0x128499d8
144	165	0x16fce4	0x46	0x3	0x128499d8	[350101][branch-probe] sample #165 managed_native_blr_15454c            pc=0x1215454c libmetasec_ml.so+0x15454c lr=0x15ab44 sp=0xe4ffe5f0 x0=0xe4ffe868 x1=0xe4ffe868 x2=0x46 x3=0x3 x4=0x121566a4 x8=0x1216fce4 blr_target=0x16fce4 frame_x19=0xe4ffe868 slot2=0x128499d8
145	166	0x16ec10	0x47	0x3	0x128499d8	[350101][branch-probe] sample #166 managed_native_blr_15454c            pc=0x1215454c libmetasec_ml.so+0x15454c lr=0x15ab44 sp=0xe4ffe5f0 x0=0xe4ffe868 x1=0xe4ffe868 x2=0x47 x3=0x3 x4=0x121566a4 x8=0x1216ec10 blr_target=0x16ec10 frame_x19=0xe4ffe868 slot2=0x128499d8
146	167	0x16ec3c	0x4	0x3	0x128499d8	[350101][branch-probe] sample #167 managed_native_blr_15454c            pc=0x1215454c libmetasec_ml.so+0x15454c lr=0x15ab44 sp=0xe4ffe5f0 x0=0xe4ffe868 x1=0xe4ffe868 x2=0x4 x3=0x3 x4=0x121566a4 x8=0x1216ec3c blr_target=0x16ec3c frame_x19=0xe4ffe868 slot2=0x128499d8
147	168	0x16ec54	0x48	0x3	0x128499d8	[350101][branch-probe] sample #168 managed_native_blr_15454c            pc=0x1215454c libmetasec_ml.so+0x15454c lr=0x15ab44 sp=0xe4ffe5f0 x0=0xe4ffe868 x1=0xe4ffe868 x2=0x48 x3=0x3 x4=0x121566a4 x8=0x1216ec54 blr_target=0x16ec54 frame_x19=0xe4ffe868 slot2=0x128499d8
148	169	0x170188	0x49	0x3	0x128499d8	[350101][branch-probe] sample #169 managed_native_blr_15454c            pc=0x1215454c libmetasec_ml.so+0x15454c lr=0x15ab44 sp=0xe4ffe5f0 x0=0xe4ffe868 x1=0xe4ffe868 x2=0x49 x3=0x3 x4=0x121566a4 x8=0x12170188 blr_target=0x170188 frame_x19=0xe4ffe868 slot2=0x128499d8
149	170	0x16f14c	0x1c	0x3	0x128499d8	[350101][branch-probe] sample #170 managed_native_blr_15454c            pc=0x1215454c libmetasec_ml.so+0x15454c lr=0x15ab44 sp=0xe4ffe5f0 x0=0xe4ffe868 x1=0xe4ffe868 x2=0x1c x3=0x3 x4=0x121566a4 x8=0x1216f14c blr_target=0x16f14c frame_x19=0xe4ffe868 slot2=0x128499d8
150	171	0x16f0fc	0x1b	0x3	0x128498e8	[350101][branch-probe] sample #171 managed_native_blr_15454c            pc=0x1215454c libmetasec_ml.so+0x15454c lr=0x15ab44 sp=0xe4ffe5f0 x0=0xe4ffe868 x1=0xe4ffe868 x2=0x1b x3=0x3 x4=0x121566a4 x8=0x1216f0fc blr_target=0x16f0fc frame_x19=0xe4ffe868 slot2=0x128498e8
151	172	0x16fd00	0x4a	0x3	0x128498e8	[350101][branch-probe] sample #172 managed_native_blr_15454c            pc=0x1215454c libmetasec_ml.so+0x15454c lr=0x15ab44 sp=0xe4ffe5f0 x0=0xe4ffe868 x1=0xe4ffe868 x2=0x4a x3=0x3 x4=0x121566a4 x8=0x1216fd00 blr_target=0x16fd00 frame_x19=0xe4ffe868 slot2=0x128498e8
152	173	0x16ecf0	0xc	0x3	0x128498e8	[350101][branch-probe] sample #173 managed_native_blr_15454c            pc=0x1215454c libmetasec_ml.so+0x15454c lr=0x15ab44 sp=0xe4ffe5f0 x0=0xe4ffe868 x1=0xe4ffe868 x2=0xc x3=0x3 x4=0x121566a4 x8=0x1216ecf0 blr_target=0x16ecf0 frame_x19=0xe4ffe868 slot2=0x128498e8
153	174	0x16eda0	0x7	0x3	0x128498e8	[350101][branch-probe] sample #174 managed_native_blr_15454c            pc=0x1215454c libmetasec_ml.so+0x15454c lr=0x15ab44 sp=0xe4ffe5f0 x0=0xe4ffe868 x1=0xe4ffe868 x2=0x7 x3=0x3 x4=0x121566a4 x8=0x1216eda0 blr_target=0x16eda0 frame_x19=0xe4ffe868 slot2=0x128498e8
154	175	0x16fd2c	0x4b	0x3	0x128498e8	[350101][branch-probe] sample #175 managed_native_blr_15454c            pc=0x1215454c libmetasec_ml.so+0x15454c lr=0x15ab44 sp=0xe4ffe5f0 x0=0xe4ffe868 x1=0xe4ffe868 x2=0x4b x3=0x3 x4=0x121566a4 x8=0x1216fd2c blr_target=0x16fd2c frame_x19=0xe4ffe868 slot2=0x128498e8
155	176	0x16fdc0	0x4c	0x3	0x43300000	[350101][branch-probe] sample #176 managed_native_blr_15454c            pc=0x1215454c libmetasec_ml.so+0x15454c lr=0x15ab44 sp=0xe4ffe5f0 x0=0xe4ffe868 x1=0xe4ffe868 x2=0x4c x3=0x3 x4=0x121566a4 x8=0x1216fdc0 blr_target=0x16fdc0 frame_x19=0xe4ffe868 slot2=0x43300000
156	177	0x16fd64	0x4d	0x3	0x43300000	[350101][branch-probe] sample #177 managed_native_blr_15454c            pc=0x1215454c libmetasec_ml.so+0x15454c lr=0x15ab44 sp=0xe4ffe5f0 x0=0xe4ffe868 x1=0xe4ffe868 x2=0x4d x3=0x3 x4=0x121566a4 x8=0x1216fd64 blr_target=0x16fd64 frame_x19=0xe4ffe868 slot2=0x43300000
157	178	0x16fde4	0x4e	0x3	0x43300000	[350101][branch-probe] sample #178 managed_native_blr_15454c            pc=0x1215454c libmetasec_ml.so+0x15454c lr=0x15ab44 sp=0xe4ffe5f0 x0=0xe4ffe868 x1=0xe4ffe868 x2=0x4e x3=0x3 x4=0x121566a4 x8=0x1216fde4 blr_target=0x16fde4 frame_x19=0xe4ffe868 slot2=0x43300000
158	179	0x16fd64	0x4d	0x3	0x43300000	[350101][branch-probe] sample #179 managed_native_blr_15454c            pc=0x1215454c libmetasec_ml.so+0x15454c lr=0x15ab44 sp=0xe4ffe5f0 x0=0xe4ffe868 x1=0xe4ffe868 x2=0x4d x3=0x3 x4=0x121566a4 x8=0x1216fd64 blr_target=0x16fd64 frame_x19=0xe4ffe868 slot2=0x43300000
159	180	0x16fe08	0x4f	0x3	0x43300000	[350101][branch-probe] sample #180 managed_native_blr_15454c            pc=0x1215454c libmetasec_ml.so+0x15454c lr=0x15ab44 sp=0xe4ffe5f0 x0=0xe4ffe868 x1=0xe4ffe868 x2=0x4f x3=0x3 x4=0x121566a4 x8=0x1216fe08 blr_target=0x16fe08 frame_x19=0xe4ffe868 slot2=0x43300000
160	183	0x16fd64	0x4d	0x3	0x43300000	[350101][branch-probe] sample #183 managed_native_blr_15454c            pc=0x1215454c libmetasec_ml.so+0x15454c lr=0x15ab44 sp=0xe4ffe5f0 x0=0xe4ffe868 x1=0xe4ffe868 x2=0x4d x3=0x3 x4=0x121566a4 x8=0x1216fd64 blr_target=0x16fd64 frame_x19=0xe4ffe868 slot2=0x43300000
161	184	0x16fe2c	0x50	0x3	0x43300000	[350101][branch-probe] sample #184 managed_native_blr_15454c            pc=0x1215454c libmetasec_ml.so+0x15454c lr=0x15ab44 sp=0xe4ffe5f0 x0=0xe4ffe868 x1=0xe4ffe868 x2=0x50 x3=0x3 x4=0x121566a4 x8=0x1216fe2c blr_target=0x16fe2c frame_x19=0xe4ffe868 slot2=0x43300000
162	185	0x16fd64	0x4d	0x3	0x43300000	[350101][branch-probe] sample #185 managed_native_blr_15454c            pc=0x1215454c libmetasec_ml.so+0x15454c lr=0x15ab44 sp=0xe4ffe5f0 x0=0xe4ffe868 x1=0xe4ffe868 x2=0x4d x3=0x3 x4=0x121566a4 x8=0x1216fd64 blr_target=0x16fd64 frame_x19=0xe4ffe868 slot2=0x43300000
163	186	0x16fd64	0x4d	0x3	0x43300000	[350101][branch-probe] sample #186 managed_native_blr_15454c            pc=0x1215454c libmetasec_ml.so+0x15454c lr=0x15ab44 sp=0xe4ffe5f0 x0=0xe4ffe868 x1=0xe4ffe868 x2=0x4d x3=0x3 x4=0x121566a4 x8=0x1216fd64 blr_target=0x16fd64 frame_x19=0xe4ffe868 slot2=0x43300000
164	187	0x16fd64	0x4d	0x3	0x43300000	[350101][branch-probe] sample #187 managed_native_blr_15454c            pc=0x1215454c libmetasec_ml.so+0x15454c lr=0x15ab44 sp=0xe4ffe5f0 x0=0xe4ffe868 x1=0xe4ffe868 x2=0x4d x3=0x3 x4=0x121566a4 x8=0x1216fd64 blr_target=0x16fd64 frame_x19=0xe4ffe868 slot2=0x43300000
165	188	0x16fd00	0x4a	0x3	0x43300000	[350101][branch-probe] sample #188 managed_native_blr_15454c            pc=0x1215454c libmetasec_ml.so+0x15454c lr=0x15ab44 sp=0xe4ffe5f0 x0=0xe4ffe868 x1=0xe4ffe868 x2=0x4a x3=0x3 x4=0x121566a4 x8=0x1216fd00 blr_target=0x16fd00 frame_x19=0xe4ffe868 slot2=0x43300000
166	189	0x16fd64	0x4d	0x3	0x43300000	[350101][branch-probe] sample #189 managed_native_blr_15454c            pc=0x1215454c libmetasec_ml.so+0x15454c lr=0x15ab44 sp=0xe4ffe5f0 x0=0xe4ffe868 x1=0xe4ffe868 x2=0x4d x3=0x3 x4=0x121566a4 x8=0x1216fd64 blr_target=0x16fd64 frame_x19=0xe4ffe868 slot2=0x43300000
167	190	0x16f014	0x17	0x3	0x43300000	[350101][branch-probe] sample #190 managed_native_blr_15454c            pc=0x1215454c libmetasec_ml.so+0x15454c lr=0x15ab44 sp=0xe4ffe5f0 x0=0xe4ffe868 x1=0xe4ffe868 x2=0x17 x3=0x3 x4=0x121566a4 x8=0x1216f014 blr_target=0x16f014 frame_x19=0xe4ffe868 slot2=0x43300000
168	191	0x16edb8	0x8	0x3	0x43300000	[350101][branch-probe] sample #191 managed_native_blr_15454c            pc=0x1215454c libmetasec_ml.so+0x15454c lr=0x15ab44 sp=0xe4ffe5f0 x0=0xe4ffe868 x1=0xe4ffe868 x2=0x8 x3=0x3 x4=0x121566a4 x8=0x1216edb8 blr_target=0x16edb8 frame_x19=0xe4ffe868 slot2=0x43300000
169	192	0x16fe50	0x51	0x3	0x43300000	[350101][branch-probe] sample #192 managed_native_blr_15454c            pc=0x1215454c libmetasec_ml.so+0x15454c lr=0x15ab44 sp=0xe4ffe5f0 x0=0xe4ffe868 x1=0xe4ffe868 x2=0x51 x3=0x3 x4=0x121566a4 x8=0x1216fe50 blr_target=0x16fe50 frame_x19=0xe4ffe868 slot2=0x43300000
170	193	0x16eda0	0x7	0x3	0x43300000	[350101][branch-probe] sample #193 managed_native_blr_15454c            pc=0x1215454c libmetasec_ml.so+0x15454c lr=0x15ab44 sp=0xe4ffe5f0 x0=0xe4ffe868 x1=0xe4ffe868 x2=0x7 x3=0x3 x4=0x121566a4 x8=0x1216eda0 blr_target=0x16eda0 frame_x19=0xe4ffe868 slot2=0x43300000
171	194	0x16fea0	0x52	0x3	0x43300000	[350101][branch-probe] sample #194 managed_native_blr_15454c            pc=0x1215454c libmetasec_ml.so+0x15454c lr=0x15ab44 sp=0xe4ffe5f0 x0=0xe4ffe868 x1=0xe4ffe868 x2=0x52 x3=0x3 x4=0x121566a4 x8=0x1216fea0 blr_target=0x16fea0 frame_x19=0xe4ffe868 slot2=0x43300000
172	195	0x16eda0	0x7	0x3	0x43300000	[350101][branch-probe] sample #195 managed_native_blr_15454c            pc=0x1215454c libmetasec_ml.so+0x15454c lr=0x15ab44 sp=0xe4ffe5f0 x0=0xe4ffe868 x1=0xe4ffe868 x2=0x7 x3=0x3 x4=0x121566a4 x8=0x1216eda0 blr_target=0x16eda0 frame_x19=0xe4ffe868 slot2=0x43300000
173	196	0x16fd64	0x4d	0x3	0x43300000	[350101][branch-probe] sample #196 managed_native_blr_15454c            pc=0x1215454c libmetasec_ml.so+0x15454c lr=0x15ab44 sp=0xe4ffe5f0 x0=0xe4ffe868 x1=0xe4ffe868 x2=0x4d x3=0x3 x4=0x121566a4 x8=0x1216fd64 blr_target=0x16fd64 frame_x19=0xe4ffe868 slot2=0x43300000
174	197	0x16f79c	0x53	0x3	0x12849f48	[350101][branch-probe] sample #197 managed_native_blr_15454c            pc=0x1215454c libmetasec_ml.so+0x15454c lr=0x15ab44 sp=0xe4ffe5f0 x0=0xe4ffe868 x1=0xe4ffe868 x2=0x53 x3=0x3 x4=0x121566a4 x8=0x1216f79c blr_target=0x16f79c frame_x19=0xe4ffe868 slot2=0x12849f48
175	198	0x16edb8	0x8	0x3	0x12849f48	[350101][branch-probe] sample #198 managed_native_blr_15454c            pc=0x1215454c libmetasec_ml.so+0x15454c lr=0x15ab44 sp=0xe4ffe5f0 x0=0xe4ffe868 x1=0xe4ffe868 x2=0x8 x3=0x3 x4=0x121566a4 x8=0x1216edb8 blr_target=0x16edb8 frame_x19=0xe4ffe868 slot2=0x12849f48
176	199	0x16ff00	0x54	0x3	0x12849f48	[350101][branch-probe] sample #199 managed_native_blr_15454c            pc=0x1215454c libmetasec_ml.so+0x15454c lr=0x15ab44 sp=0xe4ffe5f0 x0=0xe4ffe868 x1=0xe4ffe868 x2=0x54 x3=0x3 x4=0x121566a4 x8=0x1216ff00 blr_target=0x16ff00 frame_x19=0xe4ffe868 slot2=0x12849f48
177	200	0x16eda0	0x7	0x3	0x1	[350101][branch-probe] sample #200 managed_native_blr_15454c            pc=0x1215454c libmetasec_ml.so+0x15454c lr=0x15ab44 sp=0xe4ffe5f0 x0=0xe4ffe868 x1=0xe4ffe868 x2=0x7 x3=0x3 x4=0x121566a4 x8=0x1216eda0 blr_target=0x16eda0 frame_x19=0xe4ffe868 slot2=0x1
178	201	0x16eda0	0x7	0x3	0x1	[350101][branch-probe] sample #201 managed_native_blr_15454c            pc=0x1215454c libmetasec_ml.so+0x15454c lr=0x15ab44 sp=0xe4ffe5f0 x0=0xe4ffe868 x1=0xe4ffe868 x2=0x7 x3=0x3 x4=0x121566a4 x8=0x1216eda0 blr_target=0x16eda0 frame_x19=0xe4ffe868 slot2=0x1
179	202	0x16ff2c	0x55	0x3	0x12849f48	[350101][branch-probe] sample #202 managed_native_blr_15454c            pc=0x1215454c libmetasec_ml.so+0x15454c lr=0x15ab44 sp=0xe4ffe5f0 x0=0xe4ffe868 x1=0xe4ffe868 x2=0x55 x3=0x3 x4=0x121566a4 x8=0x1216ff2c blr_target=0x16ff2c frame_x19=0xe4ffe868 slot2=0x12849f48
180	203	0x16ff8c	0x56	0x3	0x12849f48	[350101][branch-probe] sample #203 managed_native_blr_15454c            pc=0x1215454c libmetasec_ml.so+0x15454c lr=0x15ab44 sp=0xe4ffe5f0 x0=0xe4ffe868 x1=0xe4ffe868 x2=0x56 x3=0x3 x4=0x121566a4 x8=0x1216ff8c blr_target=0x16ff8c frame_x19=0xe4ffe868 slot2=0x12849f48
181	204	0x1700a8	0x57	0x3	0x12849f48	[350101][branch-probe] sample #204 managed_native_blr_15454c            pc=0x1215454c libmetasec_ml.so+0x15454c lr=0x15ab44 sp=0xe4ffe5f0 x0=0xe4ffe868 x1=0xe4ffe868 x2=0x57 x3=0x3 x4=0x121566a4 x8=0x121700a8 blr_target=0x1700a8 frame_x19=0xe4ffe868 slot2=0x12849f48
182	205	0x162ab0	0x3	0x3	0x12849f48	[350101][branch-probe] sample #205 managed_native_blr_15454c            pc=0x1215454c libmetasec_ml.so+0x15454c lr=0x15ab44 sp=0xe4ffe5f0 x0=0xe4ffe868 x1=0xe4ffe868 x2=0x3 x3=0x3 x4=0x121566a4 x8=0x12162ab0 blr_target=0x162ab0 frame_x19=0xe4ffe868 slot2=0x12849f48
183	206	0x162ab0	0x3	0x3	0x12849f48	[350101][branch-probe] sample #206 managed_native_blr_15454c            pc=0x1215454c libmetasec_ml.so+0x15454c lr=0x15ab44 sp=0xe4ffe5f0 x0=0xe4ffe868 x1=0xe4ffe868 x2=0x3 x3=0x3 x4=0x121566a4 x8=0x12162ab0 blr_target=0x162ab0 frame_x19=0xe4ffe868 slot2=0x12849f48
184	207	0x16ffc4	0x58	0x3	0x12849f48	[350101][branch-probe] sample #207 managed_native_blr_15454c            pc=0x1215454c libmetasec_ml.so+0x15454c lr=0x15ab44 sp=0xe4ffe5f0 x0=0xe4ffe868 x1=0xe4ffe868 x2=0x58 x3=0x3 x4=0x121566a4 x8=0x1216ffc4 blr_target=0x16ffc4 frame_x19=0xe4ffe868 slot2=0x12849f48
185	208	0x16ffe8	0x59	0x3	0x12849f48	[350101][branch-probe] sample #208 managed_native_blr_15454c            pc=0x1215454c libmetasec_ml.so+0x15454c lr=0x15ab44 sp=0xe4ffe5f0 x0=0xe4ffe868 x1=0xe4ffe868 x2=0x59 x3=0x3 x4=0x121566a4 x8=0x1216ffe8 blr_target=0x16ffe8 frame_x19=0xe4ffe868 slot2=0x12849f48
186	209	0x16ea70	0x0	0x3	0x12849f48	[350101][branch-probe] sample #209 managed_native_blr_15454c            pc=0x1215454c libmetasec_ml.so+0x15454c lr=0x15ab44 sp=0xe4ffe5f0 x0=0xe4ffe868 x1=0xe4ffe868 x2=0x0 x3=0x3 x4=0x121566a4 x8=0x1216ea70 blr_target=0x16ea70 frame_x19=0xe4ffe868 slot2=0x12849f48
187	210	0x170014	0x5a	0x3	0x12849f48	[350101][branch-probe] sample #210 managed_native_blr_15454c            pc=0x1215454c libmetasec_ml.so+0x15454c lr=0x15ab44 sp=0xe4ffe5f0 x0=0xe4ffe868 x1=0xe4ffe868 x2=0x5a x3=0x3 x4=0x121566a4 x8=0x12170014 blr_target=0x170014 frame_x19=0xe4ffe868 slot2=0x12849f48
188	211	0x170060	0x5b	0x3	0x12849f48	[350101][branch-probe] sample #211 managed_native_blr_15454c            pc=0x1215454c libmetasec_ml.so+0x15454c lr=0x15ab44 sp=0xe4ffe5f0 x0=0xe4ffe868 x1=0xe4ffe868 x2=0x5b x3=0x3 x4=0x121566a4 x8=0x12170060 blr_target=0x170060 frame_x19=0xe4ffe868 slot2=0x12849f48
189	212	0x16ecf0	0xc	0x3	0x12849f48	[350101][branch-probe] sample #212 managed_native_blr_15454c            pc=0x1215454c libmetasec_ml.so+0x15454c lr=0x15ab44 sp=0xe4ffe5f0 x0=0xe4ffe868 x1=0xe4ffe868 x2=0xc x3=0x3 x4=0x121566a4 x8=0x1216ecf0 blr_target=0x16ecf0 frame_x19=0xe4ffe868 slot2=0x12849f48
190	213	0x170078	0x5c	0x3	0x12849f48	[350101][branch-probe] sample #213 managed_native_blr_15454c            pc=0x1215454c libmetasec_ml.so+0x15454c lr=0x15ab44 sp=0xe4ffe5f0 x0=0xe4ffe868 x1=0xe4ffe868 x2=0x5c x3=0x3 x4=0x121566a4 x8=0x12170078 blr_target=0x170078 frame_x19=0xe4ffe868 slot2=0x12849f48
191	214	0x16ecf0	0xc	0x3	0x12849f48	[350101][branch-probe] sample #214 managed_native_blr_15454c            pc=0x1215454c libmetasec_ml.so+0x15454c lr=0x15ab44 sp=0xe4ffe5f0 x0=0xe4ffe868 x1=0xe4ffe868 x2=0xc x3=0x3 x4=0x121566a4 x8=0x1216ecf0 blr_target=0x16ecf0 frame_x19=0xe4ffe868 slot2=0x12849f48
192	215	0x16ecf0	0xc	0x3	0x12849f48	[350101][branch-probe] sample #215 managed_native_blr_15454c            pc=0x1215454c libmetasec_ml.so+0x15454c lr=0x15ab44 sp=0xe4ffe5f0 x0=0xe4ffe868 x1=0xe4ffe868 x2=0xc x3=0x3 x4=0x121566a4 x8=0x1216ecf0 blr_target=0x16ecf0 frame_x19=0xe4ffe868 slot2=0x12849f48
193	216	0x16eda0	0x7	0x3	0x12849f48	[350101][branch-probe] sample #216 managed_native_blr_15454c            pc=0x1215454c libmetasec_ml.so+0x15454c lr=0x15ab44 sp=0xe4ffe5f0 x0=0xe4ffe868 x1=0xe4ffe868 x2=0x7 x3=0x3 x4=0x121566a4 x8=0x1216eda0 blr_target=0x16eda0 frame_x19=0xe4ffe868 slot2=0x12849f48
194	217	0x16eda0	0x7	0x3	0x12849f48	[350101][branch-probe] sample #217 managed_native_blr_15454c            pc=0x1215454c libmetasec_ml.so+0x15454c lr=0x15ab44 sp=0xe4ffe5f0 x0=0xe4ffe868 x1=0xe4ffe868 x2=0x7 x3=0x3 x4=0x121566a4 x8=0x1216eda0 blr_target=0x16eda0 frame_x19=0xe4ffe868 slot2=0x12849f48
195	218	0x16eda0	0x7	0x3	0x12849f48	[350101][branch-probe] sample #218 managed_native_blr_15454c            pc=0x1215454c libmetasec_ml.so+0x15454c lr=0x15ab44 sp=0xe4ffe5f0 x0=0xe4ffe868 x1=0xe4ffe868 x2=0x7 x3=0x3 x4=0x121566a4 x8=0x1216eda0 blr_target=0x16eda0 frame_x19=0xe4ffe868 slot2=0x12849f48
196	219	0x16ecf0	0xc	0x3	0x12849f48	[350101][branch-probe] sample #219 managed_native_blr_15454c            pc=0x1215454c libmetasec_ml.so+0x15454c lr=0x15ab44 sp=0xe4ffe5f0 x0=0xe4ffe868 x1=0xe4ffe868 x2=0xc x3=0x3 x4=0x121566a4 x8=0x1216ecf0 blr_target=0x16ecf0 frame_x19=0xe4ffe868 slot2=0x12849f48
197	220	0x16ecf0	0xc	0x3	0x12849f48	[350101][branch-probe] sample #220 managed_native_blr_15454c            pc=0x1215454c libmetasec_ml.so+0x15454c lr=0x15ab44 sp=0xe4ffe5f0 x0=0xe4ffe868 x1=0xe4ffe868 x2=0xc x3=0x3 x4=0x121566a4 x8=0x1216ecf0 blr_target=0x16ecf0 frame_x19=0xe4ffe868 slot2=0x12849f48
198	221	0x16eda0	0x7	0x3	0x12849f48	[350101][branch-probe] sample #221 managed_native_blr_15454c            pc=0x1215454c libmetasec_ml.so+0x15454c lr=0x15ab44 sp=0xe4ffe5f0 x0=0xe4ffe868 x1=0xe4ffe868 x2=0x7 x3=0x3 x4=0x121566a4 x8=0x1216eda0 blr_target=0x16eda0 frame_x19=0xe4ffe868 slot2=0x12849f48
199	222	0x16ecf0	0xc	0x3	0x12849f48	[350101][branch-probe] sample #222 managed_native_blr_15454c            pc=0x1215454c libmetasec_ml.so+0x15454c lr=0x15ab44 sp=0xe4ffe5f0 x0=0xe4ffe868 x1=0xe4ffe868 x2=0xc x3=0x3 x4=0x121566a4 x8=0x1216ecf0 blr_target=0x16ecf0 frame_x19=0xe4ffe868 slot2=0x12849f48
200	223	0x16ecf0	0xc	0x3	0x12849f48	[350101][branch-probe] sample #223 managed_native_blr_15454c            pc=0x1215454c libmetasec_ml.so+0x15454c lr=0x15ab44 sp=0xe4ffe5f0 x0=0xe4ffe868 x1=0xe4ffe868 x2=0xc x3=0x3 x4=0x121566a4 x8=0x1216ecf0 blr_target=0x16ecf0 frame_x19=0xe4ffe868 slot2=0x12849f48
201	224	0x16ecf0	0xc	0x3	0x12849f48	[350101][branch-probe] sample #224 managed_native_blr_15454c            pc=0x1215454c libmetasec_ml.so+0x15454c lr=0x15ab44 sp=0xe4ffe5f0 x0=0xe4ffe868 x1=0xe4ffe868 x2=0xc x3=0x3 x4=0x121566a4 x8=0x1216ecf0 blr_target=0x16ecf0 frame_x19=0xe4ffe868 slot2=0x12849f48
202	225	0x16ecf0	0xc	0x3	0x12849f48	[350101][branch-probe] sample #225 managed_native_blr_15454c            pc=0x1215454c libmetasec_ml.so+0x15454c lr=0x15ab44 sp=0xe4ffe5f0 x0=0xe4ffe868 x1=0xe4ffe868 x2=0xc x3=0x3 x4=0x121566a4 x8=0x1216ecf0 blr_target=0x16ecf0 frame_x19=0xe4ffe868 slot2=0x12849f48
203	226	0x16eda0	0x7	0x3	0x12849f48	[350101][branch-probe] sample #226 managed_native_blr_15454c            pc=0x1215454c libmetasec_ml.so+0x15454c lr=0x15ab44 sp=0xe4ffe5f0 x0=0xe4ffe868 x1=0xe4ffe868 x2=0x7 x3=0x3 x4=0x121566a4 x8=0x1216eda0 blr_target=0x16eda0 frame_x19=0xe4ffe868 slot2=0x12849f48
204	227	0x16ee94	0xd	0x3	0x0	[350101][branch-probe] sample #227 managed_native_blr_15454c            pc=0x1215454c libmetasec_ml.so+0x15454c lr=0x15ab44 sp=0xe4ffe700 x0=0xe4ffe868 x1=0xe4ffe868 x2=0xd x3=0x3 x4=0x121566a4 x8=0x1216ee94 blr_target=0x16ee94 frame_x19=0xe4ffe868 slot2=0x0
205	228	0x16f9f8	0x11	0x3	0x3437c9de	[350101][branch-probe] sample #228 managed_native_blr_15454c            pc=0x1215454c libmetasec_ml.so+0x15454c lr=0x15ab44 sp=0xe4ffe700 x0=0xe4ffe868 x1=0xe4ffe868 x2=0x11 x3=0x3 x4=0x121566a4 x8=0x1216f9f8 blr_target=0x16f9f8 frame_x19=0xe4ffe868 slot2=0x3437c9de
206	229	0x16f614	0x2f	0x3	0x3437c9de	[350101][branch-probe] sample #229 managed_native_blr_15454c            pc=0x1215454c libmetasec_ml.so+0x15454c lr=0x15ab44 sp=0xe4ffe700 x0=0xe4ffe868 x1=0xe4ffe868 x2=0x2f x3=0x3 x4=0x121566a4 x8=0x1216f614 blr_target=0x16f614 frame_x19=0xe4ffe868 slot2=0x3437c9de
207	230	0x16edb8	0x8	0x3	0x12849f28	[350101][branch-probe] sample #230 managed_native_blr_15454c            pc=0x1215454c libmetasec_ml.so+0x15454c lr=0x15ab44 sp=0xe4ffe700 x0=0xe4ffe868 x1=0xe4ffe868 x2=0x8 x3=0x3 x4=0x121566a4 x8=0x1216edb8 blr_target=0x16edb8 frame_x19=0xe4ffe868 slot2=0x12849f28
208	231	0x16f29c	0x21	0x3	0x12849f28	[350101][branch-probe] sample #231 managed_native_blr_15454c            pc=0x1215454c libmetasec_ml.so+0x15454c lr=0x15ab44 sp=0xe4ffe700 x0=0xe4ffe868 x1=0xe4ffe868 x2=0x21 x3=0x3 x4=0x121566a4 x8=0x1216f29c blr_target=0x16f29c frame_x19=0xe4ffe868 slot2=0x12849f28
209	233	0x16f264	0x22	0x3	0x12849f28	[350101][branch-probe] sample #233 managed_native_blr_15454c            pc=0x1215454c libmetasec_ml.so+0x15454c lr=0x15ab44 sp=0xe4ffe700 x0=0xe4ffe868 x1=0xe4ffe868 x2=0x22 x3=0x3 x4=0x121566a4 x8=0x1216f264 blr_target=0x16f264 frame_x19=0xe4ffe868 slot2=0x12849f28
210	234	0x16f338	0x23	0x3	0x12849f28	[350101][branch-probe] sample #234 managed_native_blr_15454c            pc=0x1215454c libmetasec_ml.so+0x15454c lr=0x15ab44 sp=0xe4ffe700 x0=0xe4ffe868 x1=0xe4ffe868 x2=0x23 x3=0x3 x4=0x121566a4 x8=0x1216f338 blr_target=0x16f338 frame_x19=0xe4ffe868 slot2=0x12849f28
211	235	0x16ecf0	0xc	0x3	0x12849f28	[350101][branch-probe] sample #235 managed_native_blr_15454c            pc=0x1215454c libmetasec_ml.so+0x15454c lr=0x15ab44 sp=0xe4ffe700 x0=0xe4ffe868 x1=0xe4ffe868 x2=0xc x3=0x3 x4=0x121566a4 x8=0x1216ecf0 blr_target=0x16ecf0 frame_x19=0xe4ffe868 slot2=0x12849f28
212	236	0x16ecf0	0xc	0x3	0x12849f28	[350101][branch-probe] sample #236 managed_native_blr_15454c            pc=0x1215454c libmetasec_ml.so+0x15454c lr=0x15ab44 sp=0xe4ffe700 x0=0xe4ffe868 x1=0xe4ffe868 x2=0xc x3=0x3 x4=0x121566a4 x8=0x1216ecf0 blr_target=0x16ecf0 frame_x19=0xe4ffe868 slot2=0x12849f28
213	237	0x16eda0	0x7	0x3	0x12849f28	[350101][branch-probe] sample #237 managed_native_blr_15454c            pc=0x1215454c libmetasec_ml.so+0x15454c lr=0x15ab44 sp=0xe4ffe700 x0=0xe4ffe868 x1=0xe4ffe868 x2=0x7 x3=0x3 x4=0x121566a4 x8=0x1216eda0 blr_target=0x16eda0 frame_x19=0xe4ffe868 slot2=0x12849f28
214	238	0x16ef98	0x13	0x3	0x12849f28	[350101][branch-probe] sample #238 managed_native_blr_15454c            pc=0x1215454c libmetasec_ml.so+0x15454c lr=0x15ab44 sp=0xe4ffe700 x0=0xe4ffe868 x1=0xe4ffe868 x2=0x13 x3=0x3 x4=0x121566a4 x8=0x1216ef98 blr_target=0x16ef98 frame_x19=0xe4ffe868 slot2=0x12849f28
215	239	0x16f374	0x24	0x3	0x12849f28	[350101][branch-probe] sample #239 managed_native_blr_15454c            pc=0x1215454c libmetasec_ml.so+0x15454c lr=0x15ab44 sp=0xe4ffe700 x0=0xe4ffe868 x1=0xe4ffe868 x2=0x24 x3=0x3 x4=0x121566a4 x8=0x1216f374 blr_target=0x16f374 frame_x19=0xe4ffe868 slot2=0x12849f28
216	240	0x16f0fc	0x1b	0x3	0x12849f28	[350101][branch-probe] sample #240 managed_native_blr_15454c            pc=0x1215454c libmetasec_ml.so+0x15454c lr=0x15ab44 sp=0xe4ffe700 x0=0xe4ffe868 x1=0xe4ffe868 x2=0x1b x3=0x3 x4=0x121566a4 x8=0x1216f0fc blr_target=0x16f0fc frame_x19=0xe4ffe868 slot2=0x12849f28
217	241	0x16f338	0x23	0x3	0x12849f28	[350101][branch-probe] sample #241 managed_native_blr_15454c            pc=0x1215454c libmetasec_ml.so+0x15454c lr=0x15ab44 sp=0xe4ffe700 x0=0xe4ffe868 x1=0xe4ffe868 x2=0x23 x3=0x3 x4=0x121566a4 x8=0x1216f338 blr_target=0x16f338 frame_x19=0xe4ffe868 slot2=0x12849f28
218	242	0x16ecf0	0xc	0x3	0x12849f28	[350101][branch-probe] sample #242 managed_native_blr_15454c            pc=0x1215454c libmetasec_ml.so+0x15454c lr=0x15ab44 sp=0xe4ffe700 x0=0xe4ffe868 x1=0xe4ffe868 x2=0xc x3=0x3 x4=0x121566a4 x8=0x1216ecf0 blr_target=0x16ecf0 frame_x19=0xe4ffe868 slot2=0x12849f28
219	243	0x16eda0	0x7	0x3	0x12849f28	[350101][branch-probe] sample #243 managed_native_blr_15454c            pc=0x1215454c libmetasec_ml.so+0x15454c lr=0x15ab44 sp=0xe4ffe700 x0=0xe4ffe868 x1=0xe4ffe868 x2=0x7 x3=0x3 x4=0x121566a4 x8=0x1216eda0 blr_target=0x16eda0 frame_x19=0xe4ffe868 slot2=0x12849f28
220	244	0x16f374	0x24	0x3	0x12849f28	[350101][branch-probe] sample #244 managed_native_blr_15454c            pc=0x1215454c libmetasec_ml.so+0x15454c lr=0x15ab44 sp=0xe4ffe700 x0=0xe4ffe868 x1=0xe4ffe868 x2=0x24 x3=0x3 x4=0x121566a4 x8=0x1216f374 blr_target=0x16f374 frame_x19=0xe4ffe868 slot2=0x12849f28
221	245	0x16f0fc	0x1b	0x3	0x12849f28	[350101][branch-probe] sample #245 managed_native_blr_15454c            pc=0x1215454c libmetasec_ml.so+0x15454c lr=0x15ab44 sp=0xe4ffe700 x0=0xe4ffe868 x1=0xe4ffe868 x2=0x1b x3=0x3 x4=0x121566a4 x8=0x1216f0fc blr_target=0x16f0fc frame_x19=0xe4ffe868 slot2=0x12849f28
222	246	0x16f338	0x23	0x3	0x12849f28	[350101][branch-probe] sample #246 managed_native_blr_15454c            pc=0x1215454c libmetasec_ml.so+0x15454c lr=0x15ab44 sp=0xe4ffe700 x0=0xe4ffe868 x1=0xe4ffe868 x2=0x23 x3=0x3 x4=0x121566a4 x8=0x1216f338 blr_target=0x16f338 frame_x19=0xe4ffe868 slot2=0x12849f28
223	247	0x16ecf0	0xc	0x3	0x12849f28	[350101][branch-probe] sample #247 managed_native_blr_15454c            pc=0x1215454c libmetasec_ml.so+0x15454c lr=0x15ab44 sp=0xe4ffe700 x0=0xe4ffe868 x1=0xe4ffe868 x2=0xc x3=0x3 x4=0x121566a4 x8=0x1216ecf0 blr_target=0x16ecf0 frame_x19=0xe4ffe868 slot2=0x12849f28
224	248	0x16eda0	0x7	0x3	0x12849f28	[350101][branch-probe] sample #248 managed_native_blr_15454c            pc=0x1215454c libmetasec_ml.so+0x15454c lr=0x15ab44 sp=0xe4ffe700 x0=0xe4ffe868 x1=0xe4ffe868 x2=0x7 x3=0x3 x4=0x121566a4 x8=0x1216eda0 blr_target=0x16eda0 frame_x19=0xe4ffe868 slot2=0x12849f28
225	249	0x16f374	0x24	0x3	0x12849f28	[350101][branch-probe] sample #249 managed_native_blr_15454c            pc=0x1215454c libmetasec_ml.so+0x15454c lr=0x15ab44 sp=0xe4ffe700 x0=0xe4ffe868 x1=0xe4ffe868 x2=0x24 x3=0x3 x4=0x121566a4 x8=0x1216f374 blr_target=0x16f374 frame_x19=0xe4ffe868 slot2=0x12849f28
226	250	0x16f14c	0x1c	0x3	0x12849f28	[350101][branch-probe] sample #250 managed_native_blr_15454c            pc=0x1215454c libmetasec_ml.so+0x15454c lr=0x15ab44 sp=0xe4ffe700 x0=0xe4ffe868 x1=0xe4ffe868 x2=0x1c x3=0x3 x4=0x121566a4 x8=0x1216f14c blr_target=0x16f14c frame_x19=0xe4ffe868 slot2=0x12849f28
227	251	0x16f14c	0x1c	0x3	0x12849f28	[350101][branch-probe] sample #251 managed_native_blr_15454c            pc=0x1215454c libmetasec_ml.so+0x15454c lr=0x15ab44 sp=0xe4ffe700 x0=0xe4ffe868 x1=0xe4ffe868 x2=0x1c x3=0x3 x4=0x121566a4 x8=0x1216f14c blr_target=0x16f14c frame_x19=0xe4ffe868 slot2=0x12849f28
228	252	0x16f998	0x30	0x3	0x12849f28	[350101][branch-probe] sample #252 managed_native_blr_15454c            pc=0x1215454c libmetasec_ml.so+0x15454c lr=0x15ab44 sp=0xe4ffe5f0 x0=0xe4ffe868 x1=0xe4ffe868 x2=0x30 x3=0x3 x4=0x121566a4 x8=0x1216f998 blr_target=0x16f998 frame_x19=0xe4ffe868 slot2=0x12849f28
229	253	0x16f374	0x24	0x3	0x0	[350101][branch-probe] sample #253 managed_native_blr_15454c            pc=0x1215454c libmetasec_ml.so+0x15454c lr=0x15ab44 sp=0xe4ffe5f0 x0=0xe4ffe868 x1=0xe4ffe868 x2=0x24 x3=0x3 x4=0x121566a4 x8=0x1216f374 blr_target=0x16f374 frame_x19=0xe4ffe868 slot2=0x0
230	254	0x16eda0	0x7	0x3	0x12849ec0	[350101][branch-probe] sample #254 managed_native_blr_15454c            pc=0x1215454c libmetasec_ml.so+0x15454c lr=0x15ab44 sp=0xe4ffe700 x0=0xe4ffe868 x1=0xe4ffe868 x2=0x7 x3=0x3 x4=0x121566a4 x8=0x1216eda0 blr_target=0x16eda0 frame_x19=0xe4ffe868 slot2=0x12849ec0
231	255	0x16eda0	0x7	0x3	0x12849ec0	[350101][branch-probe] sample #255 managed_native_blr_15454c            pc=0x1215454c libmetasec_ml.so+0x15454c lr=0x15ab44 sp=0xe4ffe700 x0=0xe4ffe868 x1=0xe4ffe868 x2=0x7 x3=0x3 x4=0x121566a4 x8=0x1216eda0 blr_target=0x16eda0 frame_x19=0xe4ffe868 slot2=0x12849ec0
232	256	0x16eda0	0x7	0x3	0x12849ec0	[350101][branch-probe] sample #256 managed_native_blr_15454c            pc=0x1215454c libmetasec_ml.so+0x15454c lr=0x15ab44 sp=0xe4ffe700 x0=0xe4ffe868 x1=0xe4ffe868 x2=0x7 x3=0x3 x4=0x121566a4 x8=0x1216eda0 blr_target=0x16eda0 frame_x19=0xe4ffe868 slot2=0x12849ec0
233	257	0x16ec3c	0x4	0x3	0xffffffffafd8d335	[350101][branch-probe] sample #257 managed_native_blr_15454c            pc=0x1215454c libmetasec_ml.so+0x15454c lr=0x15ab44 sp=0xe4ffe700 x0=0xe4ffe868 x1=0xe4ffe868 x2=0x4 x3=0x3 x4=0x121566a4 x8=0x1216ec3c blr_target=0x16ec3c frame_x19=0xe4ffe868 slot2=0xffffffffafd8d335
234	258	0x16f3c4	0x25	0x3	0xffffffffafd8d335	[350101][branch-probe] sample #258 managed_native_blr_15454c            pc=0x1215454c libmetasec_ml.so+0x15454c lr=0x15ab44 sp=0xe4ffe700 x0=0xe4ffe868 x1=0xe4ffe868 x2=0x25 x3=0x3 x4=0x121566a4 x8=0x1216f3c4 blr_target=0x16f3c4 frame_x19=0xe4ffe868 slot2=0xffffffffafd8d335
235	259	0x16f3c4	0x25	0x3	0x125f0428	[350101][branch-probe] sample #259 managed_native_blr_15454c            pc=0x1215454c libmetasec_ml.so+0x15454c lr=0x15ab44 sp=0xe4ffe700 x0=0xe4ffe868 x1=0xe4ffe868 x2=0x25 x3=0x3 x4=0x121566a4 x8=0x1216f3c4 blr_target=0x16f3c4 frame_x19=0xe4ffe868 slot2=0x125f0428
236	260	0x16ec3c	0x4	0x3	0x125f0428	[350101][branch-probe] sample #260 managed_native_blr_15454c            pc=0x1215454c libmetasec_ml.so+0x15454c lr=0x15ab44 sp=0xe4ffe700 x0=0xe4ffe868 x1=0xe4ffe868 x2=0x4 x3=0x3 x4=0x121566a4 x8=0x1216ec3c blr_target=0x16ec3c frame_x19=0xe4ffe868 slot2=0x125f0428
237	261	0x16ea70	0x0	0x3	0x125f0428	[350101][branch-probe] sample #261 managed_native_blr_15454c            pc=0x1215454c libmetasec_ml.so+0x15454c lr=0x15ab44 sp=0xe4ffe5f0 x0=0xe4ffe868 x1=0xe4ffe868 x2=0x0 x3=0x3 x4=0x121566a4 x8=0x1216ea70 blr_target=0x16ea70 frame_x19=0xe4ffe868 slot2=0x125f0428
238	262	0x16eb40	0x2	0x3	0x125f0428	[350101][branch-probe] sample #262 managed_native_blr_15454c            pc=0x1215454c libmetasec_ml.so+0x15454c lr=0x15ab44 sp=0xe4ffe5f0 x0=0xe4ffe868 x1=0xe4ffe868 x2=0x2 x3=0x3 x4=0x121566a4 x8=0x1216eb40 blr_target=0x16eb40 frame_x19=0xe4ffe868 slot2=0x125f0428
239	263	0x16f14c	0x1c	0x3	0x125f0428	[350101][branch-probe] sample #263 managed_native_blr_15454c            pc=0x1215454c libmetasec_ml.so+0x15454c lr=0x15ab44 sp=0xe4ffe700 x0=0xe4ffe868 x1=0xe4ffe868 x2=0x1c x3=0x3 x4=0x121566a4 x8=0x1216f14c blr_target=0x16f14c frame_x19=0xe4ffe868 slot2=0x125f0428
240	264	0x16ed54	0x6	0x3	0x125f0428	[350101][branch-probe] sample #264 managed_native_blr_15454c            pc=0x1215454c libmetasec_ml.so+0x15454c lr=0x15ab44 sp=0xe4ffe700 x0=0xe4ffe868 x1=0xe4ffe868 x2=0x6 x3=0x3 x4=0x121566a4 x8=0x1216ed54 blr_target=0x16ed54 frame_x19=0xe4ffe868 slot2=0x125f0428
241	265	0x16eda0	0x7	0x3	0x12849ea8	[350101][branch-probe] sample #265 managed_native_blr_15454c            pc=0x1215454c libmetasec_ml.so+0x15454c lr=0x15ab44 sp=0xe4ffe700 x0=0xe4ffe868 x1=0xe4ffe868 x2=0x7 x3=0x3 x4=0x121566a4 x8=0x1216eda0 blr_target=0x16eda0 frame_x19=0xe4ffe868 slot2=0x12849ea8
242	266	0x16eda0	0x7	0x3	0x12849ea8	[350101][branch-probe] sample #266 managed_native_blr_15454c            pc=0x1215454c libmetasec_ml.so+0x15454c lr=0x15ab44 sp=0xe4ffe700 x0=0xe4ffe868 x1=0xe4ffe868 x2=0x7 x3=0x3 x4=0x121566a4 x8=0x1216eda0 blr_target=0x16eda0 frame_x19=0xe4ffe868 slot2=0x12849ea8
243	267	0x16f1c8	0x1e	0x3	0xfffffffffffe47fd	[350101][branch-probe] sample #267 managed_native_blr_15454c            pc=0x1215454c libmetasec_ml.so+0x15454c lr=0x15ab44 sp=0xe4ffe700 x0=0xe4ffe868 x1=0xe4ffe868 x2=0x1e x3=0x3 x4=0x121566a4 x8=0x1216f1c8 blr_target=0x16f1c8 frame_x19=0xe4ffe868 slot2=0xfffffffffffe47fd
244	268	0x16f3c4	0x25	0x3	0xfffffffffffe47fd	[350101][branch-probe] sample #268 managed_native_blr_15454c            pc=0x1215454c libmetasec_ml.so+0x15454c lr=0x15ab44 sp=0xe4ffe700 x0=0xe4ffe868 x1=0xe4ffe868 x2=0x25 x3=0x3 x4=0x121566a4 x8=0x1216f3c4 blr_target=0x16f3c4 frame_x19=0xe4ffe868 slot2=0xfffffffffffe47fd
245	269	0x16ee94	0xd	0x3	0x125f0428	[350101][branch-probe] sample #269 managed_native_blr_15454c            pc=0x1215454c libmetasec_ml.so+0x15454c lr=0x15ab44 sp=0xe4ffe700 x0=0xe4ffe868 x1=0xe4ffe868 x2=0xd x3=0x3 x4=0x121566a4 x8=0x1216ee94 blr_target=0x16ee94 frame_x19=0xe4ffe868 slot2=0x125f0428
246	270	0x16f1c8	0x1e	0x3	0x181fd7e4	[350101][branch-probe] sample #270 managed_native_blr_15454c            pc=0x1215454c libmetasec_ml.so+0x15454c lr=0x15ab44 sp=0xe4ffe700 x0=0xe4ffe868 x1=0xe4ffe868 x2=0x1e x3=0x3 x4=0x121566a4 x8=0x1216f1c8 blr_target=0x16f1c8 frame_x19=0xe4ffe868 slot2=0x181fd7e4
247	271	0x16ec90	0x36	0x3	0x181fd7e4	[350101][branch-probe] sample #271 managed_native_blr_15454c            pc=0x1215454c libmetasec_ml.so+0x15454c lr=0x15ab44 sp=0xe4ffe700 x0=0xe4ffe868 x1=0xe4ffe868 x2=0x36 x3=0x3 x4=0x121566a4 x8=0x1216ec90 blr_target=0x16ec90 frame_x19=0xe4ffe868 slot2=0x181fd7e4
248	272	0x16ec90	0x36	0x3	0x1271cac0	[350101][branch-probe] sample #272 managed_native_blr_15454c            pc=0x1215454c libmetasec_ml.so+0x15454c lr=0x15ab44 sp=0xe4ffe700 x0=0xe4ffe868 x1=0xe4ffe868 x2=0x36 x3=0x3 x4=0x121566a4 x8=0x1216ec90 blr_target=0x16ec90 frame_x19=0xe4ffe868 slot2=0x1271cac0
249	273	0x16f1c8	0x1e	0x3	0x1271cac4	[350101][branch-probe] sample #273 managed_native_blr_15454c            pc=0x1215454c libmetasec_ml.so+0x15454c lr=0x15ab44 sp=0xe4ffe700 x0=0xe4ffe868 x1=0xe4ffe868 x2=0x1e x3=0x3 x4=0x121566a4 x8=0x1216f1c8 blr_target=0x16f1c8 frame_x19=0xe4ffe868 slot2=0x1271cac4
250	274	0x16ec90	0x36	0x3	0x1271cac4	[350101][branch-probe] sample #274 managed_native_blr_15454c            pc=0x1215454c libmetasec_ml.so+0x15454c lr=0x15ab44 sp=0xe4ffe700 x0=0xe4ffe868 x1=0xe4ffe868 x2=0x36 x3=0x3 x4=0x121566a4 x8=0x1216ec90 blr_target=0x16ec90 frame_x19=0xe4ffe868 slot2=0x1271cac4
251	275	0x16ec90	0x36	0x3	0x12605900	[350101][branch-probe] sample #275 managed_native_blr_15454c            pc=0x1215454c libmetasec_ml.so+0x15454c lr=0x15ab44 sp=0xe4ffe700 x0=0xe4ffe868 x1=0xe4ffe868 x2=0x36 x3=0x3 x4=0x121566a4 x8=0x1216ec90 blr_target=0x16ec90 frame_x19=0xe4ffe868 slot2=0x12605900
252	276	0x16ec90	0x36	0x3	0x12605901	[350101][branch-probe] sample #276 managed_native_blr_15454c            pc=0x1215454c libmetasec_ml.so+0x15454c lr=0x15ab44 sp=0xe4ffe700 x0=0xe4ffe868 x1=0xe4ffe868 x2=0x36 x3=0x3 x4=0x121566a4 x8=0x1216ec90 blr_target=0x16ec90 frame_x19=0xe4ffe868 slot2=0x12605901
253	277	0x16ec90	0x36	0x3	0x12605909	[350101][branch-probe] sample #277 managed_native_blr_15454c            pc=0x1215454c libmetasec_ml.so+0x15454c lr=0x15ab44 sp=0xe4ffe700 x0=0xe4ffe868 x1=0xe4ffe868 x2=0x36 x3=0x3 x4=0x121566a4 x8=0x1216ec90 blr_target=0x16ec90 frame_x19=0xe4ffe868 slot2=0x12605909
254	278	0x16f1c8	0x1e	0x3	0x12605bc6	[350101][branch-probe] sample #278 managed_native_blr_15454c            pc=0x1215454c libmetasec_ml.so+0x15454c lr=0x15ab44 sp=0xe4ffe700 x0=0xe4ffe868 x1=0xe4ffe868 x2=0x1e x3=0x3 x4=0x121566a4 x8=0x1216f1c8 blr_target=0x16f1c8 frame_x19=0xe4ffe868 slot2=0x12605bc6
255	279	0x16f338	0x23	0x3	0x2c8	[350101][branch-probe] sample #279 managed_native_blr_15454c            pc=0x1215454c libmetasec_ml.so+0x15454c lr=0x15ab44 sp=0xe4ffe4e0 x0=0xe4ffe868 x1=0xe4ffe868 x2=0x23 x3=0x3 x4=0x121566a4 x8=0x1216f338 blr_target=0x16f338 frame_x19=0xe4ffe868 slot2=0x2c8
256	280	0x16ec90	0x36	0x3	0x12849b43	[350101][branch-probe] sample #280 managed_native_blr_15454c            pc=0x1215454c libmetasec_ml.so+0x15454c lr=0x15ab44 sp=0xe4ffe3d0 x0=0xe4ffe868 x1=0xe4ffe868 x2=0x36 x3=0x3 x4=0x121566a4 x8=0x1216ec90 blr_target=0x16ec90 frame_x19=0xe4ffe868 slot2=0x12849b43
257	281	0x16f96c	0x65	0x3	0x12849bc0	[350101][branch-probe] sample #281 managed_native_blr_15454c            pc=0x1215454c libmetasec_ml.so+0x15454c lr=0x15ab44 sp=0xe4ffe4e0 x0=0xe4ffe868 x1=0xe4ffe868 x2=0x65 x3=0x3 x4=0x121566a4 x8=0x1216f96c blr_target=0x16f96c frame_x19=0xe4ffe868 slot2=0x12849bc0
258	282	0x16ec90	0x36	0x3	0x1271ce80	[350101][branch-probe] sample #282 managed_native_blr_15454c            pc=0x1215454c libmetasec_ml.so+0x15454c lr=0x15ab44 sp=0xe4ffe4e0 x0=0xe4ffe868 x1=0xe4ffe868 x2=0x36 x3=0x3 x4=0x121566a4 x8=0x1216ec90 blr_target=0x16ec90 frame_x19=0xe4ffe868 slot2=0x1271ce80
259	283	0x16ec10	0x47	0x3	0xde41bf97cb760211	[350101][branch-probe] sample #283 managed_native_blr_15454c            pc=0x1215454c libmetasec_ml.so+0x15454c lr=0x15ab44 sp=0xe4ffe4e0 x0=0xe4ffe868 x1=0xe4ffe868 x2=0x47 x3=0x3 x4=0x121566a4 x8=0x1216ec10 blr_target=0x16ec10 frame_x19=0xe4ffe868 slot2=0xde41bf97cb760211
260	284	0x16f374	0x24	0x3	0x1271cf00	[350101][branch-probe] sample #284 managed_native_blr_15454c            pc=0x1215454c libmetasec_ml.so+0x15454c lr=0x15ab44 sp=0xe4ffe4e0 x0=0xe4ffe868 x1=0xe4ffe868 x2=0x24 x3=0x3 x4=0x121566a4 x8=0x1216f374 blr_target=0x16f374 frame_x19=0xe4ffe868 slot2=0x1271cf00
261	285	0x170110	0x66	0x3	0x1271cf00	[350101][branch-probe] sample #285 managed_native_blr_15454c            pc=0x1215454c libmetasec_ml.so+0x15454c lr=0x15ab44 sp=0xe4ffe4e0 x0=0xe4ffe868 x1=0xe4ffe868 x2=0x66 x3=0x3 x4=0x121566a4 x8=0x12170110 blr_target=0x170110 frame_x19=0xe4ffe868 slot2=0x1271cf00
262	286	0x16ec54	0x48	0x3	0x1271cf00	[350101][branch-probe] sample #286 managed_native_blr_15454c            pc=0x1215454c libmetasec_ml.so+0x15454c lr=0x15ab44 sp=0xe4ffe4e0 x0=0xe4ffe868 x1=0xe4ffe868 x2=0x48 x3=0x3 x4=0x121566a4 x8=0x1216ec54 blr_target=0x16ec54 frame_x19=0xe4ffe868 slot2=0x1271cf00
263	287	0x16eda0	0x7	0x3	0x1271cf00	[350101][branch-probe] sample #287 managed_native_blr_15454c            pc=0x1215454c libmetasec_ml.so+0x15454c lr=0x15ab44 sp=0xe4ffe4e0 x0=0xe4ffe868 x1=0xe4ffe868 x2=0x7 x3=0x3 x4=0x121566a4 x8=0x1216eda0 blr_target=0x16eda0 frame_x19=0xe4ffe868 slot2=0x1271cf00
264	288	0x16f3f0	0x27	0x3	0x1271cf00	[350101][branch-probe] sample #288 managed_native_blr_15454c            pc=0x1215454c libmetasec_ml.so+0x15454c lr=0x15ab44 sp=0xe4ffe5f0 x0=0xe4ffe868 x1=0xe4ffe868 x2=0x27 x3=0x3 x4=0x121566a4 x8=0x1216f3f0 blr_target=0x16f3f0 frame_x19=0xe4ffe868 slot2=0x1271cf00
265	289	0x16ecf0	0xc	0x3	0x12849cc0	[350101][branch-probe] sample #289 managed_native_blr_15454c            pc=0x1215454c libmetasec_ml.so+0x15454c lr=0x15ab44 sp=0xe4ffe5f0 x0=0xe4ffe868 x1=0xe4ffe868 x2=0xc x3=0x3 x4=0x121566a4 x8=0x1216ecf0 blr_target=0x16ecf0 frame_x19=0xe4ffe868 slot2=0x12849cc0
266	290	0x1700d4	0x5d	0x3	0x12849cc0	[350101][branch-probe] sample #290 managed_native_blr_15454c            pc=0x1215454c libmetasec_ml.so+0x15454c lr=0x15ab44 sp=0xe4ffe5f0 x0=0xe4ffe868 x1=0xe4ffe868 x2=0x5d x3=0x3 x4=0x121566a4 x8=0x121700d4 blr_target=0x1700d4 frame_x19=0xe4ffe868 slot2=0x12849cc0
267	291	0x16ecf0	0xc	0x3	0x12849cc0	[350101][branch-probe] sample #291 managed_native_blr_15454c            pc=0x1215454c libmetasec_ml.so+0x15454c lr=0x15ab44 sp=0xe4ffe5f0 x0=0xe4ffe868 x1=0xe4ffe868 x2=0xc x3=0x3 x4=0x121566a4 x8=0x1216ecf0 blr_target=0x16ecf0 frame_x19=0xe4ffe868 slot2=0x12849cc0
268	292	0x16f338	0x23	0x3	0x12849cc0	[350101][branch-probe] sample #292 managed_native_blr_15454c            pc=0x1215454c libmetasec_ml.so+0x15454c lr=0x15ab44 sp=0xe4ffe700 x0=0xe4ffe868 x1=0xe4ffe868 x2=0x23 x3=0x3 x4=0x121566a4 x8=0x1216f338 blr_target=0x16f338 frame_x19=0xe4ffe868 slot2=0x12849cc0
269	293	0x16ecf0	0xc	0x3	0x12849cc0	[350101][branch-probe] sample #293 managed_native_blr_15454c            pc=0x1215454c libmetasec_ml.so+0x15454c lr=0x15ab44 sp=0xe4ffe700 x0=0xe4ffe868 x1=0xe4ffe868 x2=0xc x3=0x3 x4=0x121566a4 x8=0x1216ecf0 blr_target=0x16ecf0 frame_x19=0xe4ffe868 slot2=0x12849cc0
270	294	0x16f374	0x24	0x3	0x1f	[350101][branch-probe] sample #294 managed_native_blr_15454c            pc=0x1215454c libmetasec_ml.so+0x15454c lr=0x15ab44 sp=0xe4ffe700 x0=0xe4ffe868 x1=0xe4ffe868 x2=0x24 x3=0x3 x4=0x121566a4 x8=0x1216f374 blr_target=0x16f374 frame_x19=0xe4ffe868 slot2=0x1f
271	295	0x16f1c8	0x1e	0x3	0x1f	[350101][branch-probe] sample #295 managed_native_blr_15454c            pc=0x1215454c libmetasec_ml.so+0x15454c lr=0x15ab44 sp=0xe4ffe700 x0=0xe4ffe868 x1=0xe4ffe868 x2=0x1e x3=0x3 x4=0x121566a4 x8=0x1216f1c8 blr_target=0x16f1c8 frame_x19=0xe4ffe868 slot2=0x1f
272	296	0x16ec90	0x36	0x3	0x1f	[350101][branch-probe] sample #296 managed_native_blr_15454c            pc=0x1215454c libmetasec_ml.so+0x15454c lr=0x15ab44 sp=0xe4ffe700 x0=0xe4ffe868 x1=0xe4ffe868 x2=0x36 x3=0x3 x4=0x121566a4 x8=0x1216ec90 blr_target=0x16ec90 frame_x19=0xe4ffe868 slot2=0x1f
273	297	0x16ec90	0x36	0x3	0x12607100	[350101][branch-probe] sample #297 managed_native_blr_15454c            pc=0x1215454c libmetasec_ml.so+0x15454c lr=0x15ab44 sp=0xe4ffe700 x0=0xe4ffe868 x1=0xe4ffe868 x2=0x36 x3=0x3 x4=0x121566a4 x8=0x1216ec90 blr_target=0x16ec90 frame_x19=0xe4ffe868 slot2=0x12607100
274	298	0x16ec90	0x36	0x3	0x12607114	[350101][branch-probe] sample #298 managed_native_blr_15454c            pc=0x1215454c libmetasec_ml.so+0x15454c lr=0x15ab44 sp=0xe4ffe700 x0=0xe4ffe868 x1=0xe4ffe868 x2=0x36 x3=0x3 x4=0x121566a4 x8=0x1216ec90 blr_target=0x16ec90 frame_x19=0xe4ffe868 slot2=0x12607114
275	299	0x16ec90	0x36	0x3	0x12607116	[350101][branch-probe] sample #299 managed_native_blr_15454c            pc=0x1215454c libmetasec_ml.so+0x15454c lr=0x15ab44 sp=0xe4ffe700 x0=0xe4ffe868 x1=0xe4ffe868 x2=0x36 x3=0x3 x4=0x121566a4 x8=0x1216ec90 blr_target=0x16ec90 frame_x19=0xe4ffe868 slot2=0x12607116
276	300	0x16ec90	0x36	0x3	0x12607117	[350101][branch-probe] sample #300 managed_native_blr_15454c            pc=0x1215454c libmetasec_ml.so+0x15454c lr=0x15ab44 sp=0xe4ffe700 x0=0xe4ffe868 x1=0xe4ffe868 x2=0x36 x3=0x3 x4=0x121566a4 x8=0x1216ec90 blr_target=0x16ec90 frame_x19=0xe4ffe868 slot2=0x12607117
277	301	0x16ec90	0x36	0x3	0x12607118	[350101][branch-probe] sample #301 managed_native_blr_15454c            pc=0x1215454c libmetasec_ml.so+0x15454c lr=0x15ab44 sp=0xe4ffe700 x0=0xe4ffe868 x1=0xe4ffe868 x2=0x36 x3=0x3 x4=0x121566a4 x8=0x1216ec90 blr_target=0x16ec90 frame_x19=0xe4ffe868 slot2=0x12607118
278	302	0x16f544	0x2b	0x3	0x12607119	[350101][branch-probe] sample #302 managed_native_blr_15454c            pc=0x1215454c libmetasec_ml.so+0x15454c lr=0x15ab44 sp=0xe4ffe700 x0=0xe4ffe868 x1=0xe4ffe868 x2=0x2b x3=0x3 x4=0x121566a4 x8=0x1216f544 blr_target=0x16f544 frame_x19=0xe4ffe868 slot2=0x12607119
279	303	0x16f338	0x23	0x3	0x12607119	[350101][branch-probe] sample #303 managed_native_blr_15454c            pc=0x1215454c libmetasec_ml.so+0x15454c lr=0x15ab44 sp=0xe4ffe700 x0=0xe4ffe868 x1=0xe4ffe868 x2=0x23 x3=0x3 x4=0x121566a4 x8=0x1216f338 blr_target=0x16f338 frame_x19=0xe4ffe868 slot2=0x12607119
280	304	0x16ecf0	0xc	0x3	0x12607119	[350101][branch-probe] sample #304 managed_native_blr_15454c            pc=0x1215454c libmetasec_ml.so+0x15454c lr=0x15ab44 sp=0xe4ffe700 x0=0xe4ffe868 x1=0xe4ffe868 x2=0xc x3=0x3 x4=0x121566a4 x8=0x1216ecf0 blr_target=0x16ecf0 frame_x19=0xe4ffe868 slot2=0x12607119
281	305	0x16f2ec	0x20	0x3	0x12607119	[350101][branch-probe] sample #305 managed_native_blr_15454c            pc=0x1215454c libmetasec_ml.so+0x15454c lr=0x15ab44 sp=0xe4ffe700 x0=0xe4ffe868 x1=0xe4ffe868 x2=0x20 x3=0x3 x4=0x121566a4 x8=0x1216f2ec blr_target=0x16f2ec frame_x19=0xe4ffe868 slot2=0x12607119
282	306	0x16f57c	0x2c	0x3	0x12849db8	[350101][branch-probe] sample #306 managed_native_blr_15454c            pc=0x1215454c libmetasec_ml.so+0x15454c lr=0x15ab44 sp=0xe4ffe700 x0=0xe4ffe868 x1=0xe4ffe868 x2=0x2c x3=0x3 x4=0x121566a4 x8=0x1216f57c blr_target=0x16f57c frame_x19=0xe4ffe868 slot2=0x12849db8
283	307	0x170128	0x2e	0x3	0x12849dc0	[350101][branch-probe] sample #307 managed_native_blr_15454c            pc=0x1215454c libmetasec_ml.so+0x15454c lr=0x15ab44 sp=0xe4ffe700 x0=0xe4ffe868 x1=0xe4ffe868 x2=0x2e x3=0x3 x4=0x121566a4 x8=0x12170128 blr_target=0x170128 frame_x19=0xe4ffe868 slot2=0x12849dc0
284	308	0x16f5c8	0x2d	0x3	0x8	[350101][branch-probe] sample #308 managed_native_blr_15454c            pc=0x1215454c libmetasec_ml.so+0x15454c lr=0x15ab44 sp=0xe4ffe700 x0=0xe4ffe868 x1=0xe4ffe868 x2=0x2d x3=0x3 x4=0x121566a4 x8=0x1216f5c8 blr_target=0x16f5c8 frame_x19=0xe4ffe868 slot2=0x8
285	309	0x170128	0x2e	0x3	0x12849dbc	[350101][branch-probe] sample #309 managed_native_blr_15454c            pc=0x1215454c libmetasec_ml.so+0x15454c lr=0x15ab44 sp=0xe4ffe700 x0=0xe4ffe868 x1=0xe4ffe868 x2=0x2e x3=0x3 x4=0x121566a4 x8=0x12170128 blr_target=0x170128 frame_x19=0xe4ffe868 slot2=0x12849dbc
286	310	0x16eda0	0x7	0x3	0x3d8	[350101][branch-probe] sample #310 managed_native_blr_15454c            pc=0x1215454c libmetasec_ml.so+0x15454c lr=0x15ab44 sp=0xe4ffe700 x0=0xe4ffe868 x1=0xe4ffe868 x2=0x7 x3=0x3 x4=0x121566a4 x8=0x1216eda0 blr_target=0x16eda0 frame_x19=0xe4ffe868 slot2=0x3d8
287	311	0x16eda0	0x7	0x3	0x3d8	[350101][branch-probe] sample #311 managed_native_blr_15454c            pc=0x1215454c libmetasec_ml.so+0x15454c lr=0x15ab44 sp=0xe4ffe700 x0=0xe4ffe868 x1=0xe4ffe868 x2=0x7 x3=0x3 x4=0x121566a4 x8=0x1216eda0 blr_target=0x16eda0 frame_x19=0xe4ffe868 slot2=0x3d8
288	312	0x16eda0	0x7	0x3	0x3d8	[350101][branch-probe] sample #312 managed_native_blr_15454c            pc=0x1215454c libmetasec_ml.so+0x15454c lr=0x15ab44 sp=0xe4ffe700 x0=0xe4ffe868 x1=0xe4ffe868 x2=0x7 x3=0x3 x4=0x121566a4 x8=0x1216eda0 blr_target=0x16eda0 frame_x19=0xe4ffe868 slot2=0x3d8
289	313	0x16eda0	0x7	0x3	0x3d8	[350101][branch-probe] sample #313 managed_native_blr_15454c            pc=0x1215454c libmetasec_ml.so+0x15454c lr=0x15ab44 sp=0xe4ffe700 x0=0xe4ffe868 x1=0xe4ffe868 x2=0x7 x3=0x3 x4=0x121566a4 x8=0x1216eda0 blr_target=0x16eda0 frame_x19=0xe4ffe868 slot2=0x3d8
290	314	0x16eda0	0x7	0x3	0x3d8	[350101][branch-probe] sample #314 managed_native_blr_15454c            pc=0x1215454c libmetasec_ml.so+0x15454c lr=0x15ab44 sp=0xe4ffe700 x0=0xe4ffe868 x1=0xe4ffe868 x2=0x7 x3=0x3 x4=0x121566a4 x8=0x1216eda0 blr_target=0x16eda0 frame_x19=0xe4ffe868 slot2=0x3d8
291	315	0x16eda0	0x7	0x3	0x3d8	[350101][branch-probe] sample #315 managed_native_blr_15454c            pc=0x1215454c libmetasec_ml.so+0x15454c lr=0x15ab44 sp=0xe4ffe700 x0=0xe4ffe868 x1=0xe4ffe868 x2=0x7 x3=0x3 x4=0x121566a4 x8=0x1216eda0 blr_target=0x16eda0 frame_x19=0xe4ffe868 slot2=0x3d8
292	316	0x16eda0	0x7	0x3	0x3d8	[350101][branch-probe] sample #316 managed_native_blr_15454c            pc=0x1215454c libmetasec_ml.so+0x15454c lr=0x15ab44 sp=0xe4ffe700 x0=0xe4ffe868 x1=0xe4ffe868 x2=0x7 x3=0x3 x4=0x121566a4 x8=0x1216eda0 blr_target=0x16eda0 frame_x19=0xe4ffe868 slot2=0x3d8
293	317	0x16eda0	0x7	0x3	0x3d8	[350101][branch-probe] sample #317 managed_native_blr_15454c            pc=0x1215454c libmetasec_ml.so+0x15454c lr=0x15ab44 sp=0xe4ffe700 x0=0xe4ffe868 x1=0xe4ffe868 x2=0x7 x3=0x3 x4=0x121566a4 x8=0x1216eda0 blr_target=0x16eda0 frame_x19=0xe4ffe868 slot2=0x3d8
294	318	0x16eda0	0x7	0x3	0x3d8	[350101][branch-probe] sample #318 managed_native_blr_15454c            pc=0x1215454c libmetasec_ml.so+0x15454c lr=0x15ab44 sp=0xe4ffe700 x0=0xe4ffe868 x1=0xe4ffe868 x2=0x7 x3=0x3 x4=0x121566a4 x8=0x1216eda0 blr_target=0x16eda0 frame_x19=0xe4ffe868 slot2=0x3d8
295	319	0x16eda0	0x7	0x3	0x3d8	[350101][branch-probe] sample #319 managed_native_blr_15454c            pc=0x1215454c libmetasec_ml.so+0x15454c lr=0x15ab44 sp=0xe4ffe700 x0=0xe4ffe868 x1=0xe4ffe868 x2=0x7 x3=0x3 x4=0x121566a4 x8=0x1216eda0 blr_target=0x16eda0 frame_x19=0xe4ffe868 slot2=0x3d8
296	320	0x16eda0	0x7	0x3	0x3d8	[350101][branch-probe] sample #320 managed_native_blr_15454c            pc=0x1215454c libmetasec_ml.so+0x15454c lr=0x15ab44 sp=0xe4ffe700 x0=0xe4ffe868 x1=0xe4ffe868 x2=0x7 x3=0x3 x4=0x121566a4 x8=0x1216eda0 blr_target=0x16eda0 frame_x19=0xe4ffe868 slot2=0x3d8
297	321	0x16eda0	0x7	0x3	0x3d8	[350101][branch-probe] sample #321 managed_native_blr_15454c            pc=0x1215454c libmetasec_ml.so+0x15454c lr=0x15ab44 sp=0xe4ffe700 x0=0xe4ffe868 x1=0xe4ffe868 x2=0x7 x3=0x3 x4=0x121566a4 x8=0x1216eda0 blr_target=0x16eda0 frame_x19=0xe4ffe868 slot2=0x3d8
298	322	0x16eda0	0x7	0x3	0x3d8	[350101][branch-probe] sample #322 managed_native_blr_15454c            pc=0x1215454c libmetasec_ml.so+0x15454c lr=0x15ab44 sp=0xe4ffe700 x0=0xe4ffe868 x1=0xe4ffe868 x2=0x7 x3=0x3 x4=0x121566a4 x8=0x1216eda0 blr_target=0x16eda0 frame_x19=0xe4ffe868 slot2=0x3d8
299	323	0x16f738	0x37	0x3	0x3d8	[350101][branch-probe] sample #323 managed_native_blr_15454c            pc=0x1215454c libmetasec_ml.so+0x15454c lr=0x15ab44 sp=0xe4ffe700 x0=0xe4ffe868 x1=0xe4ffe868 x2=0x37 x3=0x3 x4=0x121566a4 x8=0x1216f738 blr_target=0x16f738 frame_x19=0xe4ffe868 slot2=0x3d8
300	325	0x16ee94	0xd	0x3	0x0	[350101][branch-probe] sample #325 managed_native_blr_15454c            pc=0x1215454c libmetasec_ml.so+0x15454c lr=0x15ab44 sp=0xe4ffe700 x0=0xe4ffe868 x1=0xe4ffe868 x2=0xd x3=0x3 x4=0x121566a4 x8=0x1216ee94 blr_target=0x16ee94 frame_x19=0xe4ffe868 slot2=0x0
301	326	0x16edf4	0x9	0x3	0x676c0fe5	[350101][branch-probe] sample #326 managed_native_blr_15454c            pc=0x1215454c libmetasec_ml.so+0x15454c lr=0x15ab44 sp=0xe4ffe700 x0=0xe4ffe868 x1=0xe4ffe868 x2=0x9 x3=0x3 x4=0x121566a4 x8=0x1216edf4 blr_target=0x16edf4 frame_x19=0xe4ffe868 slot2=0x676c0fe5
302	327	0x16f338	0x23	0x3	0x676c0fe5	[350101][branch-probe] sample #327 managed_native_blr_15454c            pc=0x1215454c libmetasec_ml.so+0x15454c lr=0x15ab44 sp=0xe4ffe700 x0=0xe4ffe868 x1=0xe4ffe868 x2=0x23 x3=0x3 x4=0x121566a4 x8=0x1216f338 blr_target=0x16f338 frame_x19=0xe4ffe868 slot2=0x676c0fe5
303	328	0x16ecf0	0xc	0x3	0x676c0fe5	[350101][branch-probe] sample #328 managed_native_blr_15454c            pc=0x1215454c libmetasec_ml.so+0x15454c lr=0x15ab44 sp=0xe4ffe700 x0=0xe4ffe868 x1=0xe4ffe868 x2=0xc x3=0x3 x4=0x121566a4 x8=0x1216ecf0 blr_target=0x16ecf0 frame_x19=0xe4ffe868 slot2=0x676c0fe5
304	329	0x16ec3c	0x4	0x3	0x676c0fe5	[350101][branch-probe] sample #329 managed_native_blr_15454c            pc=0x1215454c libmetasec_ml.so+0x15454c lr=0x15ab44 sp=0xe4ffe700 x0=0xe4ffe868 x1=0xe4ffe868 x2=0x4 x3=0x3 x4=0x121566a4 x8=0x1216ec3c blr_target=0x16ec3c frame_x19=0xe4ffe868 slot2=0x676c0fe5
305	330	0x1701d8	0x31	0x3	0x676c0fe5	[350101][branch-probe] sample #330 managed_native_blr_15454c            pc=0x1215454c libmetasec_ml.so+0x15454c lr=0x15ab44 sp=0xe4ffe700 x0=0xe4ffe868 x1=0xe4ffe868 x2=0x31 x3=0x3 x4=0x121566a4 x8=0x121701d8 blr_target=0x1701d8 frame_x19=0xe4ffe868 slot2=0x676c0fe5
306	331	0x16f374	0x24	0x3	0x676c0fe5	[350101][branch-probe] sample #331 managed_native_blr_15454c            pc=0x1215454c libmetasec_ml.so+0x15454c lr=0x15ab44 sp=0xe4ffe700 x0=0xe4ffe868 x1=0xe4ffe868 x2=0x24 x3=0x3 x4=0x121566a4 x8=0x1216f374 blr_target=0x16f374 frame_x19=0xe4ffe868 slot2=0x676c0fe5
307	332	0x16f14c	0x1c	0x3	0x676c0fe5	[350101][branch-probe] sample #332 managed_native_blr_15454c            pc=0x1215454c libmetasec_ml.so+0x15454c lr=0x15ab44 sp=0xe4ffe700 x0=0xe4ffe868 x1=0xe4ffe868 x2=0x1c x3=0x3 x4=0x121566a4 x8=0x1216f14c blr_target=0x16f14c frame_x19=0xe4ffe868 slot2=0x676c0fe5
308	333	0x16f0fc	0x1b	0x3	0x676c0fe5	[350101][branch-probe] sample #333 managed_native_blr_15454c            pc=0x1215454c libmetasec_ml.so+0x15454c lr=0x15ab44 sp=0xe4ffe700 x0=0xe4ffe868 x1=0xe4ffe868 x2=0x1b x3=0x3 x4=0x121566a4 x8=0x1216f0fc blr_target=0x16f0fc frame_x19=0xe4ffe868 slot2=0x676c0fe5
309	334	0x16f338	0x23	0x3	0x676c0fe5	[350101][branch-probe] sample #334 managed_native_blr_15454c            pc=0x1215454c libmetasec_ml.so+0x15454c lr=0x15ab44 sp=0xe4ffe700 x0=0xe4ffe868 x1=0xe4ffe868 x2=0x23 x3=0x3 x4=0x121566a4 x8=0x1216f338 blr_target=0x16f338 frame_x19=0xe4ffe868 slot2=0x676c0fe5
310	335	0x16ecf0	0xc	0x3	0x676c0fe5	[350101][branch-probe] sample #335 managed_native_blr_15454c            pc=0x1215454c libmetasec_ml.so+0x15454c lr=0x15ab44 sp=0xe4ffe700 x0=0xe4ffe868 x1=0xe4ffe868 x2=0xc x3=0x3 x4=0x121566a4 x8=0x1216ecf0 blr_target=0x16ecf0 frame_x19=0xe4ffe868 slot2=0x676c0fe5
311	336	0x16eda0	0x7	0x3	0x676c0fe5	[350101][branch-probe] sample #336 managed_native_blr_15454c            pc=0x1215454c libmetasec_ml.so+0x15454c lr=0x15ab44 sp=0xe4ffe700 x0=0xe4ffe868 x1=0xe4ffe868 x2=0x7 x3=0x3 x4=0x121566a4 x8=0x1216eda0 blr_target=0x16eda0 frame_x19=0xe4ffe868 slot2=0x676c0fe5
312	337	0x16eda0	0x7	0x3	0x676c0fe5	[350101][branch-probe] sample #337 managed_native_blr_15454c            pc=0x1215454c libmetasec_ml.so+0x15454c lr=0x15ab44 sp=0xe4ffe700 x0=0xe4ffe868 x1=0xe4ffe868 x2=0x7 x3=0x3 x4=0x121566a4 x8=0x1216eda0 blr_target=0x16eda0 frame_x19=0xe4ffe868 slot2=0x676c0fe5
313	338	0x16f374	0x24	0x3	0x676c0fe5	[350101][branch-probe] sample #338 managed_native_blr_15454c            pc=0x1215454c libmetasec_ml.so+0x15454c lr=0x15ab44 sp=0xe4ffe700 x0=0xe4ffe868 x1=0xe4ffe868 x2=0x24 x3=0x3 x4=0x121566a4 x8=0x1216f374 blr_target=0x16f374 frame_x19=0xe4ffe868 slot2=0x676c0fe5
314	339	0x16ec3c	0x4	0x3	0x676c0fe5	[350101][branch-probe] sample #339 managed_native_blr_15454c            pc=0x1215454c libmetasec_ml.so+0x15454c lr=0x15ab44 sp=0xe4ffe700 x0=0xe4ffe868 x1=0xe4ffe868 x2=0x4 x3=0x3 x4=0x121566a4 x8=0x1216ec3c blr_target=0x16ec3c frame_x19=0xe4ffe868 slot2=0x676c0fe5
315	340	0x16f660	0x32	0x3	0x676c0fe5	[350101][branch-probe] sample #340 managed_native_blr_15454c            pc=0x1215454c libmetasec_ml.so+0x15454c lr=0x15ab44 sp=0xe4ffe700 x0=0xe4ffe868 x1=0xe4ffe868 x2=0x32 x3=0x3 x4=0x121566a4 x8=0x1216f660 blr_target=0x16f660 frame_x19=0xe4ffe868 slot2=0x676c0fe5
316	341	0x16f6b0	0x33	0x3	0x676c0fe5	[350101][branch-probe] sample #341 managed_native_blr_15454c            pc=0x1215454c libmetasec_ml.so+0x15454c lr=0x15ab44 sp=0xe4ffe700 x0=0xe4ffe868 x1=0xe4ffe868 x2=0x33 x3=0x3 x4=0x121566a4 x8=0x1216f6b0 blr_target=0x16f6b0 frame_x19=0xe4ffe868 slot2=0x676c0fe5
317	342	0x16f544	0x2b	0x3	0x12849f48	[350101][branch-probe] sample #342 managed_native_blr_15454c            pc=0x1215454c libmetasec_ml.so+0x15454c lr=0x15ab44 sp=0xe4ffe700 x0=0xe4ffe868 x1=0xe4ffe868 x2=0x2b x3=0x3 x4=0x121566a4 x8=0x1216f544 blr_target=0x16f544 frame_x19=0xe4ffe868 slot2=0x12849f48
318	343	0x16f338	0x23	0x3	0x12849f48	[350101][branch-probe] sample #343 managed_native_blr_15454c            pc=0x1215454c libmetasec_ml.so+0x15454c lr=0x15ab44 sp=0xe4ffe700 x0=0xe4ffe868 x1=0xe4ffe868 x2=0x23 x3=0x3 x4=0x121566a4 x8=0x1216f338 blr_target=0x16f338 frame_x19=0xe4ffe868 slot2=0x12849f48
319	344	0x16ecf0	0xc	0x3	0x12849f48	[350101][branch-probe] sample #344 managed_native_blr_15454c            pc=0x1215454c libmetasec_ml.so+0x15454c lr=0x15ab44 sp=0xe4ffe700 x0=0xe4ffe868 x1=0xe4ffe868 x2=0xc x3=0x3 x4=0x121566a4 x8=0x1216ecf0 blr_target=0x16ecf0 frame_x19=0xe4ffe868 slot2=0x12849f48
320	345	0x16f614	0x2f	0x3	0x35	[350101][branch-probe] sample #345 managed_native_blr_15454c            pc=0x1215454c libmetasec_ml.so+0x15454c lr=0x15ab44 sp=0xe4ffe700 x0=0xe4ffe868 x1=0xe4ffe868 x2=0x2f x3=0x3 x4=0x121566a4 x8=0x1216f614 blr_target=0x16f614 frame_x19=0xe4ffe868 slot2=0x35
321	346	0x16f084	0x19	0x3	0x12849f00	[350101][branch-probe] sample #346 managed_native_blr_15454c            pc=0x1215454c libmetasec_ml.so+0x15454c lr=0x15ab44 sp=0xe4ffe700 x0=0xe4ffe868 x1=0xe4ffe868 x2=0x19 x3=0x3 x4=0x121566a4 x8=0x1216f084 blr_target=0x16f084 frame_x19=0xe4ffe868 slot2=0x12849f00
322	347	0x170128	0x2e	0x3	0x12849f08	[350101][branch-probe] sample #347 managed_native_blr_15454c            pc=0x1215454c libmetasec_ml.so+0x15454c lr=0x15ab44 sp=0xe4ffe700 x0=0xe4ffe868 x1=0xe4ffe868 x2=0x2e x3=0x3 x4=0x121566a4 x8=0x12170128 blr_target=0x170128 frame_x19=0xe4ffe868 slot2=0x12849f08
323	348	0x16f2ec	0x20	0x3	0x8	[350101][branch-probe] sample #348 managed_native_blr_15454c            pc=0x1215454c libmetasec_ml.so+0x15454c lr=0x15ab44 sp=0xe4ffe700 x0=0xe4ffe868 x1=0xe4ffe868 x2=0x20 x3=0x3 x4=0x121566a4 x8=0x1216f2ec blr_target=0x16f2ec frame_x19=0xe4ffe868 slot2=0x8
324	349	0x170128	0x2e	0x3	0x12849f04	[350101][branch-probe] sample #349 managed_native_blr_15454c            pc=0x1215454c libmetasec_ml.so+0x15454c lr=0x15ab44 sp=0xe4ffe700 x0=0xe4ffe868 x1=0xe4ffe868 x2=0x2e x3=0x3 x4=0x121566a4 x8=0x12170128 blr_target=0x170128 frame_x19=0xe4ffe868 slot2=0x12849f04
325	350	0x16eda0	0x7	0x3	0x30	[350101][branch-probe] sample #350 managed_native_blr_15454c            pc=0x1215454c libmetasec_ml.so+0x15454c lr=0x15ab44 sp=0xe4ffe700 x0=0xe4ffe868 x1=0xe4ffe868 x2=0x7 x3=0x3 x4=0x121566a4 x8=0x1216eda0 blr_target=0x16eda0 frame_x19=0xe4ffe868 slot2=0x30
326	351	0x16eda0	0x7	0x3	0x30	[350101][branch-probe] sample #351 managed_native_blr_15454c            pc=0x1215454c libmetasec_ml.so+0x15454c lr=0x15ab44 sp=0xe4ffe700 x0=0xe4ffe868 x1=0xe4ffe868 x2=0x7 x3=0x3 x4=0x121566a4 x8=0x1216eda0 blr_target=0x16eda0 frame_x19=0xe4ffe868 slot2=0x30
327	352	0x16eda0	0x7	0x3	0x30	[350101][branch-probe] sample #352 managed_native_blr_15454c            pc=0x1215454c libmetasec_ml.so+0x15454c lr=0x15ab44 sp=0xe4ffe700 x0=0xe4ffe868 x1=0xe4ffe868 x2=0x7 x3=0x3 x4=0x121566a4 x8=0x1216eda0 blr_target=0x16eda0 frame_x19=0xe4ffe868 slot2=0x30
328	353	0x16eda0	0x7	0x3	0x30	[350101][branch-probe] sample #353 managed_native_blr_15454c            pc=0x1215454c libmetasec_ml.so+0x15454c lr=0x15ab44 sp=0xe4ffe700 x0=0xe4ffe868 x1=0xe4ffe868 x2=0x7 x3=0x3 x4=0x121566a4 x8=0x1216eda0 blr_target=0x16eda0 frame_x19=0xe4ffe868 slot2=0x30
329	354	0x16eda0	0x7	0x3	0x30	[350101][branch-probe] sample #354 managed_native_blr_15454c            pc=0x1215454c libmetasec_ml.so+0x15454c lr=0x15ab44 sp=0xe4ffe700 x0=0xe4ffe868 x1=0xe4ffe868 x2=0x7 x3=0x3 x4=0x121566a4 x8=0x1216eda0 blr_target=0x16eda0 frame_x19=0xe4ffe868 slot2=0x30
330	355	0x16eda0	0x7	0x3	0x30	[350101][branch-probe] sample #355 managed_native_blr_15454c            pc=0x1215454c libmetasec_ml.so+0x15454c lr=0x15ab44 sp=0xe4ffe700 x0=0xe4ffe868 x1=0xe4ffe868 x2=0x7 x3=0x3 x4=0x121566a4 x8=0x1216eda0 blr_target=0x16eda0 frame_x19=0xe4ffe868 slot2=0x30
