ts	pid
1788278428.879097	14085
1788278434.0065112	14085
1788278439.152353	14085
1788278444.256767	14085
1788278449.3866801	14085
1788278454.5181398	14085
1788278459.6738718	14085
1788278464.7771149	14085
1788278469.9052858	14085
1788278475.0315719	14085
1788278480.153049	14085
1788278485.271158	14085
1788278490.401334	14085
1788278495.536101	14085
1788278500.6853812	14085
1788278505.823481	14085
1788278510.9231	14085
1788278516.026556	14085
1788278521.137443	14085
1788278526.288197	14085
1788278531.426659	14085
1788278536.5400581	14085
1788278541.647315	14085
1788278546.803884	14085
