1	200	headers=11	body=51	url=https://aweme.snssdk.com/aweme/v2/video/safety/check/?klink_egdi=AAL6F2JRRmTyRcmhfWO8fpeIax20xWdbnFyoOkbHLTA1hgY6i5yr6vS9&iid=3313280560987770&device_id=4087336283154583&ac=wifi&channel=vivo_1128_64&aid=1128&app_name=aweme&version_code=350100&version_name=35.1.0&device_platform=android&os=android&ssmix=a&device_type=Pixel+6&device_brand=google&language=zh&os_api=35&os_version=15&manifest_version_code=350101&resolution=1080*2209&dpi=420&update_version_code=35109900&_rticket=1788278436100&package=com.ss.android.ugc.aweme&mcc_mnc=46000&first_launch_timestamp=1788265682&last_deeplink_update_version_code=0&cpu_support64=true&host_abi=arm64-v8a&is_guest_mode=0&app_type=normal&minor_status=0&appTheme=light&is_preinstall=0&need_personal_recommend=1&is_android_pad=0&is_android_fold=0&ts=1788278435&cdid=3c8e225d-27e2-4294-8873-9009960e7908
2	200	headers=8	body=0	url=https://aweme.snssdk.com/service/settings/v2/?has_local_cache=true&app=1&default=1&settings_time=1788278373&klink_egdi=AAL6F2JRRmTyRcmhfWO8fpeIax20xWdbnFyoOkbHLTA1hgY6i5yr6vS9&iid=3313280560987770&device_id=4087336283154583&ac=wifi&channel=vivo_1128_64&aid=1128&app_name=aweme&version_code=350100&version_name=35.1.0&device_platform=android&os=android&ssmix=a&device_type=Pixel+6&device_brand=google&language=zh&os_api=35&os_version=15&manifest_version_code=350101&resolution=1080*2209&dpi=420&update_version_code=35109900&_rticket=1788278435141&package=com.ss.android.ugc.aweme&mcc_mnc=46000&first_launch_timestamp=1788265682&last_deeplink_update_version_code=0&cpu_support64=true&host_abi=arm64-v8a&is_guest_mode=0&app_type=normal&minor_status=0&appTheme=light&is_preinstall=0&need_personal_recommend=1&is_android_pad=0&is_android_fold=0&ts=1788278434&cdid=3c8e225d-27e2-4294-8873-9009960e7908
3	200	headers=11	body=107	url=https://webcast.amemv.com/webcast/distribution/check_user_live_status/?iid=3313280560987770&device_id=4087336283154583&ac=wifi&channel=vivo_1128_64&aid=1128&app_name=aweme&version_code=350100&version_name=35.1.0&device_platform=android&os=android&device_type=Pixel+6&device_brand=google&language=zh&os_version=15&manifest_version_code=350101&resolution=1080*2209&dpi=420&update_version_code=35109900&package=com.ss.android.ugc.aweme&mcc_mnc=46000&is_guest_mode=0&app_type=normal&minor_status=0&appTheme=light&is_preinstall=0&need_personal_recommend=1&is_android_pad=0&is_android_fold=0&ts=1788278437&cdid=3c8e225d-27e2-4294-8873-9009960e7908
4	200	headers=10	body=165	url=https://jsb.snssdk.com/src/server/v2/package
5	200	headers=11	body=454	url=https://ib.snssdk.com/cloudpush/promotion/keep_alive/?alliance_sdk_version_code=30915&country=CN&push_sdk_version=30915&iid=3313280560987770&channel=vivo_1128_64&is_foreground=1&device_type=Pixel+6&language=zh&os_detail_type=android&device_manufacturer=Google&platform=phone&update_version_code=35109900&rom=13003188&os_api=35&tz_name=Asia%2FShanghai&push_sdk_version_name=3.9.15-rc.0&tz_offset=28800&alliance_sdk_version_name=3.9.15-rc.0&dpi=420&push_device_id=9ef28bf85093b31974844d7d61475f21ae88753e51557ea53aeb1e4c14125f38&ac=wifi&package=com.ss.android.ugc.aweme&device_id=4087336283154583&os=android&os_version=15&version_code=350100&proxy_support_type=3&app_name=aweme&version_name=35.1.0&device_brand=google&region=cn&aid=1128&rom_version=35&klink_egdi=AAL6F2JRRmTyRcmhfWO8fpeIax20xWdbnFyoOkbHLTA1hgY6i5yr6vS9&device_platform=android&ssmix=a&manifest_version_code=350101&resolution=1080*2209&_rticket=1788278440260&mcc_mnc=46000&first_launch_timestamp=1788265682&last_deeplink_update_version_code=0&cpu_support64=true&host_abi=arm64-v8a&is_guest_mode=0&app_type=normal&minor_status=0&appTheme=light&is_preinstall=0&need_personal_recommend=1&is_android_pad=0&is_android_fold=0&ts=1788278439&cdid=3c8e225d-27e2-4294-8873-9009960e7908
6	200	headers=12	body=514	url=https://aweme.snssdk.com/aweme/v1/aweme/stats/?klink_egdi=AAL6F2JRRmTyRcmhfWO8fpeIax20xWdbnFyoOkbHLTA1hgY6i5yr6vS9&iid=3313280560987770&device_id=4087336283154583&ac=wifi&channel=vivo_1128_64&aid=1128&app_name=aweme&version_code=350100&version_name=35.1.0&device_platform=android&os=android&ssmix=a&device_type=Pixel+6&device_brand=google&language=zh&os_api=35&os_version=15&manifest_version_code=350101&resolution=1080*2209&dpi=420&update_version_code=35109900&_rticket=1788278440297&package=com.ss.android.ugc.aweme&mcc_mnc=46000&first_launch_timestamp=1788265682&last_deeplink_update_version_code=0&cpu_support64=true&host_abi=arm64-v8a&is_guest_mode=0&app_type=normal&minor_status=0&appTheme=light&is_preinstall=0&need_personal_recommend=1&is_android_pad=0&is_android_fold=0&ts=1788278439&cdid=3c8e225d-27e2-4294-8873-9009960e7908
7	200	headers=8	body=0	url=https://aweme.snssdk.com/check_version/v7/?cpu_abi=arm64-v8a%2C+armeabi-v7a%2C+armeabi&md5=727ebb107c4cc6a5035869afb3e6fc9b&diff_sdk_version=1&call_type=1&klink_egdi=AAL6F2JRRmTyRcmhfWO8fpeIax20xWdbnFyoOkbHLTA1hgY6i5yr6vS9&iid=3313280560987770&device_id=4087336283154583&ac=wifi&channel=vivo_1128_64&aid=1128&app_name=aweme&version_code=350100&version_name=35.1.0&device_platform=android&os=android&ssmix=a&device_type=Pixel+6&device_brand=google&language=zh&os_api=35&os_version=15&manifest_version_code=350101&resolution=1080*2209&dpi=420&update_version_code=35109900&_rticket=1788278440978&package=com.ss.android.ugc.aweme&mcc_mnc=46000&first_launch_timestamp=1788265682&last_deeplink_update_version_code=0&cpu_support64=true&host_abi=arm64-v8a&is_guest_mode=0&app_type=normal&minor_status=0&appTheme=light&is_preinstall=0&need_personal_recommend=1&is_android_pad=0&is_android_fold=0&ts=1788278440&cdid=3c8e225d-27e2-4294-8873-9009960e7908
8	200	headers=11	body=18198	url=https://aweme.snssdk.com/service/2/app_log/?version_code=350100&device_platform=android&device_id=4087336283154583&aid=1128&iid=3313280560987770&tt_data=a
9	200	headers=12	body=0	url=https://aweme.snssdk.com/service/settings/v3/?aid=1128&iid=3313280560987770&device_id=4087336283154583&channel=vivo_1128_64&device_platform=android&version_code=350100&caller_name=interaction_sdk&ctx_infos&os_version=15&device_type=Pixel+6&klink_egdi=AAL6F2JRRmTyRcmhfWO8fpeIax20xWdbnFyoOkbHLTA1hgY6i5yr6vS9&ac=wifi&app_name=aweme&version_name=35.1.0&os=android&ssmix=a&device_brand=google&language=zh&os_api=35&manifest_version_code=350101&resolution=1080*2209&dpi=420&update_version_code=35109900&_rticket=1788278442640&package=com.ss.android.ugc.aweme&mcc_mnc=46000&first_launch_timestamp=1788265682&last_deeplink_update_version_code=0&cpu_support64=true&host_abi=arm64-v8a&is_guest_mode=0&app_type=normal&minor_status=0&appTheme=light&is_preinstall=0&need_personal_recommend=1&is_android_pad=0&is_android_fold=0&ts=1788278442&cdid=3c8e225d-27e2-4294-8873-9009960e7908
10	200	headers=12	body=76	url=https://ecom.snssdk.com/aweme/v2/commerce/bff/cold_start?fe_version=20042&klink_egdi=AAL6F2JRRmTyRcmhfWO8fpeIax20xWdbnFyoOkbHLTA1hgY6i5yr6vS9&iid=3313280560987770&device_id=4087336283154583&ac=wifi&channel=vivo_1128_64&aid=1128&app_name=aweme&version_code=350100&version_name=35.1.0&device_platform=android&os=android&ssmix=a&device_type=Pixel+6&device_brand=google&language=zh&os_api=35&os_version=15&manifest_version_code=350101&resolution=1080*2209&dpi=420&update_version_code=35109900&_rticket=1788278443676&package=com.ss.android.ugc.aweme&mcc_mnc=46000&first_launch_timestamp=1788265682&last_deeplink_update_version_code=0&cpu_support64=true&host_abi=arm64-v8a&is_guest_mode=0&app_type=normal&minor_status=0&appTheme=light&is_preinstall=0&need_personal_recommend=1&is_android_pad=0&is_android_fold=0&ts=1788278443&cdid=3c8e225d-27e2-4294-8873-9009960e7908
11	200	headers=11	body=2022	url=https://aweme.snssdk.com/service/2/app_log/?version_code=350100&device_platform=android&device_id=4087336283154583&aid=1128&iid=3313280560987770&tt_data=a
12	200	headers=11	body=478	url=https://polaris.zijieapi.com/luckycat/activity/settings/get_dynamic_settings/?luckydog_base=ZWkSTskzn9-4_3mhabJfkkR2YvxwBoxiW_rj9VMoqp8uV8Dnf0f6dK7FSZbP_-AydNGWOQD7rvaKeoOAQiH0yX53LPEKSCcT3H7wiR2TaYCUAPcqpsE2JkDGG0-C8LiLPOPbVM3RPQF8jswe2cacoMSNQRsHNuuAWp1VRGjbkUg&luckydog_token=wXnov5t9s9cQ0rPwC9vlX1fC8noemPhjug21LcHCB9_Rp1n5ZVN1FhQwoc1xkfRx&luckydog_data=vMVxwNDHRsvj9mg9HHkvrA&device_platform=android&klink_egdi=AAL6F2JRRmTyRcmhfWO8fpeIax20xWdbnFyoOkbHLTA1hgY6i5yr6vS9&iid=3313280560987770&device_id=4087336283154583&ac=wifi&channel=vivo_1128_64&aid=1128&app_name=aweme&version_code=350100&version_name=35.1.0&os=android&ssmix=a&device_type=Pixel+6&device_brand=google&language=zh&os_api=35&os_version=15&manifest_version_code=350101&resolution=1080*2209&dpi=420&update_version_code=35109900&_rticket=1788278444810&package=com.ss.android.ugc.aweme&mcc_mnc=46000&first_launch_timestamp=1788265682&last_deeplink_update_version_code=0&cpu_support64=true&host_abi=arm64-v8a&is_guest_mode=0&app_type=normal&minor_status=0&appTheme=light&is_preinstall=0&need_personal_recommend=1&is_android_pad=0&is_android_fold=0&ts=1788278444&cdid=3c8e225d-27e2-4294-8873-9009960e7908&rom=GOOGLE&has_alipay=0&p_switch=1&rom_version=unknown&luckydog_api_verison=8.87.0-rc.1&luckydog_sdk_verison&is_teen_mode=0&status_bar_height=48&lucky_is_32=0&lucky_device_score=8.4364&lucky_device_type=Pixel+6
13	200	headers=11	body=449	url=https://polaris.zijieapi.com/luckycat/activity/refresh_act_id/?need_token_params=1&klink_egdi=AAL6F2JRRmTyRcmhfWO8fpeIax20xWdbnFyoOkbHLTA1hgY6i5yr6vS9&iid=3313280560987770&device_id=4087336283154583&ac=wifi&channel=vivo_1128_64&aid=1128&app_name=aweme&version_code=350100&version_name=35.1.0&device_platform=android&os=android&ssmix=a&device_type=Pixel+6&device_brand=google&language=zh&os_api=35&os_version=15&manifest_version_code=350101&resolution=1080*2209&dpi=420&update_version_code=35109900&_rticket=1788278444418&package=com.ss.android.ugc.aweme&mcc_mnc=46000&first_launch_timestamp=1788265682&last_deeplink_update_version_code=0&cpu_support64=true&host_abi=arm64-v8a&is_guest_mode=0&app_type=normal&minor_status=0&appTheme=light&is_preinstall=0&need_personal_recommend=1&is_android_pad=0&is_android_fold=0&ts=1788278443&cdid=3c8e225d-27e2-4294-8873-9009960e7908&rom=GOOGLE&has_alipay=0&p_switch=1&rom_version=unknown&luckydog_api_verison=8.87.0-rc.1&luckydog_sdk_verison&luckydog_sdk_verison&is_teen_mode=0&status_bar_height=48&lucky_is_32=0&lucky_device_score=8.4364&lucky_device_type=Pixel+6&luckydog_base=ZWkSTskzn9-4_3mhabJfkkR2YvxwBoxiW_rj9VMoqp8uV8Dnf0f6dK7FSZbP_-AydNGWOQD7rvaKeoOAQiH0yX53LPEKSCcT3H7wiR2TaYCUAPcqpsE2JkDGG0-C8LiLPOPbVM3RPQF8jswe2cacoMSNQRsHNuuAWp1VRGjbkUg&luckydog_token=wXnov5t9s9cQ0rPwC9vlX1fC8noemPhjug21LcHCB9_Rp1n5ZVN1FhQwoc1xkfRx&luckydog_data=vMVxwNDHRsvj9mg9HHkvrA
14	200	headers=11	body=493	url=https://gecko.zijieapi.com/gkx/api/settings/v3?klink_egdi=AAL6F2JRRmTyRcmhfWO8fpeIax20xWdbnFyoOkbHLTA1hgY6i5yr6vS9&iid=3313280560987770&device_id=4087336283154583&ac=wifi&channel=vivo_1128_64&aid=1128&app_name=aweme&version_code=350100&version_name=35.1.0&device_platform=android&os=android&ssmix=a&device_type=Pixel+6&device_brand=google&language=zh&os_api=35&os_version=15&manifest_version_code=350101&resolution=1080*2209&dpi=420&update_version_code=35109900&_rticket=1788278445170&package=com.ss.android.ugc.aweme&mcc_mnc=46000&first_launch_timestamp=1788265682&last_deeplink_update_version_code=0&cpu_support64=true&host_abi=arm64-v8a&is_guest_mode=0&app_type=normal&minor_status=0&appTheme=light&is_preinstall=0&need_personal_recommend=1&is_android_pad=0&is_android_fold=0&ts=1788278444&cdid=3c8e225d-27e2-4294-8873-9009960e7908
15	200	headers=11	body=460	url=https://polaris.zijieapi.com/luckycat/crossover/v:version/ack_install/?klink_egdi=AAL6F2JRRmTyRcmhfWO8fpeIax20xWdbnFyoOkbHLTA1hgY6i5yr6vS9&iid=3313280560987770&device_id=4087336283154583&ac=wifi&channel=vivo_1128_64&aid=1128&app_name=aweme&version_code=350100&version_name=35.1.0&device_platform=android&os=android&ssmix=a&device_type=Pixel+6&device_brand=google&language=zh&os_api=35&os_version=15&manifest_version_code=350101&resolution=1080*2209&dpi=420&update_version_code=35109900&_rticket=1788278447353&package=com.ss.android.ugc.aweme&mcc_mnc=46000&first_launch_timestamp=1788265682&last_deeplink_update_version_code=0&cpu_support64=true&host_abi=arm64-v8a&is_guest_mode=0&app_type=normal&minor_status=0&appTheme=light&is_preinstall=0&need_personal_recommend=1&is_android_pad=0&is_android_fold=0&ts=1788278446&cdid=3c8e225d-27e2-4294-8873-9009960e7908&rom=GOOGLE&has_alipay=0&p_switch=1&rom_version=unknown&luckydog_api_verison=8.87.0-rc.1&luckydog_sdk_verison=8.87.0-rc.1&is_teen_mode=0&status_bar_height=48&lucky_is_32=0&lucky_device_score=8.4364&lucky_device_type=Pixel+6&luckydog_base=ZWkSTskzn9-4_3mhabJfkkR2YvxwBoxiW_rj9VMoqp8uV8Dnf0f6dK7FSZbP_-AydNGWOQD7rvaKeoOAQiH0yX53LPEKSCcT3H7wiR2TaYCUAPcqpsE2JkDGG0-C8LiLPOPbVM3RPQF8jswe2cacoMSNQRsHNuuAWp1VRGjbkUg&luckydog_token=wXnov5t9s9cQ0rPwC9vlX1fC8noemPhjug21LcHCB9_Rp1n5ZVN1FhQwoc1xkfRx&luckydog_data=vMVxwNDHRsvj9mg9HHkvrA
16	200	headers=11	body=460	url=https://polaris.zijieapi.com/luckycat/crossover/v:version/general_get_time_token/?klink_egdi=AAL6F2JRRmTyRcmhfWO8fpeIax20xWdbnFyoOkbHLTA1hgY6i5yr6vS9&iid=3313280560987770&device_id=4087336283154583&ac=wifi&channel=vivo_1128_64&aid=1128&app_name=aweme&version_code=350100&version_name=35.1.0&device_platform=android&os=android&ssmix=a&device_type=Pixel+6&device_brand=google&language=zh&os_api=35&os_version=15&manifest_version_code=350101&resolution=1080*2209&dpi=420&update_version_code=35109900&_rticket=1788278447554&package=com.ss.android.ugc.aweme&mcc_mnc=46000&first_launch_timestamp=1788265682&last_deeplink_update_version_code=0&cpu_support64=true&host_abi=arm64-v8a&is_guest_mode=0&app_type=normal&minor_status=0&appTheme=light&is_preinstall=0&need_personal_recommend=1&is_android_pad=0&is_android_fold=0&ts=1788278447&cdid=3c8e225d-27e2-4294-8873-9009960e7908&rom=GOOGLE&has_alipay=0&p_switch=1&rom_version=unknown&luckydog_api_verison=8.87.0-rc.1&luckydog_sdk_verison=8.87.0-rc.1&is_teen_mode=0&status_bar_height=48&lucky_is_32=0&lucky_device_score=8.4364&lucky_device_type=Pixel+6&luckydog_base=ZWkSTskzn9-4_3mhabJfkkR2YvxwBoxiW_rj9VMoqp8uV8Dnf0f6dK7FSZbP_-AydNGWOQD7rvaKeoOAQiH0yX53LPEKSCcT3H7wiR2TaYCUAPcqpsE2JkDGG0-C8LiLPOPbVM3RPQF8jswe2cacoMSNQRsHNuuAWp1VRGjbkUg&luckydog_token=wXnov5t9s9cQ0rPwC9vlX1fC8noemPhjug21LcHCB9_Rp1n5ZVN1FhQwoc1xkfRx&luckydog_data=vMVxwNDHRsvj9mg9HHkvrA
17	200	headers=12	body=392	url=https://polaris.zijieapi.com/luckycat/activity/settings/get_static_settings/?luckydog_base=ZWkSTskzn9-4_3mhabJfkkR2YvxwBoxiW_rj9VMoqp8uV8Dnf0f6dK7FSZbP_-AydNGWOQD7rvaKeoOAQiH0yX53LPEKSCcT3H7wiR2TaYCUAPcqpsE2JkDGG0-C8LiLPOPbVM3RPQF8jswe2cacoMSNQRsHNuuAWp1VRGjbkUg&luckydog_token=wXnov5t9s9cQ0rPwC9vlX1fC8noemPhjug21LcHCB9_Rp1n5ZVN1FhQwoc1xkfRx&luckydog_data=vMVxwNDHRsvj9mg9HHkvrA&device_platform=android&klink_egdi=AAL6F2JRRmTyRcmhfWO8fpeIax20xWdbnFyoOkbHLTA1hgY6i5yr6vS9&iid=3313280560987770&device_id=4087336283154583&ac=wifi&channel=vivo_1128_64&aid=1128&app_name=aweme&version_code=350100&version_name=35.1.0&os=android&ssmix=a&device_type=Pixel+6&device_brand=google&language=zh&os_api=35&os_version=15&manifest_version_code=350101&resolution=1080*2209&dpi=420&update_version_code=35109900&_rticket=1788278449360&package=com.ss.android.ugc.aweme&mcc_mnc=46000&first_launch_timestamp=1788265682&last_deeplink_update_version_code=0&cpu_support64=true&host_abi=arm64-v8a&is_guest_mode=0&app_type=normal&minor_status=0&appTheme=light&is_preinstall=0&need_personal_recommend=1&is_android_pad=0&is_android_fold=0&ts=1788278448&cdid=3c8e225d-27e2-4294-8873-9009960e7908&rom=GOOGLE&has_alipay=0&p_switch=1&rom_version=unknown&luckydog_api_verison=8.87.0-rc.1&luckydog_sdk_verison=8.87.0-rc.1&is_teen_mode=0&status_bar_height=48&lucky_is_32=0&lucky_device_score=8.4364&lucky_device_type=Pixel+6
18	200	headers=9	body=1060	url=https://mssdk.bytedance.com/sdi/get_token?lc_id=1588093228&platform=android&device_platform=android&sdk_ver=v04.09.05-ml-android&sdk_ver_code=67699968&app_ver=35.1.0&version_code=350101&aid=1128&sdkid&subaid&iid=3313280560987770&did=4087336283154583&bd_did&client_type=inhouse&region_type=ml&mode=2&full_update_version_code=35109900
19	200	headers=11	body=10886	url=https://aweme.snssdk.com/service/2/app_log/?version_code=350100&device_platform=android&device_id=4087336283154583&aid=1128&iid=3313280560987770&tt_data=a
20	200	headers=11	body=460	url=https://polaris.zijieapi.com/luckycat/crossover/v:version/ack_install/?klink_egdi=AAL6F2JRRmTyRcmhfWO8fpeIax20xWdbnFyoOkbHLTA1hgY6i5yr6vS9&iid=3313280560987770&device_id=4087336283154583&ac=wifi&channel=vivo_1128_64&aid=1128&app_name=aweme&version_code=350100&version_name=35.1.0&device_platform=android&os=android&ssmix=a&device_type=Pixel+6&device_brand=google&language=zh&os_api=35&os_version=15&manifest_version_code=350101&resolution=1080*2209&dpi=420&update_version_code=35109900&_rticket=1788278452168&package=com.ss.android.ugc.aweme&mcc_mnc=46000&first_launch_timestamp=1788265682&last_deeplink_update_version_code=0&cpu_support64=true&host_abi=arm64-v8a&is_guest_mode=0&app_type=normal&minor_status=0&appTheme=light&is_preinstall=0&need_personal_recommend=1&is_android_pad=0&is_android_fold=0&ts=1788278451&cdid=3c8e225d-27e2-4294-8873-9009960e7908&rom=GOOGLE&has_alipay=0&p_switch=1&rom_version=unknown&luckydog_api_verison=8.87.0-rc.1&luckydog_sdk_verison=8.87.0-rc.1&is_teen_mode=0&status_bar_height=48&lucky_is_32=0&lucky_device_score=8.4364&lucky_device_type=Pixel+6&luckydog_base=ZWkSTskzn9-4_3mhabJfkkR2YvxwBoxiW_rj9VMoqp8uV8Dnf0f6dK7FSZbP_-AydNGWOQD7rvaKeoOAQiH0yX53LPEKSCcT3H7wiR2TaYCUAPcqpsE2JkDGG0-C8LiLPOPbVM3RPQF8jswe2cacoMSNQRsHNuuAWp1VRGjbkUg&luckydog_token=wXnov5t9s9cQ0rPwC9vlX1fC8noemPhjug21LcHCB9_Rp1n5ZVN1FhQwoc1xkfRx&luckydog_data=vMVxwNDHRsvj9mg9HHkvrA
21	200	headers=12	body=515	url=https://aweme.snssdk.com/aweme/v1/aweme/stats/?klink_egdi=AAL6F2JRRmTyRcmhfWO8fpeIax20xWdbnFyoOkbHLTA1hgY6i5yr6vS9&iid=3313280560987770&device_id=4087336283154583&ac=wifi&channel=vivo_1128_64&aid=1128&app_name=aweme&version_code=350100&version_name=35.1.0&device_platform=android&os=android&ssmix=a&device_type=Pixel+6&device_brand=google&language=zh&os_api=35&os_version=15&manifest_version_code=350101&resolution=1080*2209&dpi=420&update_version_code=35109900&_rticket=1788278451561&package=com.ss.android.ugc.aweme&mcc_mnc=46000&first_launch_timestamp=1788265682&last_deeplink_update_version_code=0&cpu_support64=true&host_abi=arm64-v8a&is_guest_mode=0&app_type=normal&minor_status=0&appTheme=light&is_preinstall=0&need_personal_recommend=1&is_android_pad=0&is_android_fold=0&ts=1788278451&cdid=3c8e225d-27e2-4294-8873-9009960e7908
22	200	headers=8	body=0	url=https://aweme.snssdk.com/aweme/ug/general/cold_start?klink_egdi=AAL6F2JRRmTyRcmhfWO8fpeIax20xWdbnFyoOkbHLTA1hgY6i5yr6vS9&iid=3313280560987770&device_id=4087336283154583&ac=wifi&channel=vivo_1128_64&aid=1128&app_name=aweme&version_code=350100&version_name=35.1.0&device_platform=android&os=android&ssmix=a&device_type=Pixel+6&device_brand=google&language=zh&os_api=35&os_version=15&manifest_version_code=350101&resolution=1080*2209&dpi=420&update_version_code=35109900&_rticket=1788278454479&package=com.ss.android.ugc.aweme&mcc_mnc=46000&first_launch_timestamp=1788265682&last_deeplink_update_version_code=0&cpu_support64=true&host_abi=arm64-v8a&is_guest_mode=0&app_type=normal&minor_status=0&appTheme=light&is_preinstall=0&need_personal_recommend=1&is_android_pad=0&is_android_fold=0&ts=1788278453&cdid=3c8e225d-27e2-4294-8873-9009960e7908&luckydog_base=ZWkSTskzn9-4_3mhabJfkkR2YvxwBoxiW_rj9VMoqp8uV8Dnf0f6dK7FSZbP_-AydNGWOQD7rvaKeoOAQiH0yX53LPEKSCcT3H7wiR2TaYCUAPcqpsE2JkDGG0-C8LiLPOPbVM3RPQF8jswe2cacoMSNQRsHNuuAWp1VRGjbkUg&luckydog_token=wXnov5t9s9cQ0rPwC9vlX1fC8noemPhjug21LcHCB9_Rp1n5ZVN1FhQwoc1xkfRx&luckydog_data=vMVxwNDHRsvj9mg9HHkvrA
23	200	headers=8	body=127	url=https://aweme.snssdk.com/api/v2/resource/asset-sdk
24	200	headers=9	body=0	url=https://aweme.snssdk.com/service/settings/v3/?caller_name=kite_device_android&device_id=4087336283154583&iid=3313280560987770&channel=vivo_1128_64&version_code=350100&device_platform=android&device_type=Pixel+6&aid=1128&klink_egdi=AAL6F2JRRmTyRcmhfWO8fpeIax20xWdbnFyoOkbHLTA1hgY6i5yr6vS9&ac=wifi&app_name=aweme&version_name=35.1.0&os=android&ssmix=a&device_brand=google&language=zh&os_api=35&os_version=15&manifest_version_code=350101&resolution=1080*2209&dpi=420&update_version_code=35109900&_rticket=1788278458117&package=com.ss.android.ugc.aweme&mcc_mnc=46000&first_launch_timestamp=1788265682&last_deeplink_update_version_code=0&cpu_support64=true&host_abi=arm64-v8a&is_guest_mode=0&app_type=normal&minor_status=0&appTheme=light&is_preinstall=0&need_personal_recommend=1&is_android_pad=0&is_android_fold=0&ts=1788278457&cdid=3c8e225d-27e2-4294-8873-9009960e7908&luckydog_base=ZWkSTskzn9-4_3mhabJfkkR2YvxwBoxiW_rj9VMoqp8uV8Dnf0f6dK7FSZbP_-AydNGWOQD7rvaKeoOAQiH0yX53LPEKSCcT3H7wiR2TaYCUAPcqpsE2JkDGG0-C8LiLPOPbVM3RPQF8jswe2cacoMSNQRsHNuuAWp1VRGjbkUg&luckydog_token=wXnov5t9s9cQ0rPwC9vlX1fC8noemPhjug21LcHCB9_Rp1n5ZVN1FhQwoc1xkfRx&luckydog_data=vMVxwNDHRsvj9mg9HHkvrA
25	200	headers=8	body=0	url=https://aweme.snssdk.com/aweme/v2/undertaking/settings/?brand_sys_version=0&total_not_incentive_share=0&widget_info=%7B%22follow_small_widget%22%3Afalse%2C%22message_small_widget%22%3Afalse%2C%22friend_message_widget%22%3Afalse%2C%22mall_guide_widget%22%3Afalse%7D&klink_egdi=AAL6F2JRRmTyRcmhfWO8fpeIax20xWdbnFyoOkbHLTA1hgY6i5yr6vS9&iid=3313280560987770&device_id=4087336283154583&ac=wifi&channel=vivo_1128_64&aid=1128&app_name=aweme&version_code=350100&version_name=35.1.0&device_platform=android&os=android&ssmix=a&device_type=Pixel+6&device_brand=google&language=zh&os_api=35&os_version=15&manifest_version_code=350101&resolution=1080*2209&dpi=420&update_version_code=35109900&_rticket=1788278456551&package=com.ss.android.ugc.aweme&mcc_mnc=46000&first_launch_timestamp=1788265682&last_deeplink_update_version_code=0&cpu_support64=true&host_abi=arm64-v8a&is_guest_mode=0&app_type=normal&minor_status=0&appTheme=light&is_preinstall=0&need_personal_recommend=1&is_android_pad=0&is_android_fold=0&ts=1788278455&cdid=3c8e225d-27e2-4294-8873-9009960e7908
26	200	headers=8	body=0	url=https://aweme.snssdk.com/aweme/homepage/component/?interface_version=v2&domain_data_hash=%7B%22homepage%22%3A%225715cdaac14dc017813156e6d4ce5604%22%2C%22feed%22%3A%22dd80676eddbc9994a78cbdd96eacf786%22%2C%22pop_view%22%3A%229631dcbbd6404968da6fd89bd2faed56%22%7D&optimize_link_enable=1&klink_egdi=AAL6F2JRRmTyRcmhfWO8fpeIax20xWdbnFyoOkbHLTA1hgY6i5yr6vS9&iid=3313280560987770&device_id=4087336283154583&ac=wifi&channel=vivo_1128_64&aid=1128&app_name=aweme&version_code=350100&version_name=35.1.0&device_platform=android&os=android&ssmix=a&device_type=Pixel+6&device_brand=google&language=zh&os_api=35&os_version=15&manifest_version_code=350101&resolution=1080*2209&dpi=420&update_version_code=35109900&_rticket=1788278457374&package=com.ss.android.ugc.aweme&mcc_mnc=46000&first_launch_timestamp=1788265682&last_deeplink_update_version_code=0&cpu_support64=true&host_abi=arm64-v8a&is_guest_mode=0&app_type=normal&minor_status=0&appTheme=light&is_preinstall=0&need_personal_recommend=1&is_android_pad=0&is_android_fold=0&ts=1788278456&cdid=3c8e225d-27e2-4294-8873-9009960e7908
27	200	headers=9	body=10194	url=https://mssdk.bytedance.com/ri/report?lc_id=1588093228&platform=android&device_platform=android&sdk_ver=v04.09.05-ml-android&sdk_ver_code=67699968&app_ver=35.1.0&version_code=350101&aid=1128&sdkid&subaid&iid=3313280560987770&did=4087336283154583&bd_did&client_type=inhouse&region_type=ml&mode=3&full_update_version_code=35109900
28	200	headers=8	body=0	url=https://aweme.snssdk.com/service/settings/v3/?klink_egdi=AAL6F2JRRmTyRcmhfWO8fpeIax20xWdbnFyoOkbHLTA1hgY6i5yr6vS9&iid=3313280560987770&device_id=4087336283154583&ac=wifi&channel=vivo_1128_64&aid=4263&app_name=aweme&version_code=350100&version_name=35.1.0&device_platform=android&os=android&ssmix=a&device_type=Pixel+6&device_brand=google&language=zh&os_api=35&os_version=15&manifest_version_code=350101&resolution=1080*2209&dpi=420&update_version_code=35109900&_rticket=1788278462199&package=com.ss.android.ugc.aweme&mcc_mnc=46000&first_launch_timestamp=1788265682&last_deeplink_update_version_code=0&cpu_support64=true&host_abi=arm64-v8a&is_guest_mode=0&app_type=normal&minor_status=0&appTheme=light&is_preinstall=0&need_personal_recommend=1&is_android_pad=0&is_android_fold=0&ts=1788278461&cdid=3c8e225d-27e2-4294-8873-9009960e7908&luckydog_base=ZWkSTskzn9-4_3mhabJfkkR2YvxwBoxiW_rj9VMoqp8uV8Dnf0f6dK7FSZbP_-AydNGWOQD7rvaKeoOAQiH0yX53LPEKSCcT3H7wiR2TaYCUAPcqpsE2JkDGG0-C8LiLPOPbVM3RPQF8jswe2cacoMSNQRsHNuuAWp1VRGjbkUg&luckydog_token=wXnov5t9s9cQ0rPwC9vlX1fC8noemPhjug21LcHCB9_Rp1n5ZVN1FhQwoc1xkfRx&luckydog_data=vMVxwNDHRsvj9mg9HHkvrA
29	200	headers=11	body=48270	url=https://gecko.zijieapi.com/gkx/api/resource/v7/coldstart?klink_egdi=AAL6F2JRRmTyRcmhfWO8fpeIax20xWdbnFyoOkbHLTA1hgY6i5yr6vS9&iid=3313280560987770&device_id=4087336283154583&ac=wifi&channel=vivo_1128_64&aid=1128&app_name=aweme&version_code=350100&version_name=35.1.0&device_platform=android&os=android&ssmix=a&device_type=Pixel+6&device_brand=google&language=zh&os_api=35&os_version=15&manifest_version_code=350101&resolution=1080*2209&dpi=420&update_version_code=35109900&_rticket=1788278460449&package=com.ss.android.ugc.aweme&mcc_mnc=46000&first_launch_timestamp=1788265682&last_deeplink_update_version_code=0&cpu_support64=true&host_abi=arm64-v8a&is_guest_mode=0&app_type=normal&minor_status=0&appTheme=light&is_preinstall=0&need_personal_recommend=1&is_android_pad=0&is_android_fold=0&ts=1788278459&cdid=3c8e225d-27e2-4294-8873-9009960e7908
30	200	headers=11	body=19062	url=https://aweme.snssdk.com/service/2/app_log/?version_code=350100&device_platform=android&device_id=4087336283154583&aid=1128&iid=3313280560987770&tt_data=a
31	200	headers=11	body=146	url=https://webcast.amemv.com/webcast/distribution/check_user_live_status/?iid=3313280560987770&device_id=4087336283154583&ac=wifi&channel=vivo_1128_64&aid=1128&app_name=aweme&version_code=350100&version_name=35.1.0&device_platform=android&os=android&device_type=Pixel+6&device_brand=google&language=zh&os_version=15&manifest_version_code=350101&resolution=1080*2209&dpi=420&update_version_code=35109900&package=com.ss.android.ugc.aweme&mcc_mnc=46000&is_guest_mode=0&app_type=normal&minor_status=0&appTheme=light&is_preinstall=0&need_personal_recommend=1&is_android_pad=0&is_android_fold=0&ts=1788278462&cdid=3c8e225d-27e2-4294-8873-9009960e7908
32	200	headers=11	body=9	url=https://webcast.amemv.com/webcast/strategy/setting/?strategy_hash=15353673057117605336&gamecp_sdk_version=3920&webcast_sdk_version=3920&webcast_language=zh&webcast_locale=zh_CN_%23Hans&webcast_gps_access=2&current_network_quality_info=%7B%22http_rtt%22%3A25%2C%22tcp_rtt%22%3A25%2C%22quic_rtt%22%3A25%2C%22downstream_throughput_kbps%22%3A1600%2C%22net_effective_connection_type%22%3A7%2C%22video_download_speed%22%3A1744%2C%22quic_receive_loss_rate%22%3A-1%2C%22quic_send_loss_rate%22%3A-1%7D&device_score=8.4364&address_book_access=2&user_id=0&is_pad=false&is_android_pad=0&is_landscape=false&carrier_region=CN&klink_egdi=AAL6F2JRRmTyRcmhfWO8fpeIax20xWdbnFyoOkbHLTA1hgY6i5yr6vS9&iid=3313280560987770&device_id=4087336283154583&ac=wifi&channel=vivo_1128_64&aid=1128&app_name=aweme&version_code=350100&version_name=35.1.0&device_platform=android&os=android&ssmix=a&device_type=Pixel+6&device_brand=google&language=zh&os_api=35&os_version=15&manifest_version_code=350101&resolution=1080*2209&dpi=420&update_version_code=35109900&_rticket=1788278462629&package=com.ss.android.ugc.aweme&mcc_mnc=46000&first_launch_timestamp=1788265682&last_deeplink_update_version_code=0&cpu_support64=true&host_abi=arm64-v8a&is_guest_mode=0&app_type=normal&minor_status=0&appTheme=light&is_preinstall=0&need_personal_recommend=1&is_android_fold=0&ts=1788278461&cdid=3c8e225d-27e2-4294-8873-9009960e7908
33	200	headers=13	body=149	url=https://ecom.snssdk.com/aweme/v2/commerce/bubble/trigger?klink_egdi=AAL6F2JRRmTyRcmhfWO8fpeIax20xWdbnFyoOkbHLTA1hgY6i5yr6vS9&iid=3313280560987770&device_id=4087336283154583&ac=wifi&channel=vivo_1128_64&aid=1128&app_name=aweme&version_code=350100&version_name=35.1.0&device_platform=android&os=android&ssmix=a&device_type=Pixel+6&device_brand=google&language=zh&os_api=35&os_version=15&manifest_version_code=350101&resolution=1080*2209&dpi=420&update_version_code=35109900&_rticket=1788278470313&package=com.ss.android.ugc.aweme&mcc_mnc=46000&first_launch_timestamp=1788265682&last_deeplink_update_version_code=0&cpu_support64=true&host_abi=arm64-v8a&is_guest_mode=0&app_type=normal&minor_status=0&appTheme=light&is_preinstall=0&need_personal_recommend=1&is_android_pad=0&is_android_fold=0&ts=1788278469&cdid=3c8e225d-27e2-4294-8873-9009960e7908
34	200	headers=11	body=10390	url=https://aweme.snssdk.com/service/2/app_log/?version_code=350100&device_platform=android&device_id=4087336283154583&aid=1128&iid=3313280560987770&tt_data=a
35	200	headers=12	body=514	url=https://aweme.snssdk.com/aweme/v1/aweme/stats/?klink_egdi=AAL6F2JRRmTyRcmhfWO8fpeIax20xWdbnFyoOkbHLTA1hgY6i5yr6vS9&iid=3313280560987770&device_id=4087336283154583&ac=wifi&channel=vivo_1128_64&aid=1128&app_name=aweme&version_code=350100&version_name=35.1.0&device_platform=android&os=android&ssmix=a&device_type=Pixel+6&device_brand=google&language=zh&os_api=35&os_version=15&manifest_version_code=350101&resolution=1080*2209&dpi=420&update_version_code=35109900&_rticket=1788278471244&package=com.ss.android.ugc.aweme&mcc_mnc=46000&first_launch_timestamp=1788265682&last_deeplink_update_version_code=0&cpu_support64=true&host_abi=arm64-v8a&is_guest_mode=0&app_type=normal&minor_status=0&appTheme=light&is_preinstall=0&need_personal_recommend=1&is_android_pad=0&is_android_fold=0&ts=1788278470&cdid=3c8e225d-27e2-4294-8873-9009960e7908
36	200	headers=2	body=0	url=https://dig.bdurl.net/q?host=n98-v-ncdn-music.douyinstatic.com&source=vod&aid=1128
37	200	headers=8	body=0	url=https://abtest-ch.snssdk.com/common?host_app_name=aweme&device_id=4087336283154583&user_id&os_version=15&channel=vivo_1128_64&host_version=35.1.0&sdk_version=2.0.0&device_platform=Android&device_type=oriole&host_app_id=1128&app_id=349653
38	200	headers=11	body=33	url=https://aweme.snssdk.com/privacy/setting/change?klink_egdi=AAL6F2JRRmTyRcmhfWO8fpeIax20xWdbnFyoOkbHLTA1hgY6i5yr6vS9&iid=3313280560987770&device_id=4087336283154583&ac=wifi&channel=vivo_1128_64&aid=1128&app_name=aweme&version_code=350100&version_name=35.1.0&device_platform=android&os=android&ssmix=a&device_type=Pixel+6&device_brand=google&language=zh&os_api=35&os_version=15&manifest_version_code=350101&resolution=1080*2209&dpi=420&update_version_code=35109900&_rticket=1788278476596&package=com.ss.android.ugc.aweme&mcc_mnc=46000&first_launch_timestamp=1788265682&last_deeplink_update_version_code=0&cpu_support64=true&host_abi=arm64-v8a&is_guest_mode=0&app_type=normal&minor_status=0&appTheme=light&is_preinstall=0&need_personal_recommend=1&is_android_pad=0&is_android_fold=0&ts=1788278475&cdid=3c8e225d-27e2-4294-8873-9009960e7908
39	200	headers=11	body=10489	url=https://aweme.snssdk.com/aweme/v2/feed/?type=0&max_cursor=0&min_cursor=0&count=12&volume=0.0&pull_type=8&need_relieve_aweme=0&filter_warn=0&req_from&is_cold_start=0&address_book_access=2&gps_access=2&splash_cid&splash_type=-1&download_sdk_info=%7B%22su%22%3A99800%2C%22su_pct%22%3A0.8839681133746679%2C%22pure_mode_enable%22%3A4%2C%22pure_mode%22%3A4%2C%22pure_enhanced_mode_enable%22%3A4%2C%22pure_enhanced_mode%22%3A4%7D&action_mask=-1&action_mask_detail=%7B%227680028291068381019%22%3A2049%2C%227669624726914584420%22%3A2048%2C%227666518837839297444%22%3A2049%2C%227674964954886512467%22%3A2048%7D&action_mask_info=%7B%227680028291068381019%22%3A%7B%22s_ts%22%3A1788278419880%2C%22p_t%22%3A15035%7D%2C%227669624726914584420%22%3A%7B%22s_ts%22%3A1788278435089%2C%22p_t%22%3A7521%7D%2C%227674595466042866859%22%3A%7B%22s_ts%22%3A1788278446163%2C%22p_t%22%3A3753%7D%2C%227666518837839297444%22%3A%7B%22s_ts%22%3A1788278455793%2C%22p_t%22%3A13040%7D%7D&ad_extra&teen_protector_vote_aweme_count=0&last_teen_protector_vote_aweme_interval=0&sp=1691&is_order_flow=0&user_avatar_shrink=96_96&screen_type=1&pitaya_type=0&location_permission=false&font_category=2&feed_recommend_req_index=2&audio_value=0&launch_times=113&recent_gids_first_time=1788278419&recent_gids=7680028291068381019%2C7669624726914584420%2C7674595466042866859%2C7666518837839297444%2C7674964954886512467&recent_items=%5B%5D&play_style=0&filter_live_cell=false&addiction_info&client_extra&from_push=0&show_unread_entrance=0&show_jump_tab_list&danmaku_switch_status=0&elder_mode=0&need_hotlist_card=false&mock_info&life_card_accept=1023&life_card_unexposed_cards&nearby_extra_data=%7B%22nearby_tab_name%22%3A%22%E5%90%8C%E5%9F%8E%22%2C%22groupon_tab_name%22%3A%22%E5%9B%A2%E8%B4%AD%22%2C%22has_groupon_tab%22%3Atrue%2C%22groupon_tab_index%22%3A5%7D&tab_guide&klink_egdi=AAL6F2JRRmTyRcmhfWO8fpeIax20xWdbnFyoOkbHLTA1hgY6i5yr6vS9&iid=3313280560987770&device_id=4087336283154583&ac=wifi&channel=vivo_1128_64&aid=1128&app_name=aweme&version_code=350100&version_name=35.1.0&device_platform=android&os=android&ssmix=a&device_type=Pixel+6&device_brand=google&language=zh&os_api=35&os_version=15&manifest_version_code=350101&resolution=1080*2209&dpi=420&update_version_code=35109900&_rticket=1788278476057&package=com.ss.android.ugc.aweme&mcc_mnc=46000&first_launch_timestamp=1788265682&last_deeplink_update_version_code=0&cpu_support64=true&host_abi=arm64-v8a&is_guest_mode=0&app_type=normal&minor_status=0&appTheme=light&is_preinstall=0&need_personal_recommend=1&is_android_pad=0&is_android_fold=0&ts=1788278475&cdid=3c8e225d-27e2-4294-8873-9009960e7908&client_status=%7B%22powerMode%22%3A%220%22%2C%22thermalStatus%22%3A%220%22%7D&error_monitor_info=%5B%7B%22createTime%22%3A1788278421234%2C%22errorCodeList%22%3A%5B1%5D%2C%22imprId%22%3A%2220260902000019B381AEEE1287C2688A02%22%2C%22provider%22%3A%22sati%22%7D%5D
40	200	headers=11	body=40	url=https://aweme.snssdk.com/api/ad/v1/splash/stock/?_unused=0&carrier=CMCC&mcc_mnc=46000&sdk_version=3013190&ad_area=1080x2081&display_density=1080x2337&dpi=420&bh=426&display_dpi=420&density=2.625&user_id=0&user_period=0&refresh_num=1&reason=0&launch_mode=UNKNOWN&is_cold_start=1&show_limit=0&klink_egdi=AAL6F2JRRmTyRcmhfWO8fpeIax20xWdbnFyoOkbHLTA1hgY6i5yr6vS9&iid=3313280560987770&device_id=4087336283154583&ac=wifi&channel=vivo_1128_64&aid=1128&app_name=aweme&version_code=350100&version_name=35.1.0&device_platform=android&os=android&ssmix=a&device_type=Pixel+6&device_brand=google&language=zh&os_api=35&os_version=15&manifest_version_code=350101&resolution=1080*2209&update_version_code=35109900&_rticket=1788278479768&package=com.ss.android.ugc.aweme&first_launch_timestamp=1788265682&last_deeplink_update_version_code=0&cpu_support64=true&host_abi=arm64-v8a&is_guest_mode=0&app_type=normal&minor_status=0&appTheme=light&is_preinstall=0&need_personal_recommend=1&is_android_pad=0&is_android_fold=0&ts=1788278478&cdid=3c8e225d-27e2-4294-8873-9009960e7908
41	200	headers=11	body=182	url=https://ib.snssdk.com/promotion/app/lt/v3/?alliance_sdk_version_code=30915&country=CN&push_sdk_version=30915&body_version=v1&support_widget_flipper_depths=false&usb_charging=0&iid=3313280560987770&channel=vivo_1128_64&is_foreground=1&has_sim_card=1&device_type=Pixel+6&language=zh&os_detail_type=android&device_manufacturer=Google&platform=phone&update_version_code=35109900&rom=13003188&alliance_sdk_update_version_code=391300000&proxy_network=0&os_api=35&tz_name=Asia%2FShanghai&push_sdk_version_name=3.9.15-rc.0&tz_offset=28800&alliance_sdk_version_name=3.9.15-rc.0&dpi=420&push_device_id=9ef28bf85093b31974844d7d61475f21ae88753e51557ea53aeb1e4c14125f38&ac=wifi&package=com.ss.android.ugc.aweme&device_id=4087336283154583&os=android&client_time=1788278480053&os_version=15&version_code=350100&scene_id=1&first_install_timestamp=1788216167954&session_id=uuid%3Ae9fba785-821d-41c9-86d5-cc2a8b5e5592%2Caid%3A1128%2Cdevice_id%3A4087336283154583%2Ctimestamp%3A1788278480062&debuggable_os=0&proxy_support_type=3&app_name=aweme&version_name=35.1.0&device_brand=google&self_partner_name=aweme&adb_connected=1&region=cn&aid=1128&rom_version=35&klink_egdi=AAL6F2JRRmTyRcmhfWO8fpeIax20xWdbnFyoOkbHLTA1hgY6i5yr6vS9&device_platform=android&ssmix=a&manifest_version_code=350101&resolution=1080*2209&_rticket=1788278481361&mcc_mnc=46000&first_launch_timestamp=1788265682&last_deeplink_update_version_code=0&cpu_support64=true&host_abi=arm64-v8a&is_guest_mode=0&app_type=normal&minor_status=0&appTheme=light&is_preinstall=0&need_personal_recommend=1&is_android_pad=0&is_android_fold=0&ts=1788278480&cdid=3c8e225d-27e2-4294-8873-9009960e7908
42	200	headers=11	body=20310	url=https://aweme.snssdk.com/service/2/app_log/?version_code=350100&device_platform=android&device_id=4087336283154583&aid=1128&iid=3313280560987770&tt_data=a
43	200	headers=4	body=0	url=https://p9-sign.huoshanimg.com/tos-cn-v-2774c002/okiCsWQvMgsicBIrjr3BAA7zAayEAyFsEY4n2~tplv-dy-resize-walign-adapt-aq:720:q75.heic?biz_tag=aweme_music&lk3s=08d74b56&s=PackSourceEnum_SEARCH&sc=cover&x-expires=1788299990&x-signature=Fwf5W9lDPbPfayXhs5LVkXCnFzg%3D
44	200	headers=12	body=517	url=https://aweme.snssdk.com/aweme/v1/aweme/stats/?klink_egdi=AAL6F2JRRmTyRcmhfWO8fpeIax20xWdbnFyoOkbHLTA1hgY6i5yr6vS9&iid=3313280560987770&device_id=4087336283154583&ac=wifi&channel=vivo_1128_64&aid=1128&app_name=aweme&version_code=350100&version_name=35.1.0&device_platform=android&os=android&ssmix=a&device_type=Pixel+6&device_brand=google&language=zh&os_api=35&os_version=15&manifest_version_code=350101&resolution=1080*2209&dpi=420&update_version_code=35109900&_rticket=1788278485036&package=com.ss.android.ugc.aweme&mcc_mnc=46000&first_launch_timestamp=1788265682&last_deeplink_update_version_code=0&cpu_support64=true&host_abi=arm64-v8a&is_guest_mode=0&app_type=normal&minor_status=0&appTheme=light&is_preinstall=0&need_personal_recommend=1&is_android_pad=0&is_android_fold=0&ts=1788278484&cdid=3c8e225d-27e2-4294-8873-9009960e7908
45	200	headers=9	body=10354	url=https://mssdk.bytedance.com/ri/report?lc_id=1588093228&platform=android&device_platform=android&sdk_ver=v04.09.05-ml-android&sdk_ver_code=67699968&app_ver=35.1.0&version_code=350101&aid=1128&sdkid&subaid&iid=3313280560987770&did=4087336283154583&bd_did&client_type=inhouse&region_type=ml&mode=3&full_update_version_code=35109900
46	200	headers=11	body=51709	url=https://gecko.zijieapi.com/gkx/api/resource/v7/coldstart?klink_egdi=AAL6F2JRRmTyRcmhfWO8fpeIax20xWdbnFyoOkbHLTA1hgY6i5yr6vS9&iid=3313280560987770&device_id=4087336283154583&ac=wifi&channel=vivo_1128_64&aid=1128&app_name=aweme&version_code=350100&version_name=35.1.0&device_platform=android&os=android&ssmix=a&device_type=Pixel+6&device_brand=google&language=zh&os_api=35&os_version=15&manifest_version_code=350101&resolution=1080*2209&dpi=420&update_version_code=35109900&_rticket=1788278487133&package=com.ss.android.ugc.aweme&mcc_mnc=46000&first_launch_timestamp=1788265682&last_deeplink_update_version_code=0&cpu_support64=true&host_abi=arm64-v8a&is_guest_mode=0&app_type=normal&minor_status=0&appTheme=light&is_preinstall=0&need_personal_recommend=1&is_android_pad=0&is_android_fold=0&ts=1788278486&cdid=3c8e225d-27e2-4294-8873-9009960e7908
47	200	headers=3	body=0	url=https://lf-webcast-gr-sourcecdn.bytegecko.com/obj/byte-gurd-source-gr/webcast/cdn/api/scheme_config/api.roma.config.json?sdkVersion=1&klink_egdi=AAL6F2JRRmTyRcmhfWO8fpeIax20xWdbnFyoOkbHLTA1hgY6i5yr6vS9&iid=3313280560987770&device_id=4087336283154583&ac=wifi&channel=vivo_1128_64&aid=1128&app_name=aweme&version_code=350100&version_name=35.1.0&device_platform=android&os=android&ssmix=a&device_type=Pixel+6&device_brand=google&language=zh&os_api=35&os_version=15&manifest_version_code=350101&resolution=1080*2209&dpi=420&update_version_code=35109900&_rticket=1788278487387&package=com.ss.android.ugc.aweme&mcc_mnc=46000&first_launch_timestamp=1788265682&last_deeplink_update_version_code=0&cpu_support64=true&host_abi=arm64-v8a&is_guest_mode=0&app_type=normal&minor_status=0&appTheme=light&is_preinstall=0&need_personal_recommend=1&is_android_pad=0&is_android_fold=0&ts=1788278486&cdid=3c8e225d-27e2-4294-8873-9009960e7908
48	200	headers=8	body=0	url=https://webcast.amemv.com/webcast/v2/tab/?gamecp_sdk_version=3920&webcast_sdk_version=3920&webcast_language=zh&webcast_locale=zh_CN_%23Hans&webcast_gps_access=2&device_score=8.4364&address_book_access=2&is_pad=false&is_android_pad=0&is_landscape=false&carrier_region=CN&iid=3313280560987770&device_id=4087336283154583&ac=wifi&channel=vivo_1128_64&aid=1128&app_name=aweme&version_code=350100&version_name=35.1.0&device_platform=android&os=android&device_type=Pixel+6&device_brand=google&language=zh&os_version=15&manifest_version_code=350101&resolution=1080*2209&dpi=420&update_version_code=35109900&package=com.ss.android.ugc.aweme&mcc_mnc=46000&is_guest_mode=0&app_type=normal&minor_status=0&appTheme=light&is_preinstall=0&need_personal_recommend=1&is_android_fold=0&ts=1788278487&cdid=3c8e225d-27e2-4294-8873-9009960e7908
49	200	headers=8	body=0	url=https://aweme.snssdk.com/aweme/v1/danmaku/activity/get/?klink_egdi=AAL6F2JRRmTyRcmhfWO8fpeIax20xWdbnFyoOkbHLTA1hgY6i5yr6vS9&iid=3313280560987770&device_id=4087336283154583&ac=wifi&channel=vivo_1128_64&aid=1128&app_name=aweme&version_code=350100&version_name=35.1.0&device_platform=android&os=android&ssmix=a&device_type=Pixel+6&device_brand=google&language=zh&os_api=35&os_version=15&manifest_version_code=350101&resolution=1080*2209&dpi=420&update_version_code=35109900&_rticket=1788278489126&package=com.ss.android.ugc.aweme&mcc_mnc=46000&first_launch_timestamp=1788265682&last_deeplink_update_version_code=0&cpu_support64=true&host_abi=arm64-v8a&is_guest_mode=0&app_type=normal&minor_status=0&appTheme=light&is_preinstall=0&need_personal_recommend=1&is_android_pad=0&is_android_fold=0&ts=1788278488&cdid=3c8e225d-27e2-4294-8873-9009960e7908
50	200	headers=12	body=157	url=https://i.snssdk.com/api/neptune/v3/sdk/PackLiveSDK?gamecp_sdk_version=3920&webcast_sdk_version=3920&webcast_language=zh&webcast_locale=zh_CN_%23Hans&webcast_gps_access=2&current_network_quality_info=%7B%22http_rtt%22%3A26%2C%22tcp_rtt%22%3A26%2C%22quic_rtt%22%3A26%2C%22downstream_throughput_kbps%22%3A1600%2C%22net_effective_connection_type%22%3A7%2C%22video_download_speed%22%3A1184%2C%22quic_receive_loss_rate%22%3A-1%2C%22quic_send_loss_rate%22%3A-1%7D&device_score=8.4364&address_book_access=2&user_id=0&is_pad=false&is_android_pad=0&is_landscape=false&carrier_region=CN&klink_egdi=AAL6F2JRRmTyRcmhfWO8fpeIax20xWdbnFyoOkbHLTA1hgY6i5yr6vS9&iid=3313280560987770&device_id=4087336283154583&ac=wifi&channel=vivo_1128_64&aid=1128&app_name=aweme&version_code=350100&version_name=35.1.0&device_platform=android&os=android&ssmix=a&device_type=Pixel+6&device_brand=google&language=zh&os_api=35&os_version=15&manifest_version_code=350101&resolution=1080*2209&dpi=420&update_version_code=35109900&_rticket=1788278488212&package=com.ss.android.ugc.aweme&mcc_mnc=46000&first_launch_timestamp=1788265682&last_deeplink_update_version_code=0&cpu_support64=true&host_abi=arm64-v8a&is_guest_mode=0&app_type=normal&minor_status=0&appTheme=light&is_preinstall=0&need_personal_recommend=1&is_android_fold=0&ts=1788278487&cdid=3c8e225d-27e2-4294-8873-9009960e7908
51	200	headers=11	body=14422	url=https://aweme.snssdk.com/service/2/app_log/?version_code=350100&device_platform=android&device_id=4087336283154583&aid=1128&iid=3313280560987770&tt_data=a
52	200	headers=8	body=0	url=https://i.snssdk.com/api/ad/v1/scheme/query/?retry_type=no_retry&klink_egdi=AAL6F2JRRmTyRcmhfWO8fpeIax20xWdbnFyoOkbHLTA1hgY6i5yr6vS9&iid=3313280560987770&device_id=4087336283154583&ac=wifi&channel=vivo_1128_64&aid=1128&app_name=aweme&version_code=350100&version_name=35.1.0&device_platform=android&os=android&ssmix=a&device_type=Pixel+6&device_brand=google&language=zh&os_api=35&os_version=15&manifest_version_code=350101&resolution=1080*2209&dpi=420&update_version_code=35109900&_rticket=1788278492105&package=com.ss.android.ugc.aweme&mcc_mnc=46000&first_launch_timestamp=1788265682&last_deeplink_update_version_code=0&cpu_support64=true&host_abi=arm64-v8a&is_guest_mode=0&app_type=normal&minor_status=0&appTheme=light&is_preinstall=0&need_personal_recommend=1&is_android_pad=0&is_android_fold=0&ts=1788278489&cdid=3c8e225d-27e2-4294-8873-9009960e7908
53	200	headers=9	body=10386	url=https://mssdk.bytedance.com/ri/report?lc_id=1588093228&platform=android&device_platform=android&sdk_ver=v04.09.05-ml-android&sdk_ver_code=67699968&app_ver=35.1.0&version_code=350101&aid=1128&sdkid&subaid&iid=3313280560987770&did=4087336283154583&bd_did&client_type=inhouse&region_type=ml&mode=3&full_update_version_code=35109900
54	200	headers=8	body=0	url=https://effect.snssdk.com/model/api/arithmetics?app_language=zh-Hans&model_mapping=1&device_id=4087336283154583&app_version=35.1.0&channel=vivo_1128_64&device_type=Pixel+6&platform_ab_params=0&platform_sdk_version=0.0.10.9&access_key=142710f02c3a11e8b42429f14557854a&sdk_version=19.4.0&device_platform=android&region=CN&aid=1128&status=1&game_version=1.0&klink_egdi=AAL6F2JRRmTyRcmhfWO8fpeIax20xWdbnFyoOkbHLTA1hgY6i5yr6vS9&iid=3313280560987770&ac=wifi&app_name=aweme&version_code=350100&version_name=35.1.0&os=android&ssmix=a&device_brand=google&language=zh&os_api=35&os_version=15&manifest_version_code=350101&resolution=1080*2209&dpi=420&update_version_code=35109900&_rticket=1788278489946&package=com.ss.android.ugc.aweme&mcc_mnc=46000&first_launch_timestamp=1788265682&last_deeplink_update_version_code=0&cpu_support64=true&host_abi=arm64-v8a&is_guest_mode=0&app_type=normal&minor_status=0&appTheme=light&is_preinstall=0&need_personal_recommend=1&is_android_pad=0&is_android_fold=0&ts=1788278489&cdid=3c8e225d-27e2-4294-8873-9009960e7908
55	200	headers=4	body=0	url=https://p9-sign.huoshanimg.com/tos-cn-v-2774c002/oA1Y1EArvATAQ56MAa6AmWqUjANPiiArEdB50~tplv-dy-resize-walign-adapt-aq:720:q75.heic?biz_tag=aweme_music&lk3s=08d74b56&s=PackSourceEnum_FRIEND_RECOMMEND_CARD&sc=cover&x-expires=1788300000&x-signature=AF7kbe0FAT%2BKsrn25ffh7M7lDEs%3D
56	200	headers=8	body=0	url=https://ichannel.snssdk.com/service/2/app_alert_check/?device_id=4087336283154583&aid=1128&tt_info=dGMFEAAAREEDM1vDy3m4GiRmNgrnpzGIfC5SMjAT68sroA5OGlL-IMVQYw-MUmq-_GYdQnls4Zlt%0Aew77aaOKa84TogPD39Oto2akFy7GIm6EInsDZrni_rgwdQd3PCXOxrFUwW-9djrJL0181XVrp8bQ%0AUs6Tfh8tpbX6kXdrRdBiOMsMqkVhrpfJ9Jhr2Jad8zaJ7ZX5g0VXcJXCgUXQw07fAFZZaUuvyhOw%0A3MqK9LK38N6D6YhRnwyyqezAsRAc7GS3t2OmfOMWE2iT8k_uoCW6Mqr1AmIfJVcN59FqqKSNiY4g%0AR9Fkto_Uh1fC0nAywNiW0eag9VnySBfTiAtIA8D4t9_o9uqzwt7HbSMsoiuTVFlpHTzO9hLdFSwS%0AGTT-hCp3ID8oxqGtnH9KH1wOScAqpjv4TTzFjfYsjZkyHQYMF6YAdmvj0-dJl4hC9uGVnetZG2bP%0Aa6i4s07U-ET2CNTa4LIgVxLQFh6JILC9ujYX_KiNP41w48jJUEtMqR544Boi2gTuSfkSbtKMm6Ga%0A53nYoKqd7KxVEtYK98zDAwEWiLLRW5cxkSUQN-MlnTM3awFbJ6nFrlWY6SPeMaqw_TZm4IqjjaeI%0AjCmjJ4ABFIG3wU4lypyZ_n-fKxGyUWxjFpgEKriUYN8zG1K1N8TmtOg-r370XugsE0WmL9rTEmpQ%0A0zte28jK6KYbUMtTB0oXS7iBW8RF1ixNY1jP8DzdiQR5glti1a3SO7a9ilF5br9rwP6bTwpOsKn3%0AdqiqjX8ohoMD9PCI3c5fbPngM_OR_BQtpvESpyr625vx0f7E7_5G0jgjGC3nBWpwRKN5xzmv85Vg%0A0VqIfgX82rgh3wuJ_DedptjyGgoHwo5zwpLiozJ23oqtwWOqK2nekUMd6HNP3-_DnqTQkoY5cQxc%0AunVF5zc3t73yWQs3KxCJWlQqPTxNOXIJwZQ%3D%0A&klink_egdi=AAL6F2JRRmTyRcmhfWO8fpeIax20xWdbnFyoOkbHLTA1hgY6i5yr6vS9&iid=3313280560987770&ac=wifi&channel=vivo_1128_64&app_name=aweme&version_code=350100&version_name=35.1.0&device_platform=android&os=android&ssmix=a&device_type=Pixel+6&device_brand=google&language=zh&os_api=35&os_version=15&manifest_version_code=350101&resolution=1080*2209&dpi=420&update_version_code=35109900&_rticket=1788278493920&package=com.ss.android.ugc.aweme&mcc_mnc=46000&first_launch_timestamp=1788265682&last_deeplink_update_version_code=0&cpu_support64=true&host_abi=arm64-v8a&is_guest_mode=0&app_type=normal&minor_status=0&appTheme=light&is_preinstall=0&need_personal_recommend=1&is_android_pad=0&is_android_fold=0&ts=1788278491&cdid=3c8e225d-27e2-4294-8873-9009960e7908
57	200	headers=8	body=0	url=https://webcast.amemv.com/webcast/strategy/feature/?request_scene=1&verification_key=1788276033&feature_keys&raw_data=false&gamecp_sdk_version=3920&webcast_sdk_version=3920&webcast_language=zh&webcast_locale=zh_CN_%23Hans&webcast_gps_access=2&current_network_quality_info=%7B%22http_rtt%22%3A26%2C%22tcp_rtt%22%3A26%2C%22quic_rtt%22%3A26%2C%22downstream_throughput_kbps%22%3A1600%2C%22net_effective_connection_type%22%3A7%2C%22video_download_speed%22%3A1184%2C%22quic_receive_loss_rate%22%3A-1%2C%22quic_send_loss_rate%22%3A-1%7D&device_score=8.4364&address_book_access=2&user_id=0&is_pad=false&is_android_pad=0&is_landscape=false&carrier_region=CN&klink_egdi=AAL6F2JRRmTyRcmhfWO8fpeIax20xWdbnFyoOkbHLTA1hgY6i5yr6vS9&iid=3313280560987770&device_id=4087336283154583&ac=wifi&channel=vivo_1128_64&aid=1128&app_name=aweme&version_code=350100&version_name=35.1.0&device_platform=android&os=android&ssmix=a&device_type=Pixel+6&device_brand=google&language=zh&os_api=35&os_version=15&manifest_version_code=350101&resolution=1080*2209&dpi=420&update_version_code=35109900&_rticket=1788278492904&package=com.ss.android.ugc.aweme&mcc_mnc=46000&first_launch_timestamp=1788265682&last_deeplink_update_version_code=0&cpu_support64=true&host_abi=arm64-v8a&is_guest_mode=0&app_type=normal&minor_status=0&appTheme=light&is_preinstall=0&need_personal_recommend=1&is_android_fold=0&ts=1788278490&cdid=3c8e225d-27e2-4294-8873-9009960e7908
58	200	headers=12	body=515	url=https://aweme.snssdk.com/aweme/v1/aweme/stats/?klink_egdi=AAL6F2JRRmTyRcmhfWO8fpeIax20xWdbnFyoOkbHLTA1hgY6i5yr6vS9&iid=3313280560987770&device_id=4087336283154583&ac=wifi&channel=vivo_1128_64&aid=1128&app_name=aweme&version_code=350100&version_name=35.1.0&device_platform=android&os=android&ssmix=a&device_type=Pixel+6&device_brand=google&language=zh&os_api=35&os_version=15&manifest_version_code=350101&resolution=1080*2209&dpi=420&update_version_code=35109900&_rticket=1788278496087&package=com.ss.android.ugc.aweme&mcc_mnc=46000&first_launch_timestamp=1788265682&last_deeplink_update_version_code=0&cpu_support64=true&host_abi=arm64-v8a&is_guest_mode=0&app_type=normal&minor_status=0&appTheme=light&is_preinstall=0&need_personal_recommend=1&is_android_pad=0&is_android_fold=0&ts=1788278493&cdid=3c8e225d-27e2-4294-8873-9009960e7908
59	200	headers=11	body=51	url=https://aweme.snssdk.com/aweme/v2/video/safety/check/?klink_egdi=AAL6F2JRRmTyRcmhfWO8fpeIax20xWdbnFyoOkbHLTA1hgY6i5yr6vS9&iid=3313280560987770&device_id=4087336283154583&ac=wifi&channel=vivo_1128_64&aid=1128&app_name=aweme&version_code=350100&version_name=35.1.0&device_platform=android&os=android&ssmix=a&device_type=Pixel+6&device_brand=google&language=zh&os_api=35&os_version=15&manifest_version_code=350101&resolution=1080*2209&dpi=420&update_version_code=35109900&_rticket=1788278497568&package=com.ss.android.ugc.aweme&mcc_mnc=46000&first_launch_timestamp=1788265682&last_deeplink_update_version_code=0&cpu_support64=true&host_abi=arm64-v8a&is_guest_mode=0&app_type=normal&minor_status=0&appTheme=light&is_preinstall=0&need_personal_recommend=1&is_android_pad=0&is_android_fold=0&ts=1788278496&cdid=3c8e225d-27e2-4294-8873-9009960e7908
60	200	headers=8	body=0	url=https://webcast.amemv.com/webcast/strategy/rule/?request_scene=1&verification_key=%7B%22strategy_version%22%3A1786332280%2C%22public_params_encoded%22%3A%22%7B%5C%22app_id%5C%22%3A1128%2C%5C%22build_number%5C%22%3A%5C%22%5C%22%2C%5C%22channel%5C%22%3A%5C%22vivo_1128_64%5C%22%2C%5C%22city%5C%22%3A%5C%22%E5%B9%BF%E5%B7%9E%5C%22%2C%5C%22client_version_full%5C%22%3A350100%2C%5C%22device_brand%5C%22%3A%5C%22google%5C%22%2C%5C%22device_id%5C%22%3A4087336283154583%2C%5C%22device_platform%5C%22%3A%5C%22android%5C%22%2C%5C%22device_type%5C%22%3A%5C%22Pixel+6%5C%22%2C%5C%22is_oversea%5C%22%3Afalse%2C%5C%22os_version%5C%22%3A%5C%2215%5C%22%2C%5C%22region%5C%22%3A%5C%22CN%5C%22%2C%5C%22update_version_code%5C%22%3A35109900%2C%5C%22user_id%5C%22%3A0%2C%5C%22version_code%5C%22%3A350100%2C%5C%22webcast_sdk_version%5C%22%3A3920%2C%5C%22webcast_version_code%5C%22%3A350100%7D%22%7D&gamecp_sdk_version=3920&webcast_sdk_version=3920&webcast_language=zh&webcast_locale=zh_CN_%23Hans&webcast_gps_access=2&current_network_quality_info=%7B%22http_rtt%22%3A26%2C%22tcp_rtt%22%3A26%2C%22quic_rtt%22%3A26%2C%22downstream_throughput_kbps%22%3A1600%2C%22net_effective_connection_type%22%3A7%2C%22video_download_speed%22%3A1184%2C%22quic_receive_loss_rate%22%3A-1%2C%22quic_send_loss_rate%22%3A-1%7D&device_score=8.4364&address_book_access=2&user_id=0&is_pad=false&is_android_pad=0&is_landscape=false&carrier_region=CN&klink_egdi=AAL6F2JRRmTyRcmhfWO8fpeIax20xWdbnFyoOkbHLTA1hgY6i5yr6vS9&iid=3313280560987770&device_id=4087336283154583&ac=wifi&channel=vivo_1128_64&aid=1128&app_name=aweme&version_code=350100&version_name=35.1.0&device_platform=android&os=android&ssmix=a&device_type=Pixel+6&device_brand=google&language=zh&os_api=35&os_version=15&manifest_version_code=350101&resolution=1080*2209&dpi=420&update_version_code=35109900&_rticket=1788278494060&package=com.ss.android.ugc.aweme&mcc_mnc=46000&first_launch_timestamp=1788265682&last_deeplink_update_version_code=0&cpu_support64=true&host_abi=arm64-v8a&is_guest_mode=0&app_type=normal&minor_status=0&appTheme=light&is_preinstall=0&need_personal_recommend=1&is_android_fold=0&ts=1788278491&cdid=3c8e225d-27e2-4294-8873-9009960e7908
61	200	headers=3	body=0	url=https://lf-webcast-gr-sourcecdn.bytegecko.com/obj/byte-gurd-source-gr/webcast/cdn/api/scheme_config/api.roma.config.json?sdkVersion=1&klink_egdi=AAL6F2JRRmTyRcmhfWO8fpeIax20xWdbnFyoOkbHLTA1hgY6i5yr6vS9&iid=3313280560987770&device_id=4087336283154583&ac=wifi&channel=vivo_1128_64&aid=1128&app_name=aweme&version_code=350100&version_name=35.1.0&device_platform=android&os=android&ssmix=a&device_type=Pixel+6&device_brand=google&language=zh&os_api=35&os_version=15&manifest_version_code=350101&resolution=1080*2209&dpi=420&update_version_code=35109900&_rticket=1788278500444&package=com.ss.android.ugc.aweme&mcc_mnc=46000&first_launch_timestamp=1788265682&last_deeplink_update_version_code=0&cpu_support64=true&host_abi=arm64-v8a&is_guest_mode=0&app_type=normal&minor_status=0&appTheme=light&is_preinstall=0&need_personal_recommend=1&is_android_pad=0&is_android_fold=0&ts=1788278499&cdid=3c8e225d-27e2-4294-8873-9009960e7908
62	200	headers=11	body=16358	url=https://aweme.snssdk.com/service/2/app_log/?version_code=350100&device_platform=android&device_id=4087336283154583&aid=1128&iid=3313280560987770&tt_data=a
63	200	headers=8	body=0	url=https://abtest-ch.snssdk.com/common?cj_pay_sdk_version=7.6.9&ecomterm_sdk_version=39200&klink_egdi=AAL6F2JRRmTyRcmhfWO8fpeIax20xWdbnFyoOkbHLTA1hgY6i5yr6vS9&iid=3313280560987770&device_id=4087336283154583&ac=wifi&channel=vivo_1128_64&aid=1128&app_name=aweme&version_code=350100&version_name=35.1.0&device_platform=android&os=android&ssmix=a&device_type=Pixel+6&device_brand=google&language=zh&os_api=35&os_version=15&manifest_version_code=350101&resolution=1080*2209&dpi=420&update_version_code=35109900&_rticket=1788278504700&package=com.ss.android.ugc.aweme&mcc_mnc=46000&first_launch_timestamp=1788265682&last_deeplink_update_version_code=0&cpu_support64=true&host_abi=arm64-v8a&is_guest_mode=0&app_type=normal&minor_status=0&appTheme=light&is_preinstall=0&need_personal_recommend=1&is_android_pad=0&is_android_fold=0&ts=1788278503&cdid=3c8e225d-27e2-4294-8873-9009960e7908
64	200	headers=12	body=517	url=https://aweme.snssdk.com/aweme/v1/aweme/stats/?klink_egdi=AAL6F2JRRmTyRcmhfWO8fpeIax20xWdbnFyoOkbHLTA1hgY6i5yr6vS9&iid=3313280560987770&device_id=4087336283154583&ac=wifi&channel=vivo_1128_64&aid=1128&app_name=aweme&version_code=350100&version_name=35.1.0&device_platform=android&os=android&ssmix=a&device_type=Pixel+6&device_brand=google&language=zh&os_api=35&os_version=15&manifest_version_code=350101&resolution=1080*2209&dpi=420&update_version_code=35109900&_rticket=1788278506913&package=com.ss.android.ugc.aweme&mcc_mnc=46000&first_launch_timestamp=1788265682&last_deeplink_update_version_code=0&cpu_support64=true&host_abi=arm64-v8a&is_guest_mode=0&app_type=normal&minor_status=0&appTheme=light&is_preinstall=0&need_personal_recommend=1&is_android_pad=0&is_android_fold=0&ts=1788278505&cdid=3c8e225d-27e2-4294-8873-9009960e7908
65	200	headers=12	body=21413	url=https://i.snssdk.com/api/ad/v1/scheme/report/?klink_egdi=AAL6F2JRRmTyRcmhfWO8fpeIax20xWdbnFyoOkbHLTA1hgY6i5yr6vS9&iid=3313280560987770&device_id=4087336283154583&ac=wifi&channel=vivo_1128_64&aid=1128&app_name=aweme&version_code=350100&version_name=35.1.0&device_platform=android&os=android&ssmix=a&device_type=Pixel+6&device_brand=google&language=zh&os_api=35&os_version=15&manifest_version_code=350101&resolution=1080*2209&dpi=420&update_version_code=35109900&_rticket=1788278507529&package=com.ss.android.ugc.aweme&mcc_mnc=46000&first_launch_timestamp=1788265682&last_deeplink_update_version_code=0&cpu_support64=true&host_abi=arm64-v8a&is_guest_mode=0&app_type=normal&minor_status=0&appTheme=light&is_preinstall=0&need_personal_recommend=1&is_android_pad=0&is_android_fold=0&ts=1788278506&cdid=3c8e225d-27e2-4294-8873-9009960e7908
66	200	headers=11	body=16838	url=https://aweme.snssdk.com/service/2/app_log/?version_code=350100&device_platform=android&device_id=4087336283154583&aid=1128&iid=3313280560987770&tt_data=a
67	200	headers=12	body=519	url=https://aweme.snssdk.com/aweme/v1/aweme/stats/?klink_egdi=AAL6F2JRRmTyRcmhfWO8fpeIax20xWdbnFyoOkbHLTA1hgY6i5yr6vS9&iid=3313280560987770&device_id=4087336283154583&ac=wifi&channel=vivo_1128_64&aid=1128&app_name=aweme&version_code=350100&version_name=35.1.0&device_platform=android&os=android&ssmix=a&device_type=Pixel+6&device_brand=google&language=zh&os_api=35&os_version=15&manifest_version_code=350101&resolution=1080*2209&dpi=420&update_version_code=35109900&_rticket=1788278517520&package=com.ss.android.ugc.aweme&mcc_mnc=46000&first_launch_timestamp=1788265682&last_deeplink_update_version_code=0&cpu_support64=true&host_abi=arm64-v8a&is_guest_mode=0&app_type=normal&minor_status=0&appTheme=light&is_preinstall=0&need_personal_recommend=1&is_android_pad=0&is_android_fold=0&ts=1788278516&cdid=3c8e225d-27e2-4294-8873-9009960e7908
68	200	headers=9	body=10434	url=https://mssdk.bytedance.com/ri/report?lc_id=1588093228&platform=android&device_platform=android&sdk_ver=v04.09.05-ml-android&sdk_ver_code=67699968&app_ver=35.1.0&version_code=350101&aid=1128&sdkid&subaid&iid=3313280560987770&did=4087336283154583&bd_did&client_type=inhouse&region_type=ml&mode=3&full_update_version_code=35109900
69	200	headers=11	body=32134	url=https://aweme.snssdk.com/service/2/app_log/?version_code=350100&device_platform=android&device_id=4087336283154583&aid=1128&iid=3313280560987770&tt_data=a
70	200	headers=4	body=0	url=https://p26-sign.huoshanimg.com/tos-cn-v-2774c002/o4eoIGFUAzgl7vxzDADFIfc8zEUAjCBaA4ExfY~tplv-dy-resize-walign-adapt-aq:720:q75.heic?biz_tag=aweme_music&lk3s=08d74b56&s=PackSourceEnum_PUBLISH&sc=cover&x-expires=1788299485&x-signature=I60iJxdUfF6eXtEVwc8HbtReQ9s%3D
71	200	headers=12	body=590	url=https://aweme.snssdk.com/aweme/v1/aweme/stats/?klink_egdi=AAL6F2JRRmTyRcmhfWO8fpeIax20xWdbnFyoOkbHLTA1hgY6i5yr6vS9&iid=3313280560987770&device_id=4087336283154583&ac=wifi&channel=vivo_1128_64&aid=1128&app_name=aweme&version_code=350100&version_name=35.1.0&device_platform=android&os=android&ssmix=a&device_type=Pixel+6&device_brand=google&language=zh&os_api=35&os_version=15&manifest_version_code=350101&resolution=1080*2209&dpi=420&update_version_code=35109900&_rticket=1788278527776&package=com.ss.android.ugc.aweme&mcc_mnc=46000&first_launch_timestamp=1788265682&last_deeplink_update_version_code=0&cpu_support64=true&host_abi=arm64-v8a&is_guest_mode=0&app_type=normal&minor_status=0&appTheme=light&is_preinstall=0&need_personal_recommend=1&is_android_pad=0&is_android_fold=0&ts=1788278526&cdid=3c8e225d-27e2-4294-8873-9009960e7908
72	200	headers=11	body=10841	url=https://aweme.snssdk.com/aweme/v2/feed/?type=0&max_cursor=0&min_cursor=-1&count=6&volume=0.0&pull_type=2&need_relieve_aweme=0&filter_warn=0&req_from&is_cold_start=0&address_book_access=2&gps_access=2&splash_cid&splash_type=-1&cached_item_num=1&last_ad_show_interval=-1&download_sdk_info=%7B%22su%22%3A99800%2C%22su_pct%22%3A0.8839681133746679%2C%22pure_mode_enable%22%3A4%2C%22pure_mode%22%3A4%2C%22pure_enhanced_mode_enable%22%3A4%2C%22pure_enhanced_mode%22%3A4%7D&action_mask=-1&action_mask_detail=%7B%227666518837839297444%22%3A2049%2C%227674964954886512467%22%3A2049%2C%227651164573546850213%22%3A1%2C%227675402052080544114%22%3A2049%2C%227680033370210899318%22%3A2048%2C%227670148970169524709%22%3A2049%7D&action_mask_info=%7B%227674964954886512467%22%3A%7B%22s_ts%22%3A1788278469013%2C%22p_t%22%3A452%7D%2C%227651164573546850213%22%3A%7B%22s_ts%22%3A1788278479816%2C%22p_t%22%3A512%7D%2C%227675402052080544114%22%3A%7B%22s_ts%22%3A1788278490787%2C%22p_t%22%3A727%7D%2C%227680033370210899318%22%3A%7B%22s_ts%22%3A1788278501676%2C%22p_t%22%3A556%7D%2C%227670148970169524709%22%3A%7B%22s_ts%22%3A1788278512396%2C%22p_t%22%3A292%7D%2C%227677931007018138752%22%3A%7B%22s_ts%22%3A1788278522376%2C%22p_t%22%3A1395%7D%7D&ad_extra&teen_protector_vote_aweme_count=0&last_teen_protector_vote_aweme_interval=0&sp=1172&is_order_flow=0&user_avatar_shrink=96_96&screen_type=1&pitaya_type=0&location_permission=false&enable_url_compress=1&recent_gids=7680028291068381019%2C7669624726914584420%2C7674595466042866859%2C7666518837839297444%2C7674964954886512467%2C7651164573546850213%2C7675402052080544114%2C7680033370210899318%2C7670148970169524709%2C7677931007018138752&recent_gids_first_time=1788278419&launch_times=113&feed_recommend_req_index=3&audio_value=0&font_category=2&recent_items=%5B%5D&play_style=0&filter_live_cell=false&addiction_info=%7B%0A%22previous_display_aweme%22%3A+%22%22%2C%0A%22previous_display_time%22%3A+0%2C%0A%22previous_display_passback%22%3A+%22%22%2C%0A%22today_usage%22%3A+1672%2C%0A%22today_fatigue%22%3A+0.5900000035762787%2C%0A%22current_session_usage%22%3A+72%2C%0A%22current_session_start_time%22%3A+1788278419%2C%0A%22is_avoid%22%3A+1%0A%7D&client_extra&from_push=0&show_unread_entrance=0&show_jump_tab_list&danmaku_switch_status=0&elder_mode=0&need_hotlist_card=false&mock_info&life_card_accept=1023&life_card_unexposed_cards&nearby_extra_data=%7B%22nearby_tab_name%22%3A%22%E5%90%8C%E5%9F%8E%22%2C%22groupon_tab_name%22%3A%22%E5%9B%A2%E8%B4%AD%22%2C%22has_groupon_tab%22%3Atrue%2C%22groupon_tab_index%22%3A5%7D&tab_guide&klink_egdi=AAL6F2JRRmTyRcmhfWO8fpeIax20xWdbnFyoOkbHLTA1hgY6i5yr6vS9&iid=3313280560987770&device_id=4087336283154583&ac=wifi&channel=vivo_1128_64&aid=1128&app_name=aweme&version_code=350100&version_name=35.1.0&device_platform=android&os=android&ssmix=a&device_type=Pixel+6&device_brand=google&language=zh&os_api=35&os_version=15&manifest_version_code=350101&resolution=1080*2209&dpi=420&update_version_code=35109900&_rticket=1788278527480&package=com.ss.android.ugc.aweme&mcc_mnc=46000&first_launch_timestamp=1788265682&last_deeplink_update_version_code=0&cpu_support64=true&host_abi=arm64-v8a&is_guest_mode=0&app_type=normal&minor_status=0&appTheme=light&is_preinstall=0&need_personal_recommend=1&is_android_pad=0&is_android_fold=0&ts=1788278526&cdid=3c8e225d-27e2-4294-8873-9009960e7908&client_status=%7B%22powerMode%22%3A%220%22%2C%22thermalStatus%22%3A%220%22%7D&error_monitor_info=%5B%7B%22createTime%22%3A1788278421234%2C%22errorCodeList%22%3A%5B1%5D%2C%22imprId%22%3A%2220260902000019B381AEEE1287C2688A02%22%2C%22provider%22%3A%22sati%22%7D%5D&ug_ab_params=%7B%7D&ug_custom_key=%7B%22widget_install_status%22%3A%220%22%7D
73	200	headers=5	body=17057	url=https://pitaya.bytedance.com/api/v4/pitaya/distribute?aid=1128&device_id=4087336283154583
74	200	headers=11	body=17974	url=https://aweme.snssdk.com/service/2/app_log/?version_code=350100&device_platform=android&device_id=4087336283154583&aid=1128&iid=3313280560987770&tt_data=a
75	200	headers=2	body=0	url=https://dig.bdurl.net/q?host=240e09350a042d000000000000010059.qrstuvwxyzab.com&source=vod&aid=1128
76	200	headers=2	body=0	url=https://dig.bdurl.net/q?host=v5-ex-music.douyinstatic.com&source=vod&aid=1128
77	200	headers=2	body=0	url=https://dig.bdurl.net/q?host=v9-music-ncdn.douyinstatic.com&source=vod&aid=1128
78	200	headers=11	body=25174	url=https://aweme.snssdk.com/service/2/app_log/?version_code=350100&device_platform=android&device_id=4087336283154583&aid=1128&iid=3313280560987770&tt_data=a
79	200	headers=8	body=956	url=https://api.amemv.com/bytebench/api/sdk/device/score?access_key=253cbc0v52933bd400qzbwg0irxc025e2fb&aid=1128&app_name=aweme&app_version=35.1.0&device_id=4087336283154583&device_platform=android&device_type=Pixel+6&net_status=unknown&sdk_version=2.0.10-1&status=0&update_version_code=35109900&user_id=0
80	200	headers=5	body=0	url=https://api.amemv.com/bytebench/api/task/group?update_version_code=35109900&net_status=wifi&app_name=aweme&app_version=35.1.0&device_id=4087336283154583&user_id=0&sdk_version=2.0.10-1&device_platform=android&device_type=Pixel+6&aid=1128&status=0
81	200	headers=8	body=956	url=https://api.amemv.com/bytebench/api/sdk/device/strategy/meta?access_key=253cbc0v52933bd400qzbwg0irxc025e2fb&aid=1128&app_name=aweme&app_version=35.1.0&device_id=4087336283154583&device_platform=android&device_type=Pixel+6&net_status=unknown&sdk_version=2.0.10-1&status=0&update_version_code=35109900&user_id=0
82	200	headers=8	body=1635	url=https://api.amemv.com/bytebench/api/sdk/device/strategy/batch/v2?access_key=253cbc0v52933bd400qzbwg0irxc025e2fb&aid=1128&app_name=aweme&app_version=35.1.0&device_id=4087336283154583&device_platform=android&device_type=Pixel+6&net_status=unknown&offset=0&sdk_version=2.0.10-1&status=0&update_version_code=35109900&user_id=0
83	200	headers=2	body=0	url=https://lf6-effectcdn-tos.byteeffecttos.com/obj/ies.fe.effect/73a925431aac3cf511e0fb73158c9be8.mp4
84	200	headers=2	body=0	url=https://lf6-effectcdn-tos.byteeffecttos.com/obj/ies.fe.effect/691a8b4301c04ed231ec1c39a522f76c.png
