1	200	headers=0	body=0	url=https://aweme.snssdk.com/hwm/v1/wm_img?klink_egdi=AAL6F2JRRmTyRcmhfWO8fpeIax20xWdbnFyoOkbHLTA1hgY6i5yr6vS9&iid=3313280560987770&device_id=4087336283154583&ac=wifi&channel=vivo_1128_64&aid=1128&app_name=aweme&version_code=350100&version_name=35.1.0&device_platform=android&os=android&ssmix=a&device_type=Pixel+6&device_brand=google&language=zh&os_api=35&os_version=15&manifest_version_code=350101&resolution=1080*2209&dpi=420&update_version_code=35109900&_rticket=1788276733899&package=com.ss.android.ugc.aweme&mcc_mnc=46000&first_launch_timestamp=1788265682&last_deeplink_update_version_code=0&cpu_support64=true&host_abi=arm64-v8a&is_guest_mode=0&app_type=normal&minor_status=0&appTheme=light&is_preinstall=0&need_personal_recommend=1&is_android_pad=0&is_android_fold=0&ts=1788276733&cdid=3c8e225d-27e2-4294-8873-9009960e7908
2	200	headers=0	body=0	url=https://lf6-font-sign.bytehwm.com/eesecsvc/v5p/1.2/1/ab34fef4da9d414c85da2e5aeafeb8c8.png?algorithm=v5p&app_id=333&tenant_id&version=1.2&x-expires=1788844898&x-signature=76SOqSTdF6AwWZadwXqT2%2B2nJso%3D
3	200	headers=11	body=145	url=https://webcast.amemv.com/webcast/distribution/check_user_live_status/?iid=3313280560987770&device_id=4087336283154583&ac=wifi&channel=vivo_1128_64&aid=1128&app_name=aweme&version_code=350100&version_name=35.1.0&device_platform=android&os=android&device_type=Pixel+6&device_brand=google&language=zh&os_version=15&manifest_version_code=350101&resolution=1080*2209&dpi=420&update_version_code=35109900&package=com.ss.android.ugc.aweme&mcc_mnc=46000&is_guest_mode=0&app_type=normal&minor_status=0&appTheme=light&is_preinstall=0&need_personal_recommend=1&is_android_pad=0&is_android_fold=0&ts=1788276734&cdid=3c8e225d-27e2-4294-8873-9009960e7908
4	200	headers=0	body=0	url=https://aweme.snssdk.com/service/settings/v3/?klink_egdi=AAL6F2JRRmTyRcmhfWO8fpeIax20xWdbnFyoOkbHLTA1hgY6i5yr6vS9&iid=3313280560987770&device_id=4087336283154583&ac=wifi&channel=vivo_1128_64&aid=1128&app_name=aweme&version_code=350100&version_name=35.1.0&device_platform=android&os=android&ssmix=a&device_type=Pixel+6&device_brand=google&language=zh&os_api=35&os_version=15&manifest_version_code=350101&resolution=1080*2209&dpi=420&update_version_code=35109900&_rticket=1788276734664&package=com.ss.android.ugc.aweme&mcc_mnc=46000&first_launch_timestamp=1788265682&last_deeplink_update_version_code=0&cpu_support64=true&host_abi=arm64-v8a&is_guest_mode=0&app_type=normal&minor_status=0&appTheme=light&is_preinstall=0&need_personal_recommend=1&is_android_pad=0&is_android_fold=0&ts=1788276734&cdid=3c8e225d-27e2-4294-8873-9009960e7908&caller_name=bytedance_ad_sdk&settings_time=1788275962
5	200	headers=4	body=8208	url=https://aweme.snssdk.com/aweme/v2/feed/?type=0&max_cursor=0&min_cursor=0&count=6&volume=0.0&pull_type=0&need_relieve_aweme=0&filter_warn=0&req_from=enter_auto&is_cold_start=1&address_book_access=2&gps_access=2&cached_item_num=0&last_ad_show_interval=-1&preload_aweme_ids&action_mask=-1&action_mask_detail=%7B%7D&action_mask_info=%7B%7D&ad_extra&teen_protector_vote_aweme_count=0&last_teen_protector_vote_aweme_interval=0&sp=-1&is_order_flow=0&user_avatar_shrink=96_96&screen_type=1&pitaya_type=0&location_permission=false&font_category=2&feed_recommend_req_index=1&audio_value=0&launch_times=104&recent_gids_first_time=null&recent_gids&recent_items&play_style=0&filter_live_cell=false&addiction_info&client_extra&from_push=0&show_unread_entrance=0&show_jump_tab_list&danmaku_switch_status=0&elder_mode=0&need_hotlist_card=false&mock_info&life_card_accept=0&life_card_unexposed_cards&nearby_extra_data=%7B%22nearby_tab_name%22%3A%22%E5%90%8C%E5%9F%8E%22%2C%22groupon_tab_name%22%3A%22%E5%9B%A2%E8%B4%AD%22%2C%22has_groupon_tab%22%3Atrue%2C%22groupon_tab_index%22%3A5%7D&tab_guide&klink_egdi=AAL6F2JRRmTyRcmhfWO8fpeIax20xWdbnFyoOkbHLTA1hgY6i5yr6vS9&iid=3313280560987770&device_id=4087336283154583&ac=wifi&channel=vivo_1128_64&aid=1128&app_name=aweme&version_code=350100&version_name=35.1.0&device_platform=android&os=android&ssmix=a&device_type=Pixel+6&device_brand=google&language=zh&os_api=35&os_version=15&manifest_version_code=350101&resolution=1080*2209&dpi=420&update_version_code=35109900&_rticket=1788276733924&package=com.ss.android.ugc.aweme&mcc_mnc=46000&first_launch_timestamp=1788265682&last_deeplink_update_version_code=0&cpu_support64=true&host_abi=arm64-v8a&is_guest_mode=0&app_type=normal&minor_status=0&appTheme=light&is_preinstall=0&need_personal_recommend=1&is_android_pad=0&is_android_fold=0&ts=1788276733&cdid=3c8e225d-27e2-4294-8873-9009960e7908&error_monitor_info=%5B%5D&splash_cid=-3&splash_type=-1&local_cache=7678299605758662330&download_sdk_info=%7B%7D&ug_ab_params=%7B%7D&ug_custom_key=%7B%22widget_install_status%22%3A%220%22%7D
6	200	headers=2	body=0	url=https://dig.bdurl.net/q?host=v9-music.douyinstatic.com&source=vod&aid=1128
7	200	headers=2	body=0	url=https://dig.bdurl.net/q?host=240e09350a042d000000000000010055.qrstuvwxyzab.com&source=vod&aid=1128
8	200	headers=0	body=1228	url=https://security.snssdk.com/api/plugin/config/v2/?soc_platform=oriole&klink_egdi=AAL6F2JRRmTyRcmhfWO8fpeIax20xWdbnFyoOkbHLTA1hgY6i5yr6vS9&iid=3313280560987770&device_id=4087336283154583&ac=wifi&channel=vivo_1128_64&aid=1128&app_name=aweme&version_code=350100&version_name=35.1.0&device_platform=android&os=android&ssmix=a&device_type=Pixel+6&device_brand=google&language=zh&os_api=35&os_version=15&manifest_version_code=350101&resolution=1080*2209&dpi=420&update_version_code=35109900&_rticket=1788276737023&package=com.ss.android.ugc.aweme&mcc_mnc=46000&first_launch_timestamp=1788265682&last_deeplink_update_version_code=0&cpu_support64=true&host_abi=arm64-v8a&is_guest_mode=0&app_type=normal&minor_status=0&appTheme=light&is_preinstall=0&need_personal_recommend=1&is_android_pad=0&is_android_fold=0&ts=1788276736&cdid=3c8e225d-27e2-4294-8873-9009960e7908
9	200	headers=0	body=0	url=https://ma.zijieapi.com/api/apps/xconfig_meta?tma_version_code=15090101&tma_xconfig_version=12502&mg_list&mp_list&klink_egdi=AAL6F2JRRmTyRcmhfWO8fpeIax20xWdbnFyoOkbHLTA1hgY6i5yr6vS9&iid=3313280560987770&device_id=4087336283154583&ac=wifi&channel=vivo_1128_64&aid=1128&app_name=aweme&version_code=350100&version_name=35.1.0&device_platform=android&os=android&ssmix=a&device_type=Pixel+6&device_brand=google&language=zh&os_api=35&os_version=15&manifest_version_code=350101&resolution=1080*2209&dpi=420&update_version_code=35109900&_rticket=1788276737038&package=com.ss.android.ugc.aweme&mcc_mnc=46000&first_launch_timestamp=1788265682&last_deeplink_update_version_code=0&cpu_support64=true&host_abi=arm64-v8a&is_guest_mode=0&app_type=normal&minor_status=0&appTheme=light&is_preinstall=0&need_personal_recommend=1&is_android_pad=0&is_android_fold=0&ts=1788276736&cdid=3c8e225d-27e2-4294-8873-9009960e7908
10	200	headers=0	body=0	url=https://aweme.snssdk.com/service/settings/v3/?plugin_version=35109020&device_id=4087336283154583&tma_full_version=15.9.1.1&os_version=15&version_code=350100&channel=vivo_1128_64&device_type=Pixel+6&call_name=iron_man&ctx_infos=eyJlIjoiT1R0RHFmNlZ0T2thTWhqSTNReXBLZz09IiwidiI6OTA3NDc4Nn0%3D&update_version_code=35109900&app_name=aweme&caller_name=iron_man&version_name=35.1.0&os_api=35&settings_time=1788275964&device_brand=google&bdp_version_code=15090101&tma_version=15.9.1&device_platform=android&app_id=1128&klink_egdi=AAL6F2JRRmTyRcmhfWO8fpeIax20xWdbnFyoOkbHLTA1hgY6i5yr6vS9&iid=3313280560987770&ac=wifi&aid=1128&os=android&ssmix=a&language=zh&manifest_version_code=350101&resolution=1080*2209&dpi=420&_rticket=1788276737037&package=com.ss.android.ugc.aweme&mcc_mnc=46000&first_launch_timestamp=1788265682&last_deeplink_update_version_code=0&cpu_support64=true&host_abi=arm64-v8a&is_guest_mode=0&app_type=normal&minor_status=0&appTheme=light&is_preinstall=0&need_personal_recommend=1&is_android_pad=0&is_android_fold=0&ts=1788276736&cdid=3c8e225d-27e2-4294-8873-9009960e7908
11	200	headers=12	body=555	url=https://aweme.snssdk.com/location/info/?sdk_version=2.17.6-rc.45&klink_egdi=AAL6F2JRRmTyRcmhfWO8fpeIax20xWdbnFyoOkbHLTA1hgY6i5yr6vS9&iid=3313280560987770&device_id=4087336283154583&ac=wifi&channel=vivo_1128_64&aid=1128&app_name=aweme&version_code=350100&version_name=35.1.0&device_platform=android&os=android&ssmix=a&device_type=Pixel+6&device_brand=google&language=zh&os_api=35&os_version=15&manifest_version_code=350101&resolution=1080*2209&dpi=420&update_version_code=35109900&_rticket=1788276737166&package=com.ss.android.ugc.aweme&mcc_mnc=46000&first_launch_timestamp=1788265682&last_deeplink_update_version_code=0&cpu_support64=true&host_abi=arm64-v8a&is_guest_mode=0&app_type=normal&minor_status=0&appTheme=light&is_preinstall=0&need_personal_recommend=1&is_android_pad=0&is_android_fold=0&ts=1788276736&cdid=3c8e225d-27e2-4294-8873-9009960e7908
12	200	headers=13	body=1147	url=https://aweme.snssdk.com/tfe/api/request_combine/v1/?klink_egdi=AAL6F2JRRmTyRcmhfWO8fpeIax20xWdbnFyoOkbHLTA1hgY6i5yr6vS9&iid=3313280560987770&device_id=4087336283154583&ac=wifi&channel=vivo_1128_64&aid=1128&app_name=aweme&version_code=350100&version_name=35.1.0&device_platform=android&os=android&ssmix=a&device_type=Pixel+6&device_brand=google&language=zh&os_api=35&os_version=15&manifest_version_code=350101&resolution=1080*2209&dpi=420&update_version_code=35109900&_rticket=1788276736809&package=com.ss.android.ugc.aweme&mcc_mnc=46000&first_launch_timestamp=1788265682&last_deeplink_update_version_code=0&cpu_support64=true&host_abi=arm64-v8a&is_guest_mode=0&app_type=normal&minor_status=0&appTheme=light&is_preinstall=0&need_personal_recommend=1&is_android_pad=0&is_android_fold=0&ts=1788276736&cdid=3c8e225d-27e2-4294-8873-9009960e7908&ug_ab_params=%7B%7D&ug_custom_key=%7B%22widget_install_status%22%3A%220%22%7D
13	200	headers=4	body=0	url=https://api.amemv.com/service/settings/v2/?app=1&caller_name=tt_webview&sdk_version_code=0621140020&sdk_upto_so_versioncode=0620010001&sdk_load_so_versioncode=0620010001&os_type=android&os_api=35&target_api=34&host_abi=64&settings_time=1788275966&device_platform=Pixel+6&device_manufacturer=Google&os_version=15&package_name=com.ss.android.ugc.aweme&deviceid=4087336283154583&device_id=4087336283154583&channel=vivo_1128_64&aid=1128&app_version_code=35109900&update_version_code=35109900&sdk_scc_version=24&kernel_scc_version=-2&request_time=1788276738745
14	200	headers=12	body=587	url=https://aweme.snssdk.com/aweme/v1/aweme/stats/?klink_egdi=AAL6F2JRRmTyRcmhfWO8fpeIax20xWdbnFyoOkbHLTA1hgY6i5yr6vS9&iid=3313280560987770&device_id=4087336283154583&ac=wifi&channel=vivo_1128_64&aid=1128&app_name=aweme&version_code=350100&version_name=35.1.0&device_platform=android&os=android&ssmix=a&device_type=Pixel+6&device_brand=google&language=zh&os_api=35&os_version=15&manifest_version_code=350101&resolution=1080*2209&dpi=420&update_version_code=35109900&_rticket=1788276739813&package=com.ss.android.ugc.aweme&mcc_mnc=46000&first_launch_timestamp=1788265682&last_deeplink_update_version_code=0&cpu_support64=true&host_abi=arm64-v8a&is_guest_mode=0&app_type=normal&minor_status=0&appTheme=light&is_preinstall=0&need_personal_recommend=1&is_android_pad=0&is_android_fold=0&ts=1788276739&cdid=3c8e225d-27e2-4294-8873-9009960e7908
15	200	headers=12	body=972	url=https://aweme.snssdk.com/aweme/inner_reach/data?klink_egdi=AAL6F2JRRmTyRcmhfWO8fpeIax20xWdbnFyoOkbHLTA1hgY6i5yr6vS9&iid=3313280560987770&device_id=4087336283154583&ac=wifi&channel=vivo_1128_64&aid=1128&app_name=aweme&version_code=350100&version_name=35.1.0&device_platform=android&os=android&ssmix=a&device_type=Pixel+6&device_brand=google&language=zh&os_api=35&os_version=15&manifest_version_code=350101&resolution=1080*2209&dpi=420&update_version_code=35109900&_rticket=1788276741862&package=com.ss.android.ugc.aweme&mcc_mnc=46000&first_launch_timestamp=1788265682&last_deeplink_update_version_code=0&cpu_support64=true&host_abi=arm64-v8a&is_guest_mode=0&app_type=normal&minor_status=0&appTheme=light&is_preinstall=0&need_personal_recommend=1&is_android_pad=0&is_android_fold=0&ts=1788276741&cdid=3c8e225d-27e2-4294-8873-9009960e7908
16	200	headers=8	body=0	url=https://abtest-ch.snssdk.com/common?aid=1128&device_id=4087336283154583&klink_egdi=AAL6F2JRRmTyRcmhfWO8fpeIax20xWdbnFyoOkbHLTA1hgY6i5yr6vS9&iid=3313280560987770&ac=wifi&channel=vivo_1128_64&app_name=aweme&version_code=350100&version_name=35.1.0&device_platform=android&os=android&ssmix=a&device_type=Pixel+6&device_brand=google&language=zh&os_api=35&os_version=15&manifest_version_code=350101&resolution=1080*2209&dpi=420&update_version_code=35109900&_rticket=1788276743236&package=com.ss.android.ugc.aweme&mcc_mnc=46000&first_launch_timestamp=1788265682&last_deeplink_update_version_code=0&cpu_support64=true&host_abi=arm64-v8a&is_guest_mode=0&app_type=normal&minor_status=0&appTheme=light&is_preinstall=0&need_personal_recommend=1&is_android_pad=0&is_android_fold=0&ts=1788276742&cdid=3c8e225d-27e2-4294-8873-9009960e7908
17	200	headers=11	body=486	url=https://gecko.zijieapi.com/gkx/api/settings/v3?klink_egdi=AAL6F2JRRmTyRcmhfWO8fpeIax20xWdbnFyoOkbHLTA1hgY6i5yr6vS9&iid=3313280560987770&device_id=4087336283154583&ac=wifi&channel=vivo_1128_64&aid=1128&app_name=aweme&version_code=350100&version_name=35.1.0&device_platform=android&os=android&ssmix=a&device_type=Pixel+6&device_brand=google&language=zh&os_api=35&os_version=15&manifest_version_code=350101&resolution=1080*2209&dpi=420&update_version_code=35109900&_rticket=1788276743459&package=com.ss.android.ugc.aweme&mcc_mnc=46000&first_launch_timestamp=1788265682&last_deeplink_update_version_code=0&cpu_support64=true&host_abi=arm64-v8a&is_guest_mode=0&app_type=normal&minor_status=0&appTheme=light&is_preinstall=0&need_personal_recommend=1&is_android_pad=0&is_android_fold=0&ts=1788276743&cdid=3c8e225d-27e2-4294-8873-9009960e7908
18	200	headers=2	body=0	url=https://dig.bdurl.net/q?host=yslrf1v6dcdn.qnqcdn.net&source=vod&aid=1128
19	200	headers=11	body=2023	url=https://gecko.zijieapi.com/gkx/api/resource/v7/coldstart?klink_egdi=AAL6F2JRRmTyRcmhfWO8fpeIax20xWdbnFyoOkbHLTA1hgY6i5yr6vS9&iid=3313280560987770&device_id=4087336283154583&ac=wifi&channel=vivo_1128_64&aid=1128&app_name=aweme&version_code=350100&version_name=35.1.0&device_platform=android&os=android&ssmix=a&device_type=Pixel+6&device_brand=google&language=zh&os_api=35&os_version=15&manifest_version_code=350101&resolution=1080*2209&dpi=420&update_version_code=35109900&_rticket=1788276743582&package=com.ss.android.ugc.aweme&mcc_mnc=46000&first_launch_timestamp=1788265682&last_deeplink_update_version_code=0&cpu_support64=true&host_abi=arm64-v8a&is_guest_mode=0&app_type=normal&minor_status=0&appTheme=light&is_preinstall=0&need_personal_recommend=1&is_android_pad=0&is_android_fold=0&ts=1788276743&cdid=3c8e225d-27e2-4294-8873-9009960e7908
20	200	headers=8	body=0	url=https://abtest-ch.snssdk.com/common?ecomterm_sdk_version=39200&klink_egdi=AAL6F2JRRmTyRcmhfWO8fpeIax20xWdbnFyoOkbHLTA1hgY6i5yr6vS9&iid=3313280560987770&device_id=4087336283154583&ac=wifi&channel=vivo_1128_64&aid=1128&app_name=aweme&version_code=350100&version_name=35.1.0&device_platform=android&os=android&ssmix=a&device_type=Pixel+6&device_brand=google&language=zh&os_api=35&os_version=15&manifest_version_code=350101&resolution=1080*2209&dpi=420&update_version_code=35109900&_rticket=1788276743901&package=com.ss.android.ugc.aweme&mcc_mnc=46000&first_launch_timestamp=1788265682&last_deeplink_update_version_code=0&cpu_support64=true&host_abi=arm64-v8a&is_guest_mode=0&app_type=normal&minor_status=0&appTheme=light&is_preinstall=0&need_personal_recommend=1&is_android_pad=0&is_android_fold=0&ts=1788276743&cdid=3c8e225d-27e2-4294-8873-9009960e7908
21	200	headers=9	body=115	url=https://mssdk.bytedance.com/pilvinen/v1/sseelfk/haku?lc_id=1588093228&aid=1128&app_id=1128&sdk_id&sub_aid&sdk_version=v04.09.05-ml-android&sdk_ver_code=67699968&app_version=35.1.0&os_platform=android&cpu_width=64&iid=3313280560987770&did=4087336283154583&bd_did&secdid&log_id=66800&version=1&sdk_type=2&client_type=inhouse&region_type=ml&mode=2&deploy_ids&pid=26073&full_update_version_code=35109900
22	200	headers=1	body=2	url=https://mon.zijieapi.com/monitor/collect/c/cloudcontrol/get?sdk_version=400&is_guest_mode=0&manifest_version_code=350101&_rticket=1788276734598&app_type=normal&is_preinstall=0&iid=3313280560987770&channel=vivo_1128_64&is_android_pad=0&device_type=Pixel+6&language=zh&cpu_support64=true&host_abi=arm64-v8a&resolution=1080*2209&update_version_code=35109900&cdid=3c8e225d-27e2-4294-8873-9009960e7908&minor_status=0&appTheme=light&os_api=35&klink_egdi=AAL6F2JRRmTyRcmhfWO8fpeIax20xWdbnFyoOkbHLTA1hgY6i5yr6vS9&is_android_fold=0&dpi=420&app_id=1128&ac=wifi&package=com.ss.android.ugc.aweme&device_id=4087336283154583&os=Android&mcc_mnc=46000&os_version=15&version_code=350100&last_deeplink_update_version_code=0&overall_score=8.4364&app_name=aweme&version_name=35.1.0&device_brand=google&need_personal_recommend=1&ssmix=a&device_platform=android&first_launch_timestamp=1788265682&aid=1128&ts=1788276734
23	200	headers=11	body=53	url=https://aweme.snssdk.com/aweme/v2/startup/popups/?diversion_channel&diversion_user_type&luckydog_cross_token&luckydog_task_type&gd_label&diversion_channel_type&klink_egdi=AAL6F2JRRmTyRcmhfWO8fpeIax20xWdbnFyoOkbHLTA1hgY6i5yr6vS9&iid=3313280560987770&device_id=4087336283154583&ac=wifi&channel=vivo_1128_64&aid=1128&app_name=aweme&version_code=350100&version_name=35.1.0&device_platform=android&os=android&ssmix=a&device_type=Pixel+6&device_brand=google&language=zh&os_api=35&os_version=15&manifest_version_code=350101&resolution=1080*2209&dpi=420&update_version_code=35109900&_rticket=1788276745042&package=com.ss.android.ugc.aweme&mcc_mnc=46000&first_launch_timestamp=1788265682&last_deeplink_update_version_code=0&cpu_support64=true&host_abi=arm64-v8a&is_guest_mode=0&app_type=normal&minor_status=0&appTheme=light&is_preinstall=0&need_personal_recommend=1&is_android_pad=0&is_android_fold=0&ts=1788276744&cdid=3c8e225d-27e2-4294-8873-9009960e7908
24	200	headers=10	body=165	url=https://jsb.snssdk.com/src/server/v2/package
25	200	headers=10	body=165	url=https://jsb.snssdk.com/src/server/v2/package
26	200	headers=12	body=512	url=https://aweme.snssdk.com/aweme/v1/aweme/stats/?klink_egdi=AAL6F2JRRmTyRcmhfWO8fpeIax20xWdbnFyoOkbHLTA1hgY6i5yr6vS9&iid=3313280560987770&device_id=4087336283154583&ac=wifi&channel=vivo_1128_64&aid=1128&app_name=aweme&version_code=350100&version_name=35.1.0&device_platform=android&os=android&ssmix=a&device_type=Pixel+6&device_brand=google&language=zh&os_api=35&os_version=15&manifest_version_code=350101&resolution=1080*2209&dpi=420&update_version_code=35109900&_rticket=1788276750597&package=com.ss.android.ugc.aweme&mcc_mnc=46000&first_launch_timestamp=1788265682&last_deeplink_update_version_code=0&cpu_support64=true&host_abi=arm64-v8a&is_guest_mode=0&app_type=normal&minor_status=0&appTheme=light&is_preinstall=0&need_personal_recommend=1&is_android_pad=0&is_android_fold=0&ts=1788276749&cdid=3c8e225d-27e2-4294-8873-9009960e7908
27	200	headers=10	body=76	url=https://ecom.snssdk.com/aweme/v2/commerce/bff/cold_start?fe_version=20042&klink_egdi=AAL6F2JRRmTyRcmhfWO8fpeIax20xWdbnFyoOkbHLTA1hgY6i5yr6vS9&iid=3313280560987770&device_id=4087336283154583&ac=wifi&channel=vivo_1128_64&aid=1128&app_name=aweme&version_code=350100&version_name=35.1.0&device_platform=android&os=android&ssmix=a&device_type=Pixel+6&device_brand=google&language=zh&os_api=35&os_version=15&manifest_version_code=350101&resolution=1080*2209&dpi=420&update_version_code=35109900&_rticket=1788276750762&package=com.ss.android.ugc.aweme&mcc_mnc=46000&first_launch_timestamp=1788265682&last_deeplink_update_version_code=0&cpu_support64=true&host_abi=arm64-v8a&is_guest_mode=0&app_type=normal&minor_status=0&appTheme=light&is_preinstall=0&need_personal_recommend=1&is_android_pad=0&is_android_fold=0&ts=1788276749&cdid=3c8e225d-27e2-4294-8873-9009960e7908
28	200	headers=8	body=0	url=https://aweme.snssdk.com/service/settings/v2/?has_local_cache=true&app=1&default=1&settings_time=1788275977&klink_egdi=AAL6F2JRRmTyRcmhfWO8fpeIax20xWdbnFyoOkbHLTA1hgY6i5yr6vS9&iid=3313280560987770&device_id=4087336283154583&ac=wifi&channel=vivo_1128_64&aid=1128&app_name=aweme&version_code=350100&version_name=35.1.0&device_platform=android&os=android&ssmix=a&device_type=Pixel+6&device_brand=google&language=zh&os_api=35&os_version=15&manifest_version_code=350101&resolution=1080*2209&dpi=420&update_version_code=35109900&_rticket=1788276751845&package=com.ss.android.ugc.aweme&mcc_mnc=46000&first_launch_timestamp=1788265682&last_deeplink_update_version_code=0&cpu_support64=true&host_abi=arm64-v8a&is_guest_mode=0&app_type=normal&minor_status=0&appTheme=light&is_preinstall=0&need_personal_recommend=1&is_android_pad=0&is_android_fold=0&ts=1788276751&cdid=3c8e225d-27e2-4294-8873-9009960e7908
29	200	headers=11	body=449	url=https://polaris.zijieapi.com/luckycat/activity/refresh_act_id/?need_token_params=1&klink_egdi=AAL6F2JRRmTyRcmhfWO8fpeIax20xWdbnFyoOkbHLTA1hgY6i5yr6vS9&iid=3313280560987770&device_id=4087336283154583&ac=wifi&channel=vivo_1128_64&aid=1128&app_name=aweme&version_code=350100&version_name=35.1.0&device_platform=android&os=android&ssmix=a&device_type=Pixel+6&device_brand=google&language=zh&os_api=35&os_version=15&manifest_version_code=350101&resolution=1080*2209&dpi=420&update_version_code=35109900&_rticket=1788276752583&package=com.ss.android.ugc.aweme&mcc_mnc=46000&first_launch_timestamp=1788265682&last_deeplink_update_version_code=0&cpu_support64=true&host_abi=arm64-v8a&is_guest_mode=0&app_type=normal&minor_status=0&appTheme=light&is_preinstall=0&need_personal_recommend=1&is_android_pad=0&is_android_fold=0&ts=1788276751&cdid=3c8e225d-27e2-4294-8873-9009960e7908&rom=GOOGLE&has_alipay=0&p_switch=1&rom_version=unknown&luckydog_api_verison=8.87.0-rc.1&luckydog_sdk_verison&luckydog_sdk_verison&is_teen_mode=0&status_bar_height=48&lucky_is_32=0&lucky_device_score=8.4364&lucky_device_type=Pixel+6&luckydog_base=ZWkSTskzn9-4_3mhabJfkkR2YvxwBoxiW_rj9VMoqp8uV8Dnf0f6dK7FSZbP_-AydNGWOQD7rvaKeoOAQiH0yX53LPEKSCcT3H7wiR2TaYCUAPcqpsE2JkDGG0-C8LiLPOPbVM3RPQF8jswe2cacoMSNQRsHNuuAWp1VRGjbkUg&luckydog_token=wXnov5t9s9cQ0rPwC9vlX1fC8noemPhjug21LcHCB9_Rp1n5ZVN1FhQwoc1xkfRx&luckydog_data=vMVxwNDHRsvj9mg9HHkvrA
30	200	headers=11	body=489	url=https://polaris.zijieapi.com/luckycat/activity/settings/get_dynamic_settings/?luckydog_base=ZWkSTskzn9-4_3mhabJfkkR2YvxwBoxiW_rj9VMoqp8uV8Dnf0f6dK7FSZbP_-AydNGWOQD7rvaKeoOAQiH0yX53LPEKSCcT3H7wiR2TaYCUAPcqpsE2JkDGG0-C8LiLPOPbVM3RPQF8jswe2cacoMSNQRsHNuuAWp1VRGjbkUg&luckydog_token=wXnov5t9s9cQ0rPwC9vlX1fC8noemPhjug21LcHCB9_Rp1n5ZVN1FhQwoc1xkfRx&luckydog_data=vMVxwNDHRsvj9mg9HHkvrA&device_platform=android&klink_egdi=AAL6F2JRRmTyRcmhfWO8fpeIax20xWdbnFyoOkbHLTA1hgY6i5yr6vS9&iid=3313280560987770&device_id=4087336283154583&ac=wifi&channel=vivo_1128_64&aid=1128&app_name=aweme&version_code=350100&version_name=35.1.0&os=android&ssmix=a&device_type=Pixel+6&device_brand=google&language=zh&os_api=35&os_version=15&manifest_version_code=350101&resolution=1080*2209&dpi=420&update_version_code=35109900&_rticket=1788276752787&package=com.ss.android.ugc.aweme&mcc_mnc=46000&first_launch_timestamp=1788265682&last_deeplink_update_version_code=0&cpu_support64=true&host_abi=arm64-v8a&is_guest_mode=0&app_type=normal&minor_status=0&appTheme=light&is_preinstall=0&need_personal_recommend=1&is_android_pad=0&is_android_fold=0&ts=1788276752&cdid=3c8e225d-27e2-4294-8873-9009960e7908&rom=GOOGLE&has_alipay=0&p_switch=1&rom_version=unknown&luckydog_api_verison=8.87.0-rc.1&luckydog_sdk_verison=8.87.0-rc.1&is_teen_mode=0&status_bar_height=48&lucky_is_32=0&lucky_device_score=8.4364&lucky_device_type=Pixel+6
31	200	headers=11	body=48270	url=https://gecko.zijieapi.com/gkx/api/resource/v7/coldstart?klink_egdi=AAL6F2JRRmTyRcmhfWO8fpeIax20xWdbnFyoOkbHLTA1hgY6i5yr6vS9&iid=3313280560987770&device_id=4087336283154583&ac=wifi&channel=vivo_1128_64&aid=1128&app_name=aweme&version_code=350100&version_name=35.1.0&device_platform=android&os=android&ssmix=a&device_type=Pixel+6&device_brand=google&language=zh&os_api=35&os_version=15&manifest_version_code=350101&resolution=1080*2209&dpi=420&update_version_code=35109900&_rticket=1788276752945&package=com.ss.android.ugc.aweme&mcc_mnc=46000&first_launch_timestamp=1788265682&last_deeplink_update_version_code=0&cpu_support64=true&host_abi=arm64-v8a&is_guest_mode=0&app_type=normal&minor_status=0&appTheme=light&is_preinstall=0&need_personal_recommend=1&is_android_pad=0&is_android_fold=0&ts=1788276752&cdid=3c8e225d-27e2-4294-8873-9009960e7908
32	200	headers=11	body=460	url=https://polaris.zijieapi.com/luckycat/crossover/v:version/ack_install/?klink_egdi=AAL6F2JRRmTyRcmhfWO8fpeIax20xWdbnFyoOkbHLTA1hgY6i5yr6vS9&iid=3313280560987770&device_id=4087336283154583&ac=wifi&channel=vivo_1128_64&aid=1128&app_name=aweme&version_code=350100&version_name=35.1.0&device_platform=android&os=android&ssmix=a&device_type=Pixel+6&device_brand=google&language=zh&os_api=35&os_version=15&manifest_version_code=350101&resolution=1080*2209&dpi=420&update_version_code=35109900&_rticket=1788276754144&package=com.ss.android.ugc.aweme&mcc_mnc=46000&first_launch_timestamp=1788265682&last_deeplink_update_version_code=0&cpu_support64=true&host_abi=arm64-v8a&is_guest_mode=0&app_type=normal&minor_status=0&appTheme=light&is_preinstall=0&need_personal_recommend=1&is_android_pad=0&is_android_fold=0&ts=1788276753&cdid=3c8e225d-27e2-4294-8873-9009960e7908&rom=GOOGLE&has_alipay=0&p_switch=1&rom_version=unknown&luckydog_api_verison=8.87.0-rc.1&luckydog_sdk_verison=8.87.0-rc.1&is_teen_mode=0&status_bar_height=48&lucky_is_32=0&lucky_device_score=8.4364&lucky_device_type=Pixel+6&luckydog_base=ZWkSTskzn9-4_3mhabJfkkR2YvxwBoxiW_rj9VMoqp8uV8Dnf0f6dK7FSZbP_-AydNGWOQD7rvaKeoOAQiH0yX53LPEKSCcT3H7wiR2TaYCUAPcqpsE2JkDGG0-C8LiLPOPbVM3RPQF8jswe2cacoMSNQRsHNuuAWp1VRGjbkUg&luckydog_token=wXnov5t9s9cQ0rPwC9vlX1fC8noemPhjug21LcHCB9_Rp1n5ZVN1FhQwoc1xkfRx&luckydog_data=vMVxwNDHRsvj9mg9HHkvrA
33	200	headers=11	body=460	url=https://polaris.zijieapi.com/luckycat/crossover/v:version/general_get_time_token/?klink_egdi=AAL6F2JRRmTyRcmhfWO8fpeIax20xWdbnFyoOkbHLTA1hgY6i5yr6vS9&iid=3313280560987770&device_id=4087336283154583&ac=wifi&channel=vivo_1128_64&aid=1128&app_name=aweme&version_code=350100&version_name=35.1.0&device_platform=android&os=android&ssmix=a&device_type=Pixel+6&device_brand=google&language=zh&os_api=35&os_version=15&manifest_version_code=350101&resolution=1080*2209&dpi=420&update_version_code=35109900&_rticket=1788276754251&package=com.ss.android.ugc.aweme&mcc_mnc=46000&first_launch_timestamp=1788265682&last_deeplink_update_version_code=0&cpu_support64=true&host_abi=arm64-v8a&is_guest_mode=0&app_type=normal&minor_status=0&appTheme=light&is_preinstall=0&need_personal_recommend=1&is_android_pad=0&is_android_fold=0&ts=1788276753&cdid=3c8e225d-27e2-4294-8873-9009960e7908&rom=GOOGLE&has_alipay=0&p_switch=1&rom_version=unknown&luckydog_api_verison=8.87.0-rc.1&luckydog_sdk_verison=8.87.0-rc.1&is_teen_mode=0&status_bar_height=48&lucky_is_32=0&lucky_device_score=8.4364&lucky_device_type=Pixel+6&luckydog_base=ZWkSTskzn9-4_3mhabJfkkR2YvxwBoxiW_rj9VMoqp8uV8Dnf0f6dK7FSZbP_-AydNGWOQD7rvaKeoOAQiH0yX53LPEKSCcT3H7wiR2TaYCUAPcqpsE2JkDGG0-C8LiLPOPbVM3RPQF8jswe2cacoMSNQRsHNuuAWp1VRGjbkUg&luckydog_token=wXnov5t9s9cQ0rPwC9vlX1fC8noemPhjug21LcHCB9_Rp1n5ZVN1FhQwoc1xkfRx&luckydog_data=vMVxwNDHRsvj9mg9HHkvrA
34	200	headers=11	body=18854	url=https://aweme.snssdk.com/service/2/app_log/?version_code=350100&device_platform=android&device_id=4087336283154583&aid=1128&iid=3313280560987770&tt_data=a
35	200	headers=0	body=0	url=https://aweme.snssdk.com/check_version/v7/?cpu_abi=arm64-v8a%2C+armeabi-v7a%2C+armeabi&md5=727ebb107c4cc6a5035869afb3e6fc9b&diff_sdk_version=1&call_type=1&klink_egdi=AAL6F2JRRmTyRcmhfWO8fpeIax20xWdbnFyoOkbHLTA1hgY6i5yr6vS9&iid=3313280560987770&device_id=4087336283154583&ac=wifi&channel=vivo_1128_64&aid=1128&app_name=aweme&version_code=350100&version_name=35.1.0&device_platform=android&os=android&ssmix=a&device_type=Pixel+6&device_brand=google&language=zh&os_api=35&os_version=15&manifest_version_code=350101&resolution=1080*2209&dpi=420&update_version_code=35109900&_rticket=1788276754878&package=com.ss.android.ugc.aweme&mcc_mnc=46000&first_launch_timestamp=1788265682&last_deeplink_update_version_code=0&cpu_support64=true&host_abi=arm64-v8a&is_guest_mode=0&app_type=normal&minor_status=0&appTheme=light&is_preinstall=0&need_personal_recommend=1&is_android_pad=0&is_android_fold=0&ts=1788276754&cdid=3c8e225d-27e2-4294-8873-9009960e7908
36	200	headers=11	body=1590	url=https://aweme.snssdk.com/service/2/app_log/?version_code=350100&device_platform=android&device_id=4087336283154583&aid=1128&iid=3313280560987770&tt_data=a
37	200	headers=11	body=460	url=https://polaris.zijieapi.com/luckycat/crossover/v:version/ack_install/?klink_egdi=AAL6F2JRRmTyRcmhfWO8fpeIax20xWdbnFyoOkbHLTA1hgY6i5yr6vS9&iid=3313280560987770&device_id=4087336283154583&ac=wifi&channel=vivo_1128_64&aid=1128&app_name=aweme&version_code=350100&version_name=35.1.0&device_platform=android&os=android&ssmix=a&device_type=Pixel+6&device_brand=google&language=zh&os_api=35&os_version=15&manifest_version_code=350101&resolution=1080*2209&dpi=420&update_version_code=35109900&_rticket=1788276755253&package=com.ss.android.ugc.aweme&mcc_mnc=46000&first_launch_timestamp=1788265682&last_deeplink_update_version_code=0&cpu_support64=true&host_abi=arm64-v8a&is_guest_mode=0&app_type=normal&minor_status=0&appTheme=light&is_preinstall=0&need_personal_recommend=1&is_android_pad=0&is_android_fold=0&ts=1788276754&cdid=3c8e225d-27e2-4294-8873-9009960e7908&rom=GOOGLE&has_alipay=0&p_switch=1&rom_version=unknown&luckydog_api_verison=8.87.0-rc.1&luckydog_sdk_verison=8.87.0-rc.1&is_teen_mode=0&status_bar_height=48&lucky_is_32=0&lucky_device_score=8.4364&lucky_device_type=Pixel+6&luckydog_base=ZWkSTskzn9-4_3mhabJfkkR2YvxwBoxiW_rj9VMoqp8uV8Dnf0f6dK7FSZbP_-AydNGWOQD7rvaKeoOAQiH0yX53LPEKSCcT3H7wiR2TaYCUAPcqpsE2JkDGG0-C8LiLPOPbVM3RPQF8jswe2cacoMSNQRsHNuuAWp1VRGjbkUg&luckydog_token=wXnov5t9s9cQ0rPwC9vlX1fC8noemPhjug21LcHCB9_Rp1n5ZVN1FhQwoc1xkfRx&luckydog_data=vMVxwNDHRsvj9mg9HHkvrA
38	200	headers=8	body=0	url=https://aweme.snssdk.com/aweme/ug/general/cold_start?klink_egdi=AAL6F2JRRmTyRcmhfWO8fpeIax20xWdbnFyoOkbHLTA1hgY6i5yr6vS9&iid=3313280560987770&device_id=4087336283154583&ac=wifi&channel=vivo_1128_64&aid=1128&app_name=aweme&version_code=350100&version_name=35.1.0&device_platform=android&os=android&ssmix=a&device_type=Pixel+6&device_brand=google&language=zh&os_api=35&os_version=15&manifest_version_code=350101&resolution=1080*2209&dpi=420&update_version_code=35109900&_rticket=1788276756051&package=com.ss.android.ugc.aweme&mcc_mnc=46000&first_launch_timestamp=1788265682&last_deeplink_update_version_code=0&cpu_support64=true&host_abi=arm64-v8a&is_guest_mode=0&app_type=normal&minor_status=0&appTheme=light&is_preinstall=0&need_personal_recommend=1&is_android_pad=0&is_android_fold=0&ts=1788276755&cdid=3c8e225d-27e2-4294-8873-9009960e7908&luckydog_base=ZWkSTskzn9-4_3mhabJfkkR2YvxwBoxiW_rj9VMoqp8uV8Dnf0f6dK7FSZbP_-AydNGWOQD7rvaKeoOAQiH0yX53LPEKSCcT3H7wiR2TaYCUAPcqpsE2JkDGG0-C8LiLPOPbVM3RPQF8jswe2cacoMSNQRsHNuuAWp1VRGjbkUg&luckydog_token=wXnov5t9s9cQ0rPwC9vlX1fC8noemPhjug21LcHCB9_Rp1n5ZVN1FhQwoc1xkfRx&luckydog_data=vMVxwNDHRsvj9mg9HHkvrA
39	200	headers=8	body=127	url=https://aweme.snssdk.com/api/v2/resource/asset-sdk
40	200	headers=0	body=0	url=https://aweme.snssdk.com/aweme/v2/undertaking/settings/?brand_sys_version=0&total_not_incentive_share=0&widget_info=%7B%22follow_small_widget%22%3Afalse%2C%22message_small_widget%22%3Afalse%2C%22friend_message_widget%22%3Afalse%2C%22mall_guide_widget%22%3Afalse%7D&klink_egdi=AAL6F2JRRmTyRcmhfWO8fpeIax20xWdbnFyoOkbHLTA1hgY6i5yr6vS9&iid=3313280560987770&device_id=4087336283154583&ac=wifi&channel=vivo_1128_64&aid=1128&app_name=aweme&version_code=350100&version_name=35.1.0&device_platform=android&os=android&ssmix=a&device_type=Pixel+6&device_brand=google&language=zh&os_api=35&os_version=15&manifest_version_code=350101&resolution=1080*2209&dpi=420&update_version_code=35109900&_rticket=1788276756335&package=com.ss.android.ugc.aweme&mcc_mnc=46000&first_launch_timestamp=1788265682&last_deeplink_update_version_code=0&cpu_support64=true&host_abi=arm64-v8a&is_guest_mode=0&app_type=normal&minor_status=0&appTheme=light&is_preinstall=0&need_personal_recommend=1&is_android_pad=0&is_android_fold=0&ts=1788276755&cdid=3c8e225d-27e2-4294-8873-9009960e7908
41	200	headers=8	body=0	url=https://aweme.snssdk.com/aweme/homepage/component/?interface_version=v2&domain_data_hash=%7B%22homepage%22%3A%225715cdaac14dc017813156e6d4ce5604%22%2C%22feed%22%3A%22dd80676eddbc9994a78cbdd96eacf786%22%2C%22pop_view%22%3A%229631dcbbd6404968da6fd89bd2faed56%22%7D&optimize_link_enable=1&klink_egdi=AAL6F2JRRmTyRcmhfWO8fpeIax20xWdbnFyoOkbHLTA1hgY6i5yr6vS9&iid=3313280560987770&device_id=4087336283154583&ac=wifi&channel=vivo_1128_64&aid=1128&app_name=aweme&version_code=350100&version_name=35.1.0&device_platform=android&os=android&ssmix=a&device_type=Pixel+6&device_brand=google&language=zh&os_api=35&os_version=15&manifest_version_code=350101&resolution=1080*2209&dpi=420&update_version_code=35109900&_rticket=1788276756524&package=com.ss.android.ugc.aweme&mcc_mnc=46000&first_launch_timestamp=1788265682&last_deeplink_update_version_code=0&cpu_support64=true&host_abi=arm64-v8a&is_guest_mode=0&app_type=normal&minor_status=0&appTheme=light&is_preinstall=0&need_personal_recommend=1&is_android_pad=0&is_android_fold=0&ts=1788276756&cdid=3c8e225d-27e2-4294-8873-9009960e7908
42	200	headers=9	body=1060	url=https://mssdk.bytedance.com/sdi/get_token?lc_id=1588093228&platform=android&device_platform=android&sdk_ver=v04.09.05-ml-android&sdk_ver_code=67699968&app_ver=35.1.0&version_code=350101&aid=1128&sdkid&subaid&iid=3313280560987770&did=4087336283154583&bd_did&client_type=inhouse&region_type=ml&mode=2&full_update_version_code=35109900
